u_1,u_2,u_3
-0.022230805061656325,-0.016211486606266264,-0.02369235791231503
0.01672641994305558,-0.0041793990513836424,-0.03319187984798135
-0.06262050642205311,0.02858256740390962,-0.04443709298066972
0.028052786304602326,-0.010414579669104576,-0.04706338417145891
-0.009183934933196709,-0.0028778842231302723,0.10586337353813567
0.001316244873869121,0.011601273045037082,0.07787475323901634
0.013505216694965436,-0.05283384044609003,0.24962695693454454
-0.0002433079574719593,-0.022558996079212325,0.09360199464197508
0.0016942398585807108,0.07985877697858737,0.0597225763829559
0.0393403225188369,0.041643032061260674,0.022701637303496516
-0.08160372780883593,0.004164852100598498,0.04400320941336986
-0.03164695446963098,0.022457327894238783,0.029169161747101418
-0.02185500268183616,0.053133917963837,-0.028601051232385127
-0.029753263745396014,0.04306505161054071,0.06566198812933913
-0.10864203993572914,-0.14463741950561307,-0.0986025980014334
0.11230126080802087,-0.12812705668009963,-0.07833981041724902
-0.08406179861957805,0.113137764715217,-0.07986609988007227
0.0894063905038734,0.10478560216814835,-0.059306942419670626
-0.06537524864406785,-0.08775762117243732,0.09108188591144854
0.08784333694815086,-0.0793084821021652,0.09146718361247444
-0.07189182948995894,0.09985494693043881,0.10046672904364691
0.09291447224768032,0.0929573189859142,0.09939972956781373
-0.1572137238571482,0.0009101686477524976,-0.012952452392509948
0.12407324659557516,0.0005388344630752541,-0.010931050268628416
-0.003704776417985275,-0.14667300515136586,-0.009811861033663804
-0.003376199607122265,0.1409042985064523,-0.008631321284570479
-0.015559373517510855,-0.0021947106891231933,-0.20894345315300142
-0.00670306104343075,3.570598536186187e-05,0.2597762011301951
-0.009928742813776053,0.005940505838948005,-0.003256261621386145
-0.21583772269757864,-0.23907242636429474,-0.1273606609226758
0.0383954751763146,0.013342358064934957,-0.007064367347279724
-0.009418269633588477,-0.006383385256165929,-0.0237939168839587
-0.005070602816200661,0.012374351311496801,-0.03180760794208094
0.33559443011388557,-0.18534751901392824,-0.1051724887462505
-0.026740438005500064,0.07273364713550189,0.030512975817238597
-0.04477575895278602,0.0069439675567552804,-0.0032569081571631937
-0.2057594702579067,0.35249268495366887,-0.11969675107528784
-0.0010665530574093436,0.013873406302183623,-0.010805831181072124
0.30442607154196116,0.3102114843748058,-0.09902420666574292
0.006136291511325539,0.012948442040620615,0.07284467521991123
-0.013703876879034141,0.023253800659770375,0.07044079302772753
-0.1008158406134834,-0.05308378135100264,0.47453729468496075
-0.02531489842222985,0.023006124605356625,0.0706271124146862
0.11360509677529419,0.019980072479459852,0.1581261669091007
-0.028407959164766353,0.05800219484460577,0.16669941226677737
-0.00939784772468572,0.0004989945343769328,0.061395581412352594
-0.03803538842795328,0.007786037740569846,0.10708791758054415
0.06442895933771667,0.015131143571567064,0.09764955943351611
0.03986316331287157,0.04840484620695813,0.2726802753996869
-0.04759392169405411,0.01964689502619598,-0.011952636605567422
0.05913594697410202,0.023512456973257847,-0.008112179489553038
0.024973336849025977,0.017626791527935542,0.0497189194971294
0.042730906704,0.01893060532014868,0.06435402601070493
0.08345242500161153,0.035824855700004606,-0.012281520840635376
-0.08648449634816684,-0.0023942724654749652,-0.0030863946605431715
-0.08789046965730582,0.019242648184670745,0.15429191657756292
-0.017070283550389767,0.006660741521486377,0.07430677133066645
-0.040708931184207424,-0.10008473685207811,-0.023681900417142753
-0.04058018850466926,-0.018304652814759556,0.07361978725583215
-0.05558284846820923,0.11938141265513903,-0.0201280035385828
-0.02378567056008519,0.015237805580729026,-0.027125132881345285
-0.04961076757886355,0.06208542730536309,-0.02602671472467498
0.0016979820118564995,0.027678457151281304,-0.05271084597039691
-0.0038272000433448574,0.007826169209287182,-0.12120317983202947
0.001796606964001419,-0.010697842550009877,0.17010158278426515
-0.012757187915897871,0.014699167690640213,0.17924436821106812
-0.6270817241962888,-0.20116307303694567,-0.20988944807175117
0.471448008253098,-0.16914713387285227,-0.16637236334924016
0.18705954128944552,-0.4344889904309735,-0.1577422385358817
0.07056684140210646,-0.06338667429248895,-0.1645677228475269
-0.6164375878429047,0.2026733632512625,-0.2094292478297209
-0.16653024145009512,0.46235944598196665,-0.1601581341931209
0.1719210121351544,0.43246719213781376,-0.158030400194233
-0.1944766561474272,-0.06511779902767546,0.06937222224373368
-0.13691946301129232,-0.1389655615837036,0.41247050186935313
0.12820306000055098,-0.11644631978167805,0.3528321039217227
0.08148855332581324,0.16463754613111672,0.0667985881226807
0.12343168598926745,0.10548410356668451,0.3355601767334455
-0.20036963878759978,0.06671301481336142,0.07214041167679115
0.4630986535700827,0.16854928490893517,-0.1645621708958133
0.45039995151409307,-0.11150367459432466,0.18762867715498183
0.40367257408293356,0.10927946844165012,0.1633507443614077
-0.17476519879918778,-0.47592724743192266,-0.1636645023218256
-0.20070414975605677,-0.3741160049004259,0.19066283766968017
0.07698867705687207,-0.15467852190735779,0.05656490067590526
-0.15009846037558788,0.3147145680336889,0.14097788043328532
-0.07709371566149929,-0.05542363690117108,-0.2512933407754226
-0.048766765754020135,0.0236148389291135,-0.2150556921632735
0.0631765626140465,0.05955767298214082,-0.15996384479055073
-0.1299538681436351,0.1310349663161081,0.3910893701043957
-0.2216641712497965,-0.09490532751247081,-0.19044630598963094
0.021086724426286806,0.04064152032706292,-0.030751529697138374
0.3473936508988399,-0.060080754697891925,-0.10108170691529675
0.040231459354386476,-0.00466455650842033,0.022674316101079787
-0.03510357336742178,-0.010144061206837718,-0.042951669774174035
0.11349963388179017,-0.04467722998771921,-0.02321828988753668
0.037072664827884294,-0.08341583502414104,-0.07253971579533403
-0.278008189163965,0.13713919967047938,-0.2268850443121814
-0.03678881554362075,-0.006645463000632019,0.11616340270012158
-0.09653277673979002,0.3474212723165531,-0.04217871561066889
0.036443316709095015,0.11933098741530027,-0.08630157118099457
0.020652531374834904,0.05303019447396528,0.12021941039446887
-0.058456468942176855,0.012122529416594701,0.4109037633482487
-0.040387736841695714,-0.04776978381165531,0.09011642002914823
0.04624645260673296,-0.055482146139560824,0.22135489329136485
0.031539183562263186,0.10062265954298674,0.04687342081118614
-0.043389970295973024,-0.05219789571380924,0.10723530419381108
0.06165827684587468,0.023031946950772104,0.29045964120207973
-0.08394538252564798,0.053557991592589414,0.1637788971498259
0.36733504270456735,0.1224175232177906,-0.11499160730809033
-0.003940972284217971,0.03490547670469621,0.07156396808138733
0.03843208858094979,-0.010344647870433751,0.028210587706470835
0.2954469221712548,0.05076939609127748,0.18651087546735698
0.2014432454090918,-0.08687324150110765,0.12091681844420045
-0.028600480287427316,-0.02865771248336845,0.08343726292615136
-0.04036267436895041,0.0078056450522531835,0.09977996199300916
-0.04703992077143961,-0.10570096069114897,0.04745451897570451
0.03051315321056729,-0.062487095426257265,0.04233412739038372
-0.06491944155426098,-0.2330562724452447,-0.07830050321050795
-0.0666505310506975,0.17221100132142453,0.05906727269383945
-0.11751724906200016,-0.08847694601962298,-0.08537977997551731
-0.017411978992862183,0.06466182446454019,-0.03238481463686356
-0.1330797101899157,0.1618130297541164,-0.05564758425773704
-0.039421910604886465,-0.014023829757881941,-0.05997237342602447
0.1734164170195148,0.09291424457142056,0.004155571733655494
-0.05459118014306854,0.06593810442746344,0.3868355079966461
0.10739257555644562,1.4388031784465239e-05,-0.09632088095982325
0.2148923710016457,-0.23677409793742504,-0.0016349695534246171
-0.003441224333329074,-0.12176087441919632,-0.10056166796599064
-0.08982715664738126,0.13345262820920117,-0.019643425065007908
-0.06760508823919326,0.0028458030221298965,0.11251929974889793
-0.01631263489769206,0.1453173149789844,0.16183381316565132
0.1157394708796793,-0.00031971613310418994,0.1545529304530883
0.20037460597870801,0.2230387997654707,-0.00700529459539249
-0.08927164651882336,-0.13489621851652067,-0.021668607490913896
-0.03276476561303576,-0.1440677158609661,0.16255475311788553
-0.1225467858940067,0.0002379661559684911,-0.11868913962066285
-0.0021688325357865075,0.11371505972909579,-0.0959625999793626
-0.03842914934325919,-0.06053599670246757,-0.021503231968321577
-0.015573953352209716,0.027049007944073333,0.16031955006582863
-0.029969088000089104,0.01071617745274308,0.13790740502861093
0.10187372923311934,-0.008230326760194898,-0.020004263787724658
0.07067809585378028,0.03056281043263254,0.12108246221127351
-0.02594345308059076,0.04603979683307047,0.10991053030653108
0.08006074214359131,0.06643029047409411,-0.014456670256250794
0.33025243874184457,0.03234843692721683,-0.06329172807145586
-0.026079924555666472,0.41812457294892846,-0.045534738672472014
-0.023302273672020483,0.1095734879165031,-0.007654634252712107
-0.2459298818541769,0.05608812662531626,-0.07409146251413488
-0.04442942600226496,-0.25551044618134,-0.05571987627202951
-0.01135615956556848,-0.014848826352905973,-0.015895795322716323
-0.006666755102964834,0.0424368527364532,0.01811783718746172
-0.14653993871904758,-0.10197885411341369,-0.13836353262683718
-0.2585219749025079,-0.3396966104619645,-0.03707826567695722
0.031102270399803608,0.002358445876726285,-0.02105421164284957
0.03817593990747746,0.028869198244760187,0.008280462731202816
0.00930113962094286,-0.006470890201393917,-0.03421506857838125
-0.04234597891688816,-0.0054827555574026385,0.003040151521604203
0.004786534485791884,0.0003686480830987753,-0.034799690411090344
-0.013934389479455307,0.032648885745009855,-0.02974017645610296
0.19338530321773492,-0.05158884571597631,-0.13296612075776143
0.34143577929623786,-0.3003611617894628,-0.03735719752684002
-0.04594997450822756,0.047844557917126135,-0.011785480830847897
-0.007952799998091002,0.09182954755784015,0.06250182639055805
-0.05605894386442662,-0.0005377604866940724,-0.024420031828847482
-0.039756336081575784,0.019680870003679143,0.012759857627951194
-0.13969305403434562,0.22626468786403897,-0.16278191464655276
-0.2679682384798663,0.4227695844185868,-0.04411608595642395
0.013484244879485933,-0.003093164287217481,-0.028488325327026134
-0.017211206148942896,0.023581055440343977,0.008904229888774342
0.12789859057482378,0.03945350334938597,-0.11003758161095153
0.3298199926442755,0.37984335055975404,-0.044506840724211724
0.002991711883411663,-0.002648234456657928,0.08878175302735274
0.003846379124527151,0.04472924306493099,0.06121072355789864
-0.007947063153701632,0.009435013865235231,0.08575715327247886
-0.022091244487999755,0.03617461236486048,0.06286489563369098
-0.07787297194215614,-0.03938601163356889,0.4417367676107096
-0.03397554037189998,-0.04538906061848574,0.1368419871703605
-0.015287790605161113,0.01584197138196801,0.07852397993044265
-0.02956919388699509,0.03453201185095463,0.06352346700889029
0.07435423300237348,-0.021810826454498843,0.1283707573516682
0.08016737825802778,-0.002144569854207365,0.10115675699177905
-0.030360469387827816,0.015045330548507969,0.249886742604269
-0.03714911734169224,0.08306779174942136,0.1164117958249832
-0.0032166913212534638,-0.017282453428149092,0.07589653952178414
-0.02026903988585721,0.01552968593736197,0.045789592157488256
-0.023654242167862043,-0.016694071690920527,0.11212084197138347
-0.03718886105669474,0.03440324571494329,0.08298947099136902
0.046953158649959324,-0.004001062580850874,0.10054449149023596
0.07551236918452855,0.04836674711767466,0.0951798782452337
0.01851835204086126,0.08867382113849132,0.1637259638895925
0.04126900437185729,-0.011164911815545022,0.30129669834581796
-0.006376148422303562,0.04631351382948204,0.01111439433125009
-0.10279649844710431,0.009303741028840004,-0.02047739142803021
0.05019293641855813,0.04171807745781106,0.010389338767909614
0.051213685035918194,0.001106690914635337,-0.03149136930031232
0.031778209128695396,0.02945767075283273,0.03574007440335356
0.01581317560817047,0.012180643683216252,0.06406235921388263
0.04418526528676562,0.040632442042945936,0.03971149093176067
0.024194687494208618,-0.00666586712140552,0.08451181681790823
0.08980408585792718,0.04958323598008855,0.004482129410236154
0.0776487779039867,0.014570130389605557,-0.023398080123841546
-0.1004465356358969,0.004382331658549714,0.022815590739835315
-0.05024203777350784,-0.01397936662474031,-0.01933163008380325
-0.10545146931890143,0.017976312655548488,0.09981589832556355
-0.041054426230066735,0.0034599139671262226,0.14930838825646534
-0.04715083957490327,0.003664585646638874,0.061032579653309466
-0.0011068152660392535,0.009330410991269614,0.07983190880062978
-0.03276140728433278,-0.02330732385052985,-0.00041650443671455487
-0.06534040814754202,-0.1124469419251245,-0.06089178159565022
-0.04026691114110573,0.008618040239461115,0.04873427894549264
-0.027676493326986247,-0.04856432035274499,0.1357524737881968
-0.035181512634186514,0.08688871135891423,0.005536292812007371
-0.040735386707043984,0.1015965367869183,-0.03937778673935294
-0.025343836678143897,0.036337239137729405,-0.027036785028441167
-0.021175704600807255,-0.002491206752972177,-0.02813744020842233
-0.03517178447741085,0.06434513528879407,-0.023090060249757908
-0.05751327631981969,0.04835916614821038,-0.04288137221891064
-0.011450221132598533,0.0529375843709421,-0.035429207045729286
0.013537217531275908,-0.004445782621762784,-0.06432609180024651
-0.008087631388724804,0.06615804795853707,-0.059909567153243644
-0.029424992929897715,0.00630573454610477,-0.24837067101157545
-0.022417693883533988,0.029942417465468038,0.09681587573097175
0.018989530720868925,-0.042165748771363205,0.23507036201916404
-0.026735265982880306,0.03844704353599917,0.12709096374298715
0.00020122766756484252,0.006951493882022908,0.23017607174575877
-0.37863574345033646,-0.22506719616065085,-0.14123684473010062
-0.4304289679275151,-0.07091428743680404,-0.09106864727933557
0.47497685847413545,-0.2725880048276316,-0.1968317634134511
0.49900561308393915,-0.0993228919351274,-0.11626208489353683
0.24542813938109684,-0.3932879146793352,-0.19795607576385219
0.05938455303990006,-0.27672988272003257,-0.0985845181188678
0.08030748502548206,-0.07796307712336294,-0.12039839948066892
0.03573174880348073,-0.05712642628256808,-0.25568731252406923
-0.4013978543749711,0.24170775450048518,-0.1285444067589367
-0.4287124379581294,0.07951660111474666,-0.0957877113430803
-0.27042646829652817,0.4844407380650576,-0.24595560167412994
-0.11609737963028152,0.5013409089918968,-0.14279961440635586
0.24977442100164776,0.41004436602181726,-0.22029341071580089
0.0555045000596694,0.2514667583250108,-0.10368922699371032
-0.12949738072205327,-0.083294060103722,0.08745663490989034
-0.18093086667690556,-0.03762823919918286,0.023762516220046086
-0.19393524220197828,-0.2433031315675162,0.38643596172456457
-0.05999046576563373,-0.055430975363279456,0.38183068265038533
0.12472365254160346,-0.07314369903285951,0.20635286921350066
0.06459181086214646,-0.05383578906319098,0.33982516726956774
0.11991165501811359,0.17200576862613678,0.0989060907088869
0.027604412730050057,0.15486280862490445,0.02315556341215072
0.1055068456002148,0.07787864252321124,0.18625493112519811
0.05981980892138063,0.053492000815620694,0.3181983382091555
-0.18102102892014862,0.039256636367790275,0.025369851510139933
-0.12830410713368934,0.08307141919203347,0.08796256052593812
0.5005137345904539,0.10407893468569633,-0.11742453576692378
0.484472204495371,0.27597497431921475,-0.20833507420014685
0.20056609379985102,-0.049828449038712676,0.03149227645647485
0.13208884751927866,-0.06828690819620711,0.09473814977144498
0.20503697855265585,0.051661440420045494,0.033703126839646616
0.1460325123324362,0.08266936027953346,0.10304088881618174
-0.12065105994084739,-0.4851031087840231,-0.14120756693095682
-0.27265636853611463,-0.4927147536021755,-0.23835961454746937
-0.043858829177573215,-0.17449506391676972,0.02845336798470063
-0.12440988334805073,-0.25304180542238336,0.16897970816170862
0.027593227564006315,-0.1579589590020628,0.021709901378603104
0.12563688869939527,-0.17079512507313604,0.0864880044648242
-0.04641807394277648,0.185730710314568,0.03314079833649957
-0.12138287097701148,0.23070680278136732,0.14349183112671654
-0.07815983486972548,-0.10379274112175803,-0.357619728641197
-0.07968557617124374,-0.08776416786805025,-0.13872794190662183
-0.07422539825874175,0.11885500644167854,-0.3314766657543295
-0.0782519162555229,0.08526110393093184,-0.13059109527653565
0.03419501286607592,0.053858698990901725,-0.24479928976650234
0.07967129215288074,0.0780729631013513,-0.1187044013949415
-0.058745758806735625,0.056862539981343836,0.3653706971318645
-0.14586915812455198,0.16781205916366515,0.3036800327359138
-0.2707561042893512,-0.16381131261648638,-0.17653324209798868
-0.04255375172656491,-0.020179825101675108,-0.0498009474196106
-0.02903348236546247,-0.04233903821346409,-0.0678996113402688
-0.503786295350136,-0.1452933490254414,-0.20956480643800032
0.009254196102984313,0.029775294367856732,-0.03134035711696452
0.03793190103247221,0.03904088769899329,-0.027183848876438606
0.02979341008336124,0.02783785519883241,-0.02137965474503926
0.011434500591654934,0.04329461421559319,-0.039148485617760735
0.3699606347579759,-0.12498864066095944,-0.11196939205092768
0.10507570587899019,-0.03343566951564165,-0.0540805033473536
0.0948840103253363,-0.0433708789567991,-0.055486137174773124
0.43563043922134315,-0.1295339434916728,-0.1325696219031155
0.0431923424882489,-0.00222818976944699,0.005086532289070993
0.01956955989166343,0.00016905671338139514,0.046837554634370504
0.02375897379642471,-0.005692246182830779,0.0006136750350595241
0.03674337397197622,0.0026033899465512916,0.039127353441281494
-0.030861331491035784,-0.006546265141419274,-0.046697277524720686
-0.02884353281662155,-0.007080839609629,-0.030651771839692938
-0.01785110628908221,-0.007372973663139847,-0.03486023521225032
-0.06016697757633821,-0.005560683309210215,-0.042457769345805085
0.2798082689177529,-0.11725319229722957,-0.055936038336621245
0.02159449570764244,-0.005502715180563327,-0.11596443866619742
0.102120187397867,-0.03515413183033859,-0.07025563687561985
0.02318313549259922,-0.009268095805550236,-0.03820967584772431
0.021084244126584363,-0.006472125795623236,-0.06331934204034949
0.15618188717731712,-0.2901862897265844,-0.07933088961005025
0.15242462751144287,-0.13347104537224763,-0.09478077579247053
-0.0024637646693340142,-0.09198565209535102,-0.05921752029529346
-0.2522442268337294,0.25610679756120813,-0.18659357001817958
-0.07116813666235403,0.05660361470527926,-0.08316992708149162
-0.10768184843885059,0.09625520638298973,-0.12495366155590812
-0.49679505379832395,0.16823828002752858,-0.22088011539030655
-0.03185578787694439,0.02715506215171069,0.09369722857523408
-0.037804941245090214,-0.01709409781240513,0.0878115542100868
-0.04646083638774587,-0.0006199545304917487,0.031479397354746204
0.0016958192328259002,0.005360014803696504,0.23011542167125715
-0.0432255951872238,0.097763906668583,-0.04516988794973441
-0.1506186492659204,0.4389539398118589,-0.09786492523192113
-0.1471930787771472,0.4389987719510484,-0.09449734363149073
-0.07869937093872248,0.1797098382345775,-0.07020004132347434
0.014765275043752036,0.061047472650547246,-0.04424289072807335
0.17248546013740065,0.3329227829413111,-0.10134528823095898
0.08633676373938545,0.1606300323421971,-0.06719625331136095
-0.00614060193213402,0.1080734094560548,-0.0694584699550744
0.0024492541969893217,0.03816553338246743,0.0815638395646896
0.045002379645643756,0.058467498525130016,0.21893123278319446
0.015269390649060218,0.04178165866161529,0.09119775652899274
0.023599359664761035,0.027875038973446203,0.16319487845048386
-0.10579239643249946,-0.06194082403645164,0.5171488101405829
-0.021799225443099274,0.015010404352387744,0.2522767362782454
-0.03340454861902126,-0.015210496817827128,0.18359255845303846
-0.09970426248206411,-0.07605205929011025,0.4208451295707142
-0.007461504265078295,-0.04000772092269562,0.07818609045648599
-0.12773171331294403,-0.04047868995013701,0.07819336344231981
-0.08207154260194152,-0.051871283547627656,0.3816623533597074
-0.045938629472725874,-0.01404874154200698,0.02276850055127875
0.003351690664527959,-0.028582917599337773,0.12551562271064182
0.1129598168164477,-0.052065039479214495,0.34043604305623376
0.11190720734858449,-0.017866800130117585,0.2788089462555091
0.0016402005258274368,-0.027011755294714203,0.14429447855976774
0.049685042547399944,0.06961096401016663,0.06834167835291292
-0.007283957183855053,0.10976031370870887,0.021938625390504226
0.01078818785838559,0.05425852102665595,0.05020157970798729
0.07179591442429807,0.13663270400563166,0.05851366990706148
-0.028135346915172058,-0.022433969206195843,0.08229807062742292
-0.03668627475071945,-0.05447699902673013,0.1589460392647302
-0.04775896677010576,-0.039521084231058864,0.12326720045616878
-0.04026382045012549,-0.037155564213774195,0.09018011759937444
0.006099040137855631,0.018433810846842296,0.21009016431458571
0.10264163201095379,0.06294934442354902,0.3218335188315613
0.066035733282827,-0.013050660668358301,0.1757693290223622
0.021316447127183294,0.03294182249336941,0.2546285943236892
-0.05231430281560223,0.04754571031932109,0.03318117405523541
-0.05098286482011643,0.04075034988565667,0.20433352771759092
-0.029506744313675202,0.06711525108251086,0.2560099669492592
-0.14071950401685662,0.05070961527456341,0.08486011937246257
0.25448385527962913,0.0743712698656908,-0.08065744449086298
0.3566879136930763,0.22219339890460615,-0.12698667501841382
0.21840486761546252,0.052152548618669005,-0.09190257682852539
0.42762882332901336,0.16361967973930922,-0.13596921737792425
0.014691561856723705,0.03130580794046109,0.06973013538321127
-0.016284141094097537,0.031106439402912654,0.07085004924763035
0.01006967840567154,0.028835886704991907,0.06256022792765731
-0.018799384123635018,0.03088216964354226,0.08435298941402875
0.06095202612507722,-0.009154548207035845,0.011439404254597496
0.014889069817214592,-2.1393150006902882e-05,0.04503998468031885
0.05270233312365934,-0.011859958517277792,0.05340008668192314
0.020554484972956047,0.005491124849319019,0.007263478824153001
0.20933978748154625,0.09072867529288266,0.06129978384088854
0.14199725901801297,-0.0014751376047995287,0.1340444847231037
0.18609997038999487,0.040595776671668096,0.11512776725309803
0.3505740308491262,0.07132470100468834,0.19362354068605253
0.08717187390866964,-0.03745367917642459,0.0490077252258981
0.3673812866760361,-0.08925634640190488,0.2128601331578727
0.09110387060430156,-0.0416200372391325,0.022220713312419812
0.2542529494753816,-0.032659369627066066,0.24670797518975005
-0.06574056092614755,0.0018717192327855662,0.14982606196747172
-0.010282709508291934,-0.03155866281531509,0.024415064791745142
-0.06982025003855521,-0.010942943939229986,0.05278486161879089
-0.004325147206820699,-0.025847779010501223,0.07150508779875578
-0.03856578413459754,0.012208457350871825,0.09933261414651413
-0.026957884466942774,0.007921779896334587,0.0809726428527088
-0.06023199528198882,0.011878802339941487,0.1285928496364805
-0.03075649723610111,0.011955367517505623,0.08065322404080451
-0.06065599201065533,-0.11721394772077164,0.013668128766502098
-0.03328203981189294,-0.05077168599818116,0.11565833249872955
-0.07496029504734945,0.011421485014383118,0.11104052870926731
-0.11740834833639147,-0.255163759945749,0.1136320625317736
-0.004695131288059135,-0.08228525007124321,0.009779368533249445
0.0578259671546594,-0.023854748046289308,0.07445466790133975
0.013708945838484966,-0.01056659769786044,0.05443717025295632
0.06131486902569079,-0.11927162070685061,0.03771729802165736
-0.08204858604778405,-0.04309111365824275,-0.09819548235263287
-0.15246534349733545,-0.44440365752190036,-0.08088302673153247
-0.05219488355436212,-0.11918803538293192,-0.05602421633101689
-0.1653917046431438,-0.35123184963942317,-0.15492711968095402
-0.04382982606048087,0.07655647320283643,0.05292858519320957
-0.1348839283887109,0.2585803479153484,0.1321093248114622
-0.0900526753397468,0.16333341233666,0.030821072855635546
-0.0326304752976261,0.11843354100886827,0.08463595495729447
-0.02488470670053224,-0.004143711698941721,-0.11168592145154599
-0.17756682269808163,-0.16486388675383767,-0.08393459489936765
-0.0941009896274398,-0.029686011947705506,-0.09060094925244169
-0.02246382461039959,-0.01408067273479149,-0.09833570118121684
-0.020090397392930556,0.039792253716831316,-0.029055130423004533
-0.022150343893839554,0.07915874127737849,-0.025761902851351902
-0.03727636571430368,0.07035047028545176,-0.022887775871028714
-0.010290812773833593,0.03957432683383753,-0.025538365314599625
-0.03917067572786686,0.04144291779037108,-0.08633956048744328
-0.17593567138504795,0.2668669772340162,-0.060545026294203955
-0.09924327991691337,0.15681400810654036,-0.08478331563137911
-0.026152087769829104,0.019831355499236147,-0.07079577691619378
-0.05842081052654429,0.0232222543151155,-0.06113092263510383
-0.017402379257620816,0.0015959298692381607,-0.035082357251489026
-0.02408769745072654,-0.0055186059999995304,-0.0714430479241186
-0.04241145865031597,-0.002567400321036673,-0.034029953750534435
0.14036308779624546,0.1189799512010876,-0.08717184475125296
0.029457442119626896,0.019475188820636574,-0.0439762150921096
0.03073080587224714,0.026778115528128622,-0.07492621302426643
0.27965608706465966,0.20952194061590523,-0.02932819436602855
-0.018974248144422647,0.020097344260229737,0.3387447504441692
-0.09434888560966712,0.10509625266505766,0.3926180332738321
-0.022028079422371137,0.016193395112621807,0.32135987422541507
-0.07165497362564888,0.08855746775373083,0.3851428381110345
0.09423926053868278,-0.03423857585142818,-0.13760604549369407
0.5764469454520221,0.1680967615383384,-0.25200421375180015
0.5400324158863437,-0.15015315585861636,-0.2396038020616896
0.09467146069995133,0.03135152802130286,-0.13632215734168293
0.3532471755190632,-0.2599836341301873,-0.10417113324549197
0.22044022653476064,-0.23746975867135311,0.04733813967183721
0.25233402802187627,-0.36096178502831217,-0.07258089281027387
0.11971834691556066,-0.09123674867189639,0.020171826172594182
0.06404912764025028,-0.2766980553048796,-0.1389353207837261
-0.031098229117533557,-0.0920293474654885,-0.1426671204270557
0.02960295285160159,-0.09595057344354578,-0.14413861456869342
-0.11166420341694912,-0.46735886737870097,-0.23806263084263402
-0.13256768160225194,0.10291613354035961,-0.05090920848031639
-0.1768115579529514,0.2746077199051954,0.05479451158332397
-0.27076492376128586,0.42894663901902796,-0.08530734959553085
-0.13916646394180718,0.09588643509015898,0.02584394042697608
-0.23732204242946997,-0.057383855838517475,0.3971020323030371
-0.1375088957243885,0.03718108760899436,0.10658035299444049
-0.1364945620281494,-0.03419590080307163,0.10494603198086276
-0.22598226989894266,0.05542634468572455,0.3772310647316224
0.030316716147448027,0.15689833269120806,0.12345280448023764
-0.04929213440427486,0.15909010522724,0.237228869828462
0.022397640056868395,0.08055007025734007,0.14930417043216934
-0.07042369183414496,0.22213433552657363,0.18497608724881517
0.22947626730252219,0.06937427670291595,0.1928955065383235
0.1863698459785445,-0.03696232664886587,0.3001207014393429
0.2280884904353705,-0.07020523610212508,0.19559122070304077
0.1835450987724987,0.037798983537002624,0.29483894482176176
0.36638812906840845,0.2667181550782783,-0.10642520917074802
0.1898483119629015,0.21575042750517937,0.03679829497657349
0.12241152405331837,0.09406748248233218,0.022012674741525243
0.245155883587554,0.3598112971805299,-0.06974019420739727
-0.19530152410718216,-0.3047582524180079,0.06940747244804113
-0.1461107155023512,-0.1123390752993656,-0.05408743821472955
-0.2745848851413719,-0.43296550756238444,-0.08663864597339643
-0.14278542537660252,-0.09736671647174681,0.025996786586443915
0.02437365097485938,-0.14252808221269161,0.10725227417099178
-0.04935196095377132,-0.22839801612270277,0.2877776424417182
-0.10037833959766558,-0.24142605804999245,0.24364564146615775
0.011905647506141141,-0.056771792008549087,0.13601796922714388
-0.08445511133719259,-0.035170455809417925,-0.1524764689007591
-0.2741747092613521,0.05933437190247616,-0.11877974879990733
-0.08606140931242272,0.03306059943140387,-0.14995356552013123
-0.27425869815746917,-0.05546261821488876,-0.12584219226116772
-0.03012997242400767,0.09284510470655785,-0.1407013466207033
0.08184719782718644,0.3360081752698629,-0.14065902763106009
0.030356042998509133,0.09727000713699183,-0.1445369482369675
-0.13251942251063314,0.5450594103282377,-0.26727625547348904
-0.011030417648366216,-0.12490103790279325,-0.0030537448011155924
-0.025159887672545136,-0.11453958120436378,-0.1586175348509379
-0.09311414049439681,-0.3691738873449036,-0.10513563953854002
0.07134888141170496,-0.1055141230443834,-0.019657642332134226
-0.09644860744731133,-0.15497772659943182,-0.052596196481005636
0.022883662522504428,-0.19607806688643342,-0.07708501855094407
-0.08802990322141135,0.0159174737227256,-0.0038078074732988357
-0.15326351817205758,0.06628003904502751,-0.10559958572700087
-0.27246555528401073,-0.04181079455423691,-0.14166495569433965
-0.18907806073718228,0.12620151382618597,-0.06282948589119765
-0.3102736893779269,0.13036508353797746,-0.15193894529554075
-0.17314902103622587,-0.03951984337726116,-0.05174464193737456
-0.03480072570052639,0.13025110443573754,-0.021439073224280184
-0.025145277011193377,0.06303815773996661,0.021229209418761556
-0.04336359479381388,0.055145384471544344,0.03612392942547489
-0.04380635835686341,0.2022757041218749,-0.04538176785900929
-0.038225501774381214,0.1817449957377804,0.027992841136199695
-0.054724173626155996,0.06350318740893394,-0.0778758136330371
-0.01180179883984673,0.12342254417408609,0.013270410968672831
-0.044065596176575995,0.1676840575561352,-0.12383723951847637
-0.05713657821556983,0.44689807470554704,-0.06989228396041658
0.047807335033314816,0.17491900904296112,0.03905449667315413
0.04527622655996376,0.2968529619053241,-0.06927936473035529
-0.11008782535087888,0.277083694845786,0.004338975973828364
0.1827874841007637,0.02130198971054625,-0.00664591204104435
0.1484488764375052,0.0450142519375092,-0.07383789981926832
0.2960627195996939,0.0915388732993351,-0.0411410106902888
0.3476547486010317,-0.013798579773872851,-0.08298770732029158
0.3693691056859515,0.08362116162396689,-0.09667203617290346
0.19165860885455432,-0.023615188441406004,-0.005130564264132348
0.09383289000659117,0.138397189592165,-0.029966913675271573
0.06700826976669912,0.02015613952806343,0.0033108544503599744
0.06846933151802602,0.09980665009255807,-0.0548180581311281
0.12418261336423136,0.014533611875698422,0.028107072829816563
0.07169710036338796,0.09826520257143057,0.01769572056127079
0.14560308009692863,0.04527523484871133,-0.07340728569129212
-0.026309577923003855,0.09615451625487308,0.1256046117208505
-0.0292175324005548,-0.0022221614646660767,0.10592692375113222
-0.0475594653646575,0.1036607228098691,0.08521007557377781
-0.0024651902408385543,-0.004095555891110961,0.15230112130052992
-0.04256094599363769,0.04024372338998553,0.23155178964289122
-0.0034071006295925362,0.08359410219936944,0.08200974632023973
0.08094176246534274,0.013018856186264941,0.14247307468279016
0.048838605186129695,0.03694139842156808,0.10412950873128696
0.08467899264766017,0.05329125865478091,0.21613811952955178
0.08098806107713537,-0.035593009487270025,0.0889662913016124
0.054742728953712794,-0.03278582077298548,0.13394431508371454
0.1452384412514773,0.07308696131100913,0.17107471114092376
0.08693232638766953,-0.1054229940358132,-0.03433374068611133
0.1495710949651706,-0.009731708608497753,-0.002791852701011575
0.30471291149928637,-0.025928386938576336,0.07500556059832497
0.07015032764408351,-0.05323918387917583,-0.054888204995523195
0.07233412845551604,-0.05025606882139771,0.011097895113176107
0.31631166364452656,-0.06928563392923213,-0.10703505281273978
-0.03333607486654754,-0.06115458162151146,0.12281597696200498
-0.061300626985284955,0.005710130494262824,0.23990668218935846
0.00852489554220164,-0.006413806137294641,0.3198993347936569
-0.04434985844058865,-0.0474878313790446,0.09028069797637708
-0.03868493321926062,-0.0827105225807928,0.46654783961122437
-0.0033251626945805593,-0.041033184930600396,0.08805250652867043
-0.028090430755935078,0.014811792325531422,0.1369938159304069
-0.008800396934114196,0.0453898568108164,0.17017097088509867
-0.09207173458514084,0.014785227308230474,0.3965083083696769
-0.019234985651867396,-0.02085135289027119,0.1031586087784571
-0.03538782044923346,0.061077219260248054,0.18712716402046933
-0.05850597018895311,0.008265109685792952,0.26827103909981886
-0.037108151593350555,-0.11118398225464621,-0.024513693043232466
-0.09164120159954023,-0.04988669249577658,0.06116380949394336
-0.07920025508917504,-0.04686500190330362,0.07996416837275148
-0.03751210140601455,-0.13864661793725486,-0.06268925150077272
-0.1481034585523313,-0.07762575680684645,-0.17895145185797673
-0.03125431008469643,-0.10571120817221398,0.02260059463478429
-0.13112067050963952,-0.06791352699630869,-0.1366706730465511
-0.3999149699550056,-0.23714702525596626,-0.13569304887238615
-0.010434085062178394,0.0028187479948408355,-0.021135012768477474
-0.11094418722430131,-0.04399316922594224,-0.07349645332937614
0.019815398899678354,0.01340168339040057,-0.02957480108163521
-0.0017211988717310525,0.04675173949048702,-0.032228102313939674
0.03850192893433045,0.03953563738067757,-0.008342809192747014
0.030497895099416993,0.020783237555848356,-0.04770828917770147
0.14170938510838252,-0.05675745510639874,-0.0960868304760754
0.4211117788366081,-0.22050738451797303,-0.12154710196552075
0.08070919336432446,-0.0009351229708022009,-0.023628043254861206
0.30591417326230214,-0.06895838999332488,-0.11014414793779063
0.0328081433796886,-0.005785395365294115,-0.014792613506350633
0.03890301414637012,0.011435694344432548,0.022451381502768437
-0.005064736703525833,-0.004613985467154329,0.027211741642761
0.024165376922451874,0.004327078730505308,0.05889175154140224
-0.008501742940043971,-0.008479280328672619,-0.04219569970882659
-0.06458438067712362,-0.003131306141503546,-0.028217460758811937
-0.02218458102196268,0.007963561525153142,-0.02888713686211439
-0.03749570707704924,-0.010706746720016242,-0.034261238546704605
0.17755301457537317,-0.05188025319017713,-0.10554324998333889
0.12250385447478644,-0.051026902490298454,-0.00671454245111308
0.03220529784083506,0.011938319157877443,-0.04463324399062639
0.0031899253405265103,-0.02389728110317158,-0.24951240033673314
0.09956721323850247,-0.013107477592036513,-0.1287834973134708
-0.009009685435387743,-0.021661201941860924,-0.030443656093839713
0.21598295363252218,-0.37211048065007457,-0.06192591508704135
0.036611307636736395,-0.15708409504782436,-0.13059625246787776
-0.1353686010803958,0.15006918038658001,-0.15893529688997235
-0.381547035887121,0.29376378605025566,-0.13137691968656792
-0.029004251108202185,0.08005544925250874,-0.038599502023967884
-0.16964434963999134,0.06125886797161015,-0.1000498874941954
-0.05306009189237179,0.00764260176667651,0.016889369902808617
-0.0012179847411685442,0.06092983500343676,0.16669391942515938
-0.04375476892986569,0.006936344254389923,0.03815970498901634
-0.009402184198829938,-0.03638591819130992,0.2065329992374807
-0.06524275181476424,0.15066204964572405,-0.09858273696560638
-0.04628086843073642,0.09532433594245768,-0.020567758342154487
-0.21557784128290705,0.4641729835199748,-0.12520349044737603
-0.12068253731855833,0.33994394215785106,-0.11936704997554652
0.038065155810501475,0.033878657526239586,-0.05872919728998856
-0.010209461238350407,0.075282523234854,-0.02223012289585605
0.21478138505274816,0.3948104111920406,-0.09035700250113009
0.04266658931120634,0.1457887172178926,-0.12891966282782558
0.007425290576280782,0.020482051819029425,0.08676063959901367
-0.007445520944609854,0.04260146496216889,0.08256488807433296
0.019205041832474536,0.07164890361744496,0.11297678269091495
0.0530389704895473,0.002995931280062232,0.27289301888501366
-0.04818880057231715,-0.015888585205050248,0.34264887213087153
-0.15586972242695957,-0.1809550173168908,0.49638107371544016
-0.030817395085365698,0.00528462039699013,0.1259706570331163
-0.037309041231120596,-0.008925921970238723,0.3496600339841241
-0.037718977810153015,-0.06587360338266966,0.25619372719995226
-0.007018171116758392,0.004483310112520342,0.03565173588808739
-0.0783813179971116,-0.04000939139986354,0.13538243182825055
-0.10880929353541306,-0.022409033699608213,0.017899991289327857
0.033262993330743576,-0.0339690440338492,0.1415396642088258
-0.01604443564018791,0.004063746918410935,0.11228210820799073
0.14780282286450236,-0.0036029384207876833,0.2839151088306775
0.04994533611350831,-0.019062073549551677,0.25985583207241275
0.027273001312419682,0.025928490058544508,0.06927437530482944
0.07739871035164118,0.12033252880484575,0.07072724264152215
-0.011778491532029655,0.07339408459353454,0.029360470573741432
0.014291340521080926,0.11807315485688691,0.022461181872326097
-0.02700873241817407,-0.03456154302098975,0.09892425017024015
-0.03385317070487587,-0.0038183262566099598,0.06626491879523864
-0.044165832123492024,-0.009345706567600828,0.1282080754741776
-0.028390941679777213,-0.06383662931457762,0.1553692259097225
0.03154359080585301,-0.01177396573905719,0.16199404984428295
-0.015581896246971443,0.04698339370835912,0.17167994586164909
0.08405124101060503,0.013335901728223952,0.17935503101127165
0.05098223303128765,0.03412648131559387,0.2949220812913433
-0.012922168234318862,0.08228943804853714,0.08769474014310548
-0.11595788988710547,0.03605342088259813,0.02094100033188965
-0.03105932874493403,0.02998152020509853,0.32202896171490925
-0.07372750695579834,0.05705796380633052,0.1019543764039112
0.14044010958863942,0.07340801312762121,-0.033256534233573026
0.39141139931645835,0.1005556378773748,-0.120595572377811
0.20410594766992357,0.044007082539821295,-0.11903974219090763
0.4014006109361142,0.26329918983920736,-0.1224352155625257
0.02411338872788063,0.037557522848748595,0.05063962559257942
-0.001042659628304635,0.010384592186799256,0.09497673624691398
-0.00207804321167181,0.021162092473753537,0.07153188348164473
-0.027361984567815367,0.03939725223723666,0.07055863229363689
0.06769834226794874,0.016992379242891632,0.033821836579054715
0.03754201848500665,-0.00946221560853828,-0.011781668884334216
0.023367214132261803,-0.01677329085032988,0.0648264661299743
0.0004690761293067166,0.016870349169484926,0.02697695732782505
0.14435524672126832,0.07740007721254298,0.04619642949278376
0.2191887042061007,0.09259090475054425,0.05096551019324747
0.10957105149032229,-0.001865604183738592,0.11436490435373264
0.13890961043664107,0.032687483870129146,0.12513238627545664
0.08061192638757582,0.00021630947316935822,0.025371568622342872
0.09417011334286667,-0.04298065154691349,0.08538894359301516
0.12064095610063165,-0.06341134784214934,0.026833399848944145
0.23694819649027185,-0.014030740422698171,0.23372744554466407
-0.10738608904989669,0.011611943825670391,0.0947459143835805
-0.01756418780099169,-0.016578001173004224,0.12412403214853035
-0.02757424305369664,-0.02869264151945866,0.0067349353954317724
-0.004619924569687589,-0.0018850201876023328,0.038593694335994036
-0.07054835989341555,0.014811583465467999,0.10227545423737006
-0.021729163424570534,0.011866076062898507,0.09045530484794521
-0.029301526167433308,0.0023853530592026074,0.11050856063723812
-0.028578416779164863,0.02007999168195345,0.06671441466328493
-0.04978477034643199,-0.00834795055661371,0.031088360287594
-0.16007422575605584,-0.18539019335766685,0.050929455449603304
-0.10720240109140353,-0.010239208680314216,0.3703003618488313
-0.02666470381885415,-0.15506229784897752,0.07530268302573907
-0.012346627343774218,-0.021060104591409633,0.025681836812926816
0.0051048582585929685,-0.11252895258375373,0.0040540790780714585
0.04789793420480973,-0.0011515066928613463,0.09516933085829685
0.07308077053662447,-0.08782398264492632,0.0642440744722805
-0.04501668839142291,-0.016223192154407123,-0.027661917060936327
-0.1354323671124874,-0.12488906801675469,-0.1596342163392347
-0.11610899473432962,-0.3148340846980541,-0.08603461091518604
-0.21594533918239225,-0.464988092797378,-0.11128193075708336
-0.048623827983969255,0.09245906611036696,0.02994554153109766
-0.03115407585862894,0.0387319248622743,0.09187404770689392
-0.12132784366283532,0.1799133107816459,0.05062038640379757
-0.05184256428473437,0.18655926533747696,0.1026107566327348
-0.05380944495998406,0.01578522183872563,-0.06888807632862125
-0.03881013774267579,-0.0333231417569224,-0.288022946297037
-0.12862163814984684,-0.07242285046673859,-0.11428193833650675
-0.16149619979954297,-0.1475802588213165,-0.02513688940828673
-0.03120776081259752,0.059239481723692484,-0.023217507409314716
-0.012463937183649394,0.01226515557634407,-0.02948929513138103
-0.04018316034337406,0.06488292255565542,-0.03221329657657003
-0.011032707663955999,0.07309654822909745,-0.0044544272119798395
-0.054640204448048936,0.1050925762241857,-0.07283795835880327
-0.04685023802475449,0.028438802196937348,-0.2992737830643169
-0.13158176829389154,0.20766133696531616,-0.11578925849194234
-0.12649640243955862,0.1793908255859873,0.030621607963121838
-0.032699653003120645,0.04219269101752802,-0.04476100303950208
-0.06366401166009324,0.005340621374913108,-0.06142283016482833
-0.004087714162292793,-0.014767477771578821,-0.0554563476202547
-0.02993323742921951,0.016442175955912998,-0.012948166908008594
0.06393025277883733,0.09911542869663068,-0.06705128040819473
0.20550128835128365,0.1234740258414488,-0.1296536484111024
0.007735793519583887,0.018355935016198983,-0.25078010360734815
0.06781970472746798,0.041482275927679925,-0.0018124715004075914
-0.022478263181869258,0.021988983063968293,0.24204176950107734
-0.03151857576117151,0.02456307898961198,0.3602625991760713
-0.04009214855897201,0.03925846377389161,0.34607636448222784
-0.10529076198316249,0.14101665296089144,0.356873913921441
0.21028744520730164,-0.08559681816507962,-0.1733755358861503
0.07744386257243639,-0.003858683777961316,-0.16971840862143583
0.4897573053501001,0.001596081872855433,-0.16856558022032572
0.1932667919710667,0.07707345046286798,-0.15841605908941303
0.3324174381025161,-0.3443941858910314,-0.14448063714272472
0.41680949461945893,-0.11767618243436279,-0.05771048573897696
0.0840868106043425,-0.14312205718653515,-0.02193704974010192
0.120154851080957,-0.16882649046287812,0.04915643199222951
0.053639422497320684,-0.1105448397267892,-0.08614833063534527
-0.01568560758902905,-0.49789164294955485,-0.18262583361500087
-0.012527386477721579,-0.05992900900428022,-0.18441650316583824
-0.05974452956029414,-0.1419082071360068,-0.10365436413677241
-0.3881322255944195,0.4299544094201637,-0.1722168992448976
-0.17807509699230667,0.05158220068349728,-0.022687536480051194
-0.18451598639914743,0.3783554477391542,-0.04923109010185478
-0.09005244707594123,0.1303876864541242,0.05098399505866792
-0.2588481239001006,-0.10261382451640301,0.367983677163231
-0.13285427211290143,0.0025748157553153713,0.3576471012404574
-0.17178578665945235,0.0009630621847673759,0.06855064522588872
-0.22132643688491682,0.08940595534760426,0.3061548906146687
0.058774641049906075,0.11993861920007927,0.12772508679549135
-0.010243368432565373,0.1732707958228252,0.07796347003902043
-0.0020545990555755106,0.1254151988739573,0.36110267255810713
-0.07199763710134593,0.17043290074789436,0.1764410303970824
0.12824421224661284,0.0004034842325942299,0.05343681805451282
0.27961428509262665,0.11729664911160538,0.3220166535981726
0.3050088417986189,-0.1356794150339808,0.34597961868998983
0.09145071066196381,-0.0016786601691621674,0.20870933230342775
0.3945503191575115,0.11053018283270608,-0.05932169890560579
0.32881435349127003,0.3393254093700037,-0.1447568383558151
0.13258898432684468,0.168576518716309,0.05778720484370879
0.07526190066288525,0.12690384448247966,-0.01997370624117592
-0.20048694915629803,-0.40272779933452835,-0.04882917696460597
-0.08217976633259975,-0.12284604658435395,0.04353082575918867
-0.3758460743534276,-0.42797959329494195,-0.1599810397474639
-0.1852401541034112,-0.05395628732078372,-0.02232580884734469
-0.009501118068910935,-0.1513845511335386,0.06404020237463975
0.05557707060818345,-0.11236118957804218,0.12098483060546553
-0.06970184936619407,-0.17209968685490115,0.17587853800829875
0.003524557267844666,-0.14326307331888644,0.3882580157129962
-0.05342215414503835,-0.004847538801779296,-0.16157552395715738
-0.14499992027806075,-0.06825215790573631,-0.14690182500809967
-0.12570435361631638,0.060464073262284077,-0.13141444676279146
-0.38440559480428704,0.0031333325037872853,-0.09679137118438501
-0.013612920879791393,0.042672418038233816,-0.1640685142582769
-0.04652889714001704,0.1114866982702655,-0.07502726459426587
0.05171539396621356,0.10516498698932285,-0.08442217109745555
-0.00493031171193015,0.49015296340401127,-0.18642772791182363
-0.15035938495590448,-0.28423051346533107,-0.0937085948228781
-0.013215797690549251,-0.04289934442188748,-0.08646761293400164
-0.030833845675128015,-0.1293437221093378,-0.07598687581365575
0.18827611505428293,-0.1921459561743691,-0.0701634459934412
-0.08661199438620501,-0.48254027197083355,-0.11783523950413044
-0.09401329140602012,-0.1082628486305175,-0.17013564641153378
0.01564566856603111,-0.042970588204891344,-0.03822283724484583
0.06398091698661035,-0.07893516047616805,-0.11799075102307661
-0.024410116500599904,-0.048591483390473054,-0.03524988000496528
0.08307675374824214,-0.3752563786814266,-0.062338554052106476
-0.06502808415522521,-0.08867997661064937,-0.11399654813594841
0.003795889420359446,-0.025656589186053787,-0.13446671624974924
-0.09071570291531558,0.038524070029424186,-0.09664920539178617
-0.2492949093595051,0.19620253382243508,-0.10166882324276323
-0.24914205055239103,-0.11176133944833253,-0.10517772890339068
-0.0720501426358411,0.036707569841143574,-0.05441424846326043
-0.4348873438372014,-0.12939484922395345,-0.07911400120773251
-0.06871414046724007,0.008725141491740978,-0.09601619541476368
-0.06431435278973181,0.0424015959701892,-0.032678707954334515
-0.13765374889274026,0.11372174439139571,-0.09057082806724998
-0.476406207729624,0.17036073039396887,-0.09887201584394434
-0.04449047941957786,-0.025799202645887174,-0.032058937784144065
-0.1534319870277785,0.10461521608171395,-0.13492886045997865
-0.12990875827049242,0.01630853968618811,-0.0890779223576051
-0.02717462494520802,0.09571631099081021,0.059243909373516146
-0.08110985559249273,0.20216403485338102,-0.010354207607641526
-0.08671903189272366,0.04530133400941956,-0.029993538295465832
-0.08870169886517397,0.2624390959645862,-0.12461151934522184
-0.0804556210843749,0.07568687030324055,0.021045980713442016
-0.03201079195343028,0.039206022450435286,0.12927408762795478
-0.20432370097818137,0.38512098407977724,-0.03723612292969347
-0.033330151059207155,0.0927462110807593,-0.01736363829433977
-0.09443279117756175,0.251232364982365,0.04268224186309138
-0.0727020359496061,0.07071968337466115,-0.062037388575751806
-0.03343533968395316,0.08574328216507617,0.039240347994141354
-0.05169736286048906,0.05262321882124772,-0.04543106073347778
-0.023792145670761315,0.23465664475429415,-0.09929907817025861
0.1335957029561475,0.30354291948034734,-0.040813286144377695
-0.14102501149096724,0.40499607377326863,-0.08446086932583466
-0.034398323525608364,0.0961195705948599,-0.01190928047946479
-0.08126530630094306,0.4854978629594391,-0.14740889744243862
-0.043028054721852026,0.10367044666935232,-0.07361971328648019
0.016532008314023895,0.05882391471821272,-0.0384381993061844
0.043942496627300494,0.17043760673242453,-0.12628373240895344
0.10761408610787487,0.43575224805441337,-0.12297489885104014
-0.02040612651926434,0.06032038819710343,-0.030213300435214127
-0.005534267837263791,0.06158079841050705,-0.06334779651742592
-0.08087215857009986,0.2225836157278562,-0.11254009378833299
0.3493958116507286,0.15825305676667092,-0.08620500831121986
0.24853346026518136,0.027269936910812528,-0.08459630818178668
0.024902582146931907,0.012199872157459626,-0.005048661803683308
0.3501099575592501,-0.07447342980295606,-0.08238214008246435
0.06766497688820965,0.02690841613196727,-0.0009492222745848282
0.22055686539283512,0.0807941945533112,-0.08008397610921036
0.4448218765408143,-0.073029123804105,-0.11966827281047902
0.09299905066487665,-0.001611233878652484,-0.0724969386139317
0.4468761559315374,0.11043613299041181,-0.12993675314162417
0.06390699953175394,-0.021725688292874107,-0.011162308008498018
0.2011988361395096,0.06511986006789919,-0.09430037761273966
0.11408884688068091,0.00783682709091013,-0.05935205130088409
0.0434047663731576,0.10205975673111337,-0.017811101310710255
0.07906749883031211,0.04984368156124434,0.04392563184798419
0.09405422002283045,0.08753211843979197,-0.0747841559350206
0.2958797026139541,0.056553704085706556,-0.017634125748651742
0.1627517736589905,0.20557560981335124,-0.06348863713328817
0.04355815505430598,0.046713070006219645,-0.02204184121282571
0.10323423016272933,0.06244224822473132,0.018956652511901626
0.12478718401694587,-0.006571191355978618,0.04012071828996372
0.12964139434613253,0.15942790048254832,0.015072555802348122
0.2289193738206765,0.1899302284787725,-0.11541073772726783
0.04199139447180011,0.04579331102030589,0.02754762582440862
0.12202311127251916,-0.005565408579711244,-0.03586865580512905
-0.03607174527655643,0.05842648356185374,0.13023608588639426
-0.005688410639576392,0.04967675643895399,0.33025840313257676
-0.044161498368907696,0.11942896692685176,0.05717750396115412
0.022521032377391313,0.03452599811856618,0.10329115019676208
-0.06858836878134293,0.16277780241284479,0.13536512441585158
-0.036754103351679106,0.037491308974737264,0.08031155322460032
0.007390763907892426,0.03104296670203475,0.14524859202203644
-0.020679100357515058,-0.023075072954132022,0.15773960943292356
-0.04507184261843148,0.1071136312289924,0.2285901272856837
0.008114331350950008,0.1232838265433911,0.10117714344277517
-0.0407896410036444,-0.011680494529363698,0.22496208492296765
-0.01169471218575021,0.03491432259858608,0.07820808824357535
0.029995828605000312,0.02817997581512754,0.13415192042426652
0.10664010961747532,-0.06673074636787246,0.1770900360347365
0.15342690646606352,0.02737187440574437,0.27176839685730686
0.08610906030273828,0.0370544135263972,0.05537197333401637
0.14450091289936862,0.018883584570050193,0.2851887444492333
0.03550011777620053,0.051864241678711946,0.1465525053190665
0.1120904065347352,-0.0631340769859852,0.1385249616441604
0.0626403219103158,0.0026132838631080626,0.07777931577196733
0.11250196964229156,-0.017506095631588003,0.22653217746337145
0.1904275947782081,0.07467747070128031,0.22717096926421043
0.02707388829298516,0.0037644916151088354,0.11088032306412944
0.09171245073512706,0.05792171598280521,0.10629609478332955
0.11183484829194544,0.007837665214637437,0.052220427001580014
0.04060015855864502,-0.0760937717100798,-0.02470116161952827
0.2559549337179478,-0.07966859312383301,-0.014985730029823853
0.23051190939868949,-0.09638858511912955,-0.13140551783524215
0.1505134380545985,-0.03172135437851817,0.026418496871457642
0.1621508814888257,-0.05691550139050589,0.0428685567787343
0.12611346042570334,-0.17957698931681354,-0.0741586429863006
0.06782225676816678,-0.0033115019667621206,-0.040494440752469364
0.1111719107801254,-0.1439396549126669,0.005035433708587397
0.32246296271135294,-0.1813120904201897,-0.14302889454593387
0.06650625995280482,-0.003965052021636983,0.02764634454636767
0.15407522176029048,-0.057116616423133766,-0.04484012220953586
0.01491645488103461,-0.017550248483125776,0.36415779987468627
-0.0673513436273094,-0.03717868248181984,0.2992696538905876
0.02962283924575888,0.01004310804549009,0.1325527487039947
-0.03601249743920745,-0.07960584781907803,0.04944267801788308
0.00691684410213808,0.0011797022895005584,0.19312458725497622
-0.021386438208301762,-0.04020547810027484,0.19497991470724074
-0.06988997195418815,-0.14872706030092725,0.09866695467444639
-0.07294155459146692,0.02216203657740505,0.16558788947318606
-0.0544247149272738,-0.20114653140762684,0.3973614714591662
0.00271276783401151,-0.0984651134638964,0.08812233708164026
-0.043605891258640735,-0.02634460160813049,0.31488532164801253
-0.020060440491470797,0.005704437440975143,0.10696466040138752
-0.10403954519632216,0.0631587817850765,0.45766058342402083
-0.038063731563064404,0.021865280521781886,0.061999263383975
-0.047953965792827534,-0.0008253559375993251,0.27009493263357215
-0.08127985245914882,-0.04714115040315973,0.3990139326868607
-0.16707599974851864,0.029675998742599064,0.3958699342442058
-0.026690803871744707,0.019329859024334702,0.33141254730396763
-0.06101017116719403,-0.02855201089917244,0.10293717168562858
-0.0035074723245729494,0.005340162761085935,0.10297530149570773
-0.07146712999869874,0.04426991113227265,0.12608642704109002
-0.1623079697418811,0.0022132878239440002,0.3826928069525766
-0.01314863259526985,0.07362517770841048,0.25596209346804644
-0.021458439885062193,0.007457702170335843,0.15513836366903588
-0.05779934929335808,-0.05091815329141505,-0.02825682812760847
-0.1708162426722564,-0.22372043107495693,-0.2174671269167022
-0.04872131478454655,-0.04380113875281926,0.1290718360850448
-0.04641175114979206,-0.13417618780026094,-0.015354080692909862
-0.08397474063638233,-0.06209065729153273,0.01778492963302016
-0.051379165058875576,-0.0778884433680455,0.15257887916622134
-0.15044112635973897,-0.3594065066391901,-0.03640577669169805
-0.09879996036484033,-0.04243619856912194,-0.053971189703240954
-0.11974481208891474,-0.06977851005615339,-0.09917408054188238
-0.04059393184287557,-0.2232413395374383,0.03093669752686342
-0.07168198118352347,-0.07563830551791845,-0.052287603141773525
-0.10019497963777443,-0.014792684457596121,0.14432832746434493
-0.061364221974921904,-0.009221137702007333,0.012170633231338141
-0.09038837932642665,-0.044497006333664275,0.31832205432481764
-0.1246629396630986,-0.08592196233813326,-0.12653222076073753
-0.011039000146338808,-0.05038862026201461,0.012140430556352751
-0.1469718487546045,-0.27421244721693094,0.00681030843330002
-0.04490822840048172,-0.09829409748085266,0.04429763624914371
-0.22485542832936312,-0.38566713514445317,-0.1477413226829968
-0.14208020251157383,-0.03966021048355219,-0.05028622481741586
-0.021069187869539683,-0.0313732233841338,0.17840776668627534
-0.026319074257528184,0.0250422299034492,0.18050454620321296
-0.0016603475764159366,0.049709665456087355,0.07922760931862276
-0.03409291482206402,0.04018428352025213,0.415213585020278
-0.19962281476606755,-0.07413091995196043,0.49884815223536844
-0.09378843158787864,0.00803702279249288,0.3252096967625989
-0.09980425056430299,0.008770445254818035,0.060847464329464106
-0.16933484962089404,0.07362588914951715,0.419668555861089
-0.03870180588254868,-0.003154127482255436,0.06296995668562434
0.010723056629981614,-0.0043619633662771605,0.16359020789592574
-0.080733505339272,-0.01753622568345475,0.4413632304131747
-0.02989039745710456,-0.03754171187117637,0.14556709953577082
-0.07009417447464117,-0.13248765375656127,0.057591225452583175
0.03869479979469339,-0.03846253148102242,0.11271272020669659
-0.038734212105771375,-0.08844928461939343,0.1460614757441655
0.014740891284455158,-0.08581064056531358,0.3878537322751295
0.15179432833415957,-0.025662944182371104,-0.1059744713353867
0.1029718018132237,-0.05265538884295031,0.0020185202140407493
0.023774056018703978,-0.018551383023647873,-0.004087906044534058
0.12927327984290163,-0.013806287511435077,0.07780860013674358
0.2819554402147946,-0.3323466091425446,-0.09288237822749401
0.37155868115596186,-0.08630469053313485,-0.05492272787953303
0.08600604898987732,-0.12098930866449556,-0.05678746757270593
0.09041302125921982,-0.06731833930366725,0.03434857834393395
0.07973977879729983,0.04438312185064975,0.054577333167220826
0.08256501449371353,0.02577129248482679,0.1700221872246718
0.05310298272237391,-0.025027272621434015,0.10533818314783708
0.004427845600753402,0.039879973654981464,0.11696910818270402
0.0838730767611816,0.016524942170349034,0.052507423655076366
0.2117443831743391,0.05896260957371268,0.33364158901063307
0.22245514720044443,-0.05239726300542066,0.36593591177189044
0.061692905838020035,0.0044679573500858724,0.156385884655907
0.003995842038938926,0.00041541652264494197,0.10140539809802288
-0.031039044093613265,0.06603848950023819,0.055434467682478485
-0.02754932654154287,0.0087255950155769,0.26550839118244085
-0.033465852142580264,0.0007422313902913496,0.14165223889958076
0.03811485820478214,0.0752020440850287,0.10957732461613011
-0.050893527595500955,0.14692626551671897,0.09054689991181573
-0.0015212807297528786,0.09405510007671147,0.3505768117526915
-0.044243211217369884,0.11977171854749702,0.14294493696433996
0.2188475763171727,0.03568019604845083,0.014362463690313713
0.06715470758126249,0.011334104786663328,-0.049634962587244764
0.06121726167011873,0.011958284776918876,0.051644179757463465
0.01933972252174862,0.06492510404806236,0.003899044558511294
0.3351234117581622,0.07649317175585951,-0.06023203393541503
0.25834820671566366,0.34773427964597653,-0.06313289575053593
0.09501372586243356,0.11215588763380654,0.04087058139040895
0.09150046463800296,0.10693048728796566,-0.048151333440751815
0.12796182981603418,-0.03408028488921908,-0.0827396773014543
0.11617729075356885,0.06056257918958477,-0.05267190828363896
0.09361654277052034,0.04487450030759015,-0.057277398764762004
0.2670043546974196,0.09465089885016865,-0.10988105455491744
0.43922922430527245,-0.13702631738034876,-0.10268313161286584
0.008532911203135225,0.0011183733651743929,-0.04647270699959186
0.4194351086514594,0.020337922828216556,-0.1275597677555849
0.4451948582086043,0.16790683757574568,-0.09526787713241733
-0.010476021126070437,0.14852389213292896,-0.07976615394411372
-0.11956786118953266,0.2713379687230734,-0.15492889408978452
0.04433519497302321,0.057845052988559756,-0.09347011102156112
-0.02914173660347009,0.08116110894134762,-0.05083939556913849
-0.005361943778879698,0.011389429112545037,-0.0635365214101579
-0.15459939147765447,0.5003597037313032,-0.08335339915825493
0.04475674849119508,0.11367111129480549,0.015817045129716913
-0.0004905850386237426,0.41813809287878373,-0.14132754515322
-0.05467391003089234,0.09782916209884884,-0.09018695230215881
-0.044444014782945206,0.06627283072817487,0.052076916260582064
-0.047709336036821454,0.10448537458361885,0.008825323149655732
-0.025344750514880186,0.0413579120323075,0.11195955465119178
-0.25345894043260836,0.4339585933407665,-0.11962593885570749
-0.12684303588396673,0.03906539915951087,-0.035911994051665105
-0.166192057068334,0.2879917531360785,-0.01443487019693774
-0.04402469553501728,0.12539247032900783,0.04667829651431293
-0.0984226783659632,0.0636104634106937,-0.07671245343151398
-0.14527023532893943,-0.029674956660888298,-0.11750830656026882
-0.15718132540974944,0.1545176972573516,-0.12325154999193673
-0.02785511244191876,0.050218363353343475,-0.06687373180914996
0.0027155402036579805,0.0013692909524300263,-0.05836932406755919
-0.3415957061339309,-0.16617112212228685,-0.052804950710574214
-0.34476760837305076,0.18904478466086633,-0.02854884138835332
-0.26251738691961707,0.03222234515115051,-0.09694962297474426
0.12863896296825478,-0.07058083564710853,-0.15954774834373484
-0.03211382339561652,-0.011327849453561606,-0.06642531320144282
-0.009236943557362735,-0.043390798216046376,-0.0847114581129561
-0.11555945373189622,-0.12941111615596887,-0.14380316436569682
0.05847036183246222,-0.11431055146065316,0.0008710802515149486
0.00021493679744254862,-0.39849917717584354,-0.11103612929236979
-0.005526739946696539,0.006425657819689163,-0.05425981778762685
-0.12874423334484952,-0.34344856857701517,-0.025935791277807804
-0.015088965208501814,-0.01742490123485199,-0.02009341707851534
-0.010211931204223862,-0.006998991049050254,-0.010519481813082413
-0.009269920254384202,0.022928438344454644,0.006177126110781454
-0.002930544181406447,0.06234943690044558,0.03414501059032869
-0.09451477998949112,-0.04926988903250849,-0.10420805499840718
-0.18344142618181106,-0.17223306278853961,-0.1447488715234959
-0.24722951983858601,-0.2951438022758173,-0.09435149306749507
-0.17926810717607827,-0.2836672519622516,-0.036565269185918646
0.02505545536028325,-0.0013474441687173048,-0.027372882037182945
0.03541723419306426,0.007219223816476431,-0.014237825722314345
0.03852886805496876,0.020955991395645152,0.0007065738618134733
0.038268510294329365,0.036166720710556356,0.015552552188973107
0.013945770004836978,-0.0062731919134906946,-0.03448900031510732
0.0017605074676373758,-0.006224398564771171,-0.03099366455446788
-0.024320072295307502,-0.006559686608671726,-0.012334550633157885
-0.06219291055350859,-0.0019774473221285086,0.021849212256642003
0.010559433169184333,-0.0024896985345908593,-0.03511964359495462
-0.00032434044784325055,0.005178119201471548,-0.03338208969047907
-0.009633805060432222,0.021776849563554173,-0.030529313174134324
-0.01795430084616722,0.04379548724582655,-0.029360052091204934
0.06277375324594996,-0.04386660458079026,-0.08473394730253903
0.3037703287137223,-0.10913291982616463,-0.12713994808808501
0.35473739875031784,-0.25935815595836037,-0.0713834395069756
0.2057479907999321,-0.21893636260218305,-0.035540660716416594
-0.05491793526603811,0.037914900365049804,-0.029713789042773223
-0.03646553081636669,0.05959515926951829,0.008675504225227776
-0.01691050498411942,0.08480311673675477,0.050406462193561596
-0.0015082571663342138,0.090335759581653,0.06361003960424301
-0.06340576324257734,0.009791023788760768,-0.0382606444930457
-0.04870847591467703,0.0002612852257160941,-0.012225539008825156
-0.042358780436264364,0.014288021261863237,0.00476272226361428
-0.036241527521068365,0.02238042167949849,0.02088524191702964
-0.09988746963770455,0.11971115320896561,-0.12300139118618407
-0.17245991145759584,0.304767399214452,-0.15000228807841245
-0.24177293798577623,0.3827538762874473,-0.08897792026045026
-0.2053768584154724,0.3553075397810151,-0.030567256692013486
0.02050752870394687,-0.009877157667373718,-0.03745724957867818
0.006479850880481411,0.005763588166364581,-0.019848646026492146
-0.009090587443572542,0.019970297869084302,-0.0011678256434155987
-0.024927475071574542,0.024486925984850517,0.019120408395245096
0.06412345459860386,-0.003302798265253974,-0.08455120004359679
0.24187419801918267,0.17351840570104488,-0.12966733294042662
0.32386741064051244,0.36792560608454034,-0.06058307184854261
0.2128929183547738,0.2562282462389821,-0.034577343201084736
-0.0019768414674647384,-0.004309386425500224,0.09793493334813368
0.0056571732327656025,0.0029955660624766227,0.08017327184848344
0.005141979272238028,0.027235107516454013,0.06641875606828533
0.002885134296100469,0.06333785197167945,0.05847709024069244
-0.007617316952087568,0.00299511731806191,0.09545258964239381
-0.010153856300861151,0.01626557660074456,0.07727905726287428
-0.017885159884422495,0.030027573509947714,0.06552414509821543
-0.026001175804422818,0.04093644916353327,0.06276767725668184
-0.04066832813829773,-0.0325554677715991,0.24887695748845995
-0.09748709464185128,-0.04538516623349229,0.5071367879148324
-0.05950992804596808,-0.04346857542609964,0.28579719484322447
-0.04191584925045972,-0.06811210653473364,0.10178800336245324
-0.007707059851310433,0.013668649887962571,0.07979952315347423
-0.021152348205230966,0.0187877771778396,0.07505955229673528
-0.028007125882284222,0.02842218953954029,0.06642502797624378
-0.030237626002375537,0.04014191497179815,0.06282679722714375
0.033663871830893886,-0.01281793470101854,0.0965487648934194
0.11338097319198175,-0.004792895076602149,0.1644675688340307
0.09105899544507334,0.020371866587502497,0.1219211932658337
0.08079625591306948,-0.03887301123277033,0.0938656609056193
-0.017745268335767523,-0.012861130669100065,0.26719479886116115
-0.03018108791996774,0.03759345745627924,0.2092056893704815
-0.02975571381950184,0.07175995050433868,0.13442901288844666
-0.050197116268087774,0.09293417294536102,0.10593844321068052
-0.0012779701423345261,-0.023043567406127147,0.08452513207689547
-0.005494222893062321,-0.008796466835964417,0.06858634671133564
-0.014487883974264738,0.008874089687046824,0.0538087809740184
-0.026176162814882768,0.020114850011435995,0.03750870888002857
-0.012045639932261086,-0.021744527662902594,0.10458095590072002
-0.03293796950340716,-0.006500189908881644,0.11334452513312329
-0.03899285574492991,0.022712218614695284,0.09568100194518855
-0.03355840986207309,0.04120916315551665,0.0722575774872824
0.028381774629773548,-0.010717921756021228,0.09948548782955391
0.05788002753892311,0.003824429325747147,0.09935668674379942
0.06990176854216769,0.029721025794735543,0.09576939549500578
0.081817354732147,0.07002067776991089,0.0956894008676542
0.008317222179551779,0.09031842606526524,0.10306970658523427
0.030349642762831516,0.0736221182791439,0.22566060007794134
0.04407288099427889,0.018279549414228723,0.2981100397352884
0.031003625297567217,-0.03528758531452096,0.283669304919929
-0.001903887050802038,0.06576139657076334,0.03167392827082583
-0.02294023765661269,0.030155147499916612,-0.0025417185823542045
-0.07445227665515299,0.013502803942194452,-0.017791756360535208
-0.129734130603131,0.00534089539870585,-0.019587458055970747
0.04432145263192943,0.043970637258809175,0.016697543738301096
0.05588104423897604,0.03448323448067569,0.0023895767621504613
0.05774459497953246,0.011476821859915097,-0.02014335172746749
0.04082125101551801,-0.006161629778423991,-0.04051380868421097
0.03528132274991967,0.036225825480555536,0.029019817731656874
0.028461699477651783,0.022908728854334055,0.04268950512296964
0.02090660844153754,0.014069538204585329,0.05682353925662095
0.009397693730266764,0.011593777736669817,0.07111116906637643
0.04152088089003191,0.04365819424850318,0.030345162621674016
0.04541494733497282,0.031891602954187886,0.051452067345726216
0.03520267470521531,0.005087608490187767,0.07593792015148405
0.011799095158097045,-0.015385555658965384,0.09008098448148354
0.07317636935004002,0.04709737252844395,0.013068687989212414
0.08960146026871915,0.04567891601617104,-0.003800331074942902
0.07686438916238747,0.02500098715596648,-0.019891806981115326
0.0931586290270098,0.005997307124468348,-0.02070762338765771
-0.09438588100055882,0.004880719703568241,0.034221562081380455
-0.09781459966024236,0.00200114591285993,0.009762005231376365
-0.06916494288207514,-0.008218635121126038,-0.013196069926431441
-0.033830273184911476,-0.017421731909832826,-0.022158084181194432
-0.09732304636605016,0.011658440166304768,0.06990066121280403
-0.10254860543414102,0.021060177445987146,0.13058093867351106
-0.0650883439666682,0.012396813421124591,0.16168165912196322
-0.02213103023956775,-0.0027863643395622147,0.1258074655766185
-0.0649216875066017,0.003454895060172363,0.052767802607629186
-0.03066727057869063,0.00491278675352671,0.06844138379800288
-0.007159505958848587,0.008225029634679328,0.07814143093877327
0.0014189032379751329,0.010237739390637607,0.07950341133601199
-0.0547699215843352,0.006512791669238214,0.01617254160131413
-0.031372900675617786,-0.06612608959822766,-0.011688596919624834
-0.05722195857329807,-0.12799431027455865,-0.03977060280072131
-0.02803590993527242,-0.11078540237095798,-0.03901688440313216
-0.036899286754932516,0.017241073367173537,0.03894235798090234
-0.041568189277059374,-0.0034189244564030797,0.05952889697750083
-0.03638334796831311,-0.03425986713953608,0.09613741039150119
-0.011487594664132779,-0.057517415065999195,0.19321009642695117
-0.030349465010039614,0.0568997438542785,0.016226387863243655
-0.043870456940692824,0.11263816147239564,-0.005212156929501291
-0.058773291509789195,0.11582484266955653,-0.037343881251462055
-0.01636993737049351,0.11534170543620823,-0.023233682564407315
-0.02441861760049724,0.046021478599146834,-0.027550485227116804
-0.024976725858595727,0.025688043563538022,-0.02689184175082605
-0.02234734809642278,0.005761075375211542,-0.02766743992637907
-0.020812459153365576,-0.009729099318362864,-0.027510745719195637
-0.02736809404212083,0.06020824881777059,-0.0262816623422782
-0.04318366875150547,0.06482056559220122,-0.02241312021198402
-0.054195253027360175,0.05647717101330666,-0.033594246716298425
-0.06026836556356919,0.03888936717533026,-0.04898383466994294
-0.017465422533643978,0.05598640541291691,-0.030866339141668774
-0.004661152999506494,0.043168683811193806,-0.04302632776334891
0.0073035800268114745,0.009846741853683711,-0.061236389367620915
0.021412865596483824,-0.010326401469569028,-0.05945849481624318
-0.013267424195681263,0.06963668385374965,-0.06760820861737221
-0.013828367269045537,0.046591866089245385,-0.0456327356159839
-0.014860445302237374,0.005673635342826381,-0.17804942081567865
-0.05100031611452266,0.006819271676265403,-0.15323232399071998
-0.027147637024691158,0.040278807614168605,0.07541302999499457
-0.011669336777902713,0.01053122430505001,0.13025363706930526
0.012918652971047303,-0.028772489884638347,0.20695089386773824
0.01879053333261152,-0.050336937897706435,0.24976884159171867
-0.028560086335187425,0.04314674843082581,0.10406644984575962
-0.02193412101578011,0.0277876018380224,0.1532609053629257
-0.0032313248421720507,0.00817662878531101,0.20334328312300154
-0.0030983358345783724,0.005413795144056685,0.24817664304662865
-0.16881688293670258,-0.15910577567447667,-0.10574768712675274
-0.635288342081124,-0.2403206873955922,-0.20434206771637808
-0.620747346034155,-0.14542617979747485,-0.16530291918435722
-0.1416498094433325,-0.030652235339008193,-0.041545315236589275
0.2812845075269311,-0.23471291376112316,-0.13566247545316554
0.4677954986745768,-0.2154372805063908,-0.194587708185988
0.4902693529498669,-0.12909160160548994,-0.1374270863232992
0.20433148362738346,-0.03658525007070135,-0.04867306907356386
0.19537039259524247,-0.2663881545413021,-0.13157843895699906
0.21893694451549645,-0.42059480333796667,-0.1775216949920862
0.148214064584025,-0.4215145152082703,-0.15432774246609235
0.011494052237749837,-0.16155157913122828,-0.032638379995880394
0.08355052541822786,-0.08676530707056603,-0.09322058987989403
0.07279124958953102,-0.06766161456711253,-0.14356938938914707
0.16211038216148535,-0.16571802305571956,-0.4328040516246399
-0.008184911801285822,-0.019166818812611935,-0.221847699380794
-0.13231614553533294,0.12500642320692829,-0.08719437045414151
-0.6448502910599251,0.23721494336046814,-0.2076277409845889
-0.6169058524224822,0.14894276480055113,-0.16475414572364588
-0.14438951574383235,0.029301589950270303,-0.03906728021989856
-0.3065038567837767,0.5189497478827843,-0.24064581100112067
-0.2118699922462493,0.46158707987437897,-0.19912867545427937
-0.13295577313669737,0.4783042783506048,-0.13443980258095942
-0.045197043014985144,0.23882028215692014,-0.06671439433643096
0.23595914011219357,0.3317078390562158,-0.1617187260598658
0.2048935741111755,0.41681707255273553,-0.18175746653332134
0.14764489108515175,0.44195072504235305,-0.16726100631481844
0.009983649302676482,0.14045631075212936,-0.027132068508592785
-0.10095782687104109,-0.085779275871695,0.09187037707466657
-0.15703262686949201,-0.07629551899261283,0.07864749847687141
-0.20952385634085358,-0.05310257282338678,0.051170983848206036
-0.1688560043369028,-0.019009809422966626,0.005275412946516115
-0.05132386146226431,-0.07787413142763602,0.13252714588486209
-0.1785925994500232,-0.19454246147315138,0.42111309932775864
-0.0966436742294739,-0.09330548045461845,0.39906137912556544
-0.029786859555401137,-0.02816664286473814,0.3503315788891074
0.07560318586307962,-0.046191636376376154,0.11541960851658296
0.16017235630391924,-0.15332756495425406,0.3343748830098988
0.09591864348730937,-0.08017034645819493,0.35159277149170975
0.02537507760522996,-0.03431042408917789,0.2810290002438289
0.10021514980570066,0.13640782116996555,0.09378222465997967
0.11916362112634195,0.1796335114535285,0.09348211282713674
0.04853644185647453,0.15779330819136797,0.04211040976933492
0.011049859445396432,0.1474458276184148,0.006753144104465341
0.08644462863706114,0.07047773169880242,0.12645442166889992
0.13783446073276476,0.11619579174736536,0.28983451337649124
0.09229251835786693,0.07693586875020213,0.3369568031940421
0.021205469684437466,0.03294495128012687,0.2634030551799958
-0.16794259330904204,0.020529184082308912,0.005210142902981053
-0.21357039473002012,0.055316187730324484,0.05331079346423777
-0.1592371884648511,0.0765060984296136,0.08079669797173925
-0.09923005455020421,0.08795786540368852,0.09272974636847188
0.20746757811758848,0.03613039193327125,-0.046733148401440605
0.4849735363124886,0.13068898002762375,-0.1361802700532689
0.4544866220863087,0.21127340937642705,-0.19427315381537505
0.3485897814858813,0.2976057698210029,-0.14593000257788066
0.13215641024991512,-0.018785591283145543,0.00415379645030115
0.411634477812063,-0.10916858805523187,0.11914804623411436
0.2738964445490722,-0.0896305622760175,0.15078594100735024
0.0981243598008559,-0.0664313569911725,0.0852338774682373
0.13247642437233378,0.019756504638531715,0.00444470138394302
0.3933701914595262,0.10448974635662844,0.1130809224796222
0.2551164410332778,0.09545468032943448,0.1371409491778191
0.10790044613632797,0.08248753334787916,0.09440820972632459
-0.04636501819802901,-0.2636802157377959,-0.06932571025958106
-0.14219741904941732,-0.48724398489525733,-0.1396283985770405
-0.2199847601498649,-0.476675778485035,-0.20116074590065466
-0.2407942276932936,-0.38627222636878056,-0.18893468003512767
-0.01799657589949729,-0.1503744864089872,0.006550786326877729
-0.1332845750780114,-0.28613792939848215,0.10297650455484414
-0.17950973321091898,-0.34201565568945796,0.19920902766688378
-0.0427696197805581,-0.13117055788745133,0.07832062906492238
0.011126237567197505,-0.15013607344388943,0.006115597656896838
0.04697972776262316,-0.15807604680731474,0.03823656956822735
0.12997228758372378,-0.16949234882891195,0.08428992989319722
0.09228679986839808,-0.12849035505591577,0.07726420107760097
-0.018975572306373693,0.15298536831832815,0.007770447530552635
-0.10289536361968236,0.26001827741699807,0.08561550537067328
-0.15488431599792687,0.2998886907925058,0.16249700314514437
-0.07304895042585051,0.14842337410623171,0.10400443620293896
-0.02470334320254263,-0.03128306421081131,-0.22764284463914275
-0.16945906958921778,-0.16553610994437462,-0.5004642135824077
-0.06558670208265403,-0.06442104187251958,-0.17048161765295194
-0.08798330129770314,-0.10371364550328196,-0.11414891426968828
-0.02625577542238523,0.03824932005346755,-0.21594505532175362
-0.20513640841562064,0.17643717898834055,-0.5318397351901567
-0.060202806741519815,0.06014101845826834,-0.149181850109485
-0.08316789204166462,0.09624114244379248,-0.10684858012316453
-0.008898785269867097,0.020778490985081537,-0.21737202730130112
0.18918048258504713,0.1726161132710459,-0.510217207957948
0.0724726007817496,0.06997021140737983,-0.14136190925583716
0.08008027404899806,0.08247595356246581,-0.08986989294461326
-0.030659941946106953,0.030788161220877165,0.33440069997398597
-0.0925109878471069,0.09059248638670768,0.3792220081756337
-0.1654456429583128,0.1746796367838208,0.3930422343482275
-0.07462614622753308,0.09985750180681975,0.14928294111262821
-0.24312860812830334,-0.2036425015177519,-0.15115232913278284
-0.2868510402610022,-0.1272491072317672,-0.19984796685795272
-0.06851021636551646,-0.04815332134147762,-0.08964110825616659
-0.04535332535652121,0.0019984234269456824,-0.029832499220610605
-0.013745076170348501,-0.02020489278591365,-0.030635233594955534
-0.08706034880477398,-0.0633793991356083,-0.12413996336275955
-0.378109000833364,-0.12310322418162796,-0.21708200385997736
-0.5878201571929855,-0.1680327004081289,-0.1976445629838438
0.002567104246817204,0.02134564222183953,-0.03164431073850364
0.015158596255020921,0.03652745483988589,-0.031074328868304267
0.02826258478349024,0.041516244301271744,-0.029829831474956554
0.04831665781738593,0.03273965020876586,-0.02030616859509273
0.03407710086984855,0.02045396305384459,-0.015025754831340249
0.025517194829865072,0.03485844028910049,-0.026466126570248303
0.016309840265013566,0.04399155167982015,-0.03469032923590661
0.0073470961148500635,0.03714025303249334,-0.04528829177999882
0.3570779543320692,-0.15960380560063356,-0.11211555832830976
0.37295121236421175,-0.08888858124368479,-0.10722975970324385
0.2211863589646069,-0.050820730728118824,-0.08754724070296174
0.07954127171581789,-0.0011828356618301635,-0.03134274675302676
0.06644308501384563,-0.013252558690630316,-0.030123501689174843
0.16645370064808448,-0.051905475260724525,-0.08260263542159352
0.3984868895579469,-0.09516402778725705,-0.11530674341223367
0.46219527493423435,-0.15429810188711926,-0.14822678365233222
0.0412306693782418,0.004039018839539688,-0.0015923858500318088
0.04333802763691551,-0.004978386514663585,0.01310414952331175
0.032508386761009096,-0.0025382432292925554,0.0339849277976687
0.002233657209051425,0.0031478363846671235,0.06047034743926074
0.00873838599891084,-0.006190562091437365,-0.011761467163636883
0.03462887634135463,-0.005679286390598081,0.012265724600406147
0.04059603237106234,-0.002178868844629359,0.03165218946904982
0.030919224438256447,0.009434069106777573,0.04518536500717438
-0.02148788934763236,-0.006202550448038394,-0.03797427939622244
-0.03551178032616802,-0.008023941757925665,-0.047912709854215946
-0.03206166116887139,-0.010643093030544332,-0.03604539361434936
-0.02599416948066693,0.0016282240746739978,-0.027807733970333818
-0.010940190856956248,0.0005977050327416838,-0.0328800985441731
-0.02572444498070278,-0.010661821796158912,-0.03842229569643734
-0.04665607390202408,-0.007856207787759965,-0.0457527714168123
-0.07420847829230823,-0.0038956488650096622,-0.028946808107655146
0.3106875340974352,-0.15241623859732134,-0.08133407016597088
0.22711665616188834,-0.08308534478485934,-0.03484764895370989
0.01828886385838055,-0.009863307812629982,-0.027907243082489357
0.006700280909523522,0.003333258279694406,-0.12568669720990788
0.02395187439816192,-0.018212272478735296,-0.06937218381368299
0.14888757742985234,-0.05684352654772962,-0.04859348960296424
0.07198020555354169,-0.028974206452739234,-0.028867725214079556
0.04625387854517241,-0.03755133710292829,-0.0956637844650701
0.009568897268233463,-0.005483441121068024,-0.05754660880403515
0.02870529852404226,-0.035512509874917095,-0.06446267400869939
0.06896026327369952,-0.1719243905259639,-0.0860539463355514
0.1922602136001553,-0.38243388334156075,-0.12359797329545985
0.29872061048634824,-0.20588860399472975,-0.12416739250383368
0.06414036958186742,-0.0823967744150979,-0.07168321743001069
0.017403232164092203,-0.08924246632576352,-0.06945237989556204
-0.02237708458442335,-0.09455799937140988,-0.043101609642889435
-0.2291315227003819,0.3131363450660744,-0.15096335989565796
-0.2739595856724932,0.19120673199478558,-0.21525862003326474
-0.1992766696490341,0.09560055008215487,-0.18964381536573302
-0.04497960443771868,0.037032268786807786,-0.034709643973455634
-0.061838114012963845,0.08496505557157125,-0.047907763264562156
-0.17989477656488848,0.11428951240937886,-0.1880491402880482
-0.39002177677456956,0.15410609061006342,-0.2347150136506715
-0.5788092909026564,0.18354709474680347,-0.20300887588125235
-0.028974615095797962,0.0506814807952173,0.06274349828667912
-0.034959305629899885,0.0071169670193730215,0.11414904708819677
-0.037248581685096906,-0.014120184503948101,0.10313323533176612
-0.03894982417314039,-0.01783442050012022,0.07807923843638327
-0.04614690124463253,0.0036758822125006626,0.010619283061829994
-0.044504726365266874,-0.004680906706884685,0.06536268487671912
-0.020558899838691858,-0.0042555858036503556,0.17613893773213724
0.02412070267390559,0.023851764089603707,0.2658095543832676
-0.03919324008074026,0.04741435757123313,-0.023668865047667326
-0.05328306592335975,0.16988750872528063,-0.06172607914592915
-0.12911198247528144,0.40487717525128725,-0.05360199354618395
-0.1610101424608237,0.456630647793979,-0.1307532352467674
-0.1797885002663489,0.40540619931513794,-0.12333238961506571
-0.11799355820129619,0.4180688299228482,-0.05294432513672616
-0.08484393656658477,0.2569601607124076,-0.06207814129443794
-0.07137072177177445,0.13753407476406862,-0.04983351827537626
0.00717983727023642,0.03626439393266238,-0.0270378735167652
0.02464494091874932,0.09323446319126227,-0.06573888909432055
0.11180369917603239,0.22381886423645467,-0.09932159779971304
0.17905604325976512,0.3989715284302327,-0.13523548268630398
0.17737910183046585,0.2536339620411991,-0.07970816059633133
0.054851982326933474,0.1293656575212268,-0.07768575563774724
0.016972158481636558,0.11319452316378932,-0.08434168643124683
-0.03070786884594752,0.10890830780871824,-0.04635781721531804
-0.005688747273148106,0.030342524486945015,0.07397159421838527
0.010857168133640885,0.04608004725532983,0.09533780398898276
0.03308227371104796,0.05756006859873666,0.16306134289358248
0.048502091110846655,0.05499547766962769,0.26257407962855067
0.011173924919235623,0.028533370143655444,0.08190016964219168
0.01814100320394889,0.05088355209510263,0.10293833028512563
0.023304920129677685,0.045016091684380095,0.14286224674254652
0.01695289866511687,0.00777529028942451,0.17240774057536967
-0.1194253335834128,-0.0799517345449246,0.5441223247610338
-0.08293680813653435,-0.022740384879089574,0.466934778452874
-0.03605358127664727,0.027381235931740404,0.3417063341310566
-0.016591303990417586,0.004454401116093405,0.18852554435511262
-0.02598326494156545,-0.004765161917935663,0.11532658885516475
-0.03631030790342298,0.02233531875124239,0.31818749092268866
-0.07883880892224762,-0.03233549252339943,0.4194281160131328
-0.11874023922565745,-0.11144851910811002,0.4173711893990748
-0.002800058224160705,-0.01648152322997028,0.07392757166761293
-0.01599709209152809,-0.04966498573167169,0.0843727532931148
-0.0769569399534802,-0.040056866834855896,0.08538961210558295
-0.16932411282455737,-0.050638050290817936,0.07188044951701841
-0.09508185443731992,-0.04598500867365433,0.46312794634646953
-0.05979247357186134,-0.05923647490208638,0.22168507750907912
-0.039484757481357685,-0.03090812976590976,0.042924407651600556
-0.04925981288087379,0.002679259205398275,0.005931474958369443
-0.00944366931377891,-0.002116940557290633,0.10146968826070892
0.02083713194444527,-0.05423156887061591,0.1615313369869178
0.08760173783445979,-0.03127547666585663,0.30103518701521775
0.12125606789015551,-0.08623644326914019,0.34868592090682937
0.12048428460252235,0.010671537591088347,0.22407819747426938
0.07949173373325251,-0.046437451452305045,0.2702705024652881
0.019786256312552975,-0.047925343092293675,0.17157206348511295
-0.009052139562853938,-0.0004999251566223812,0.14168656014932388
0.055748487920712325,0.04334604231118248,0.08002509993593654
0.04256586735315694,0.08884559025652834,0.05767428274560472
0.01484260681444092,0.10669006031258237,0.035391840312067144
-0.03228293051004831,0.11254764988039621,0.004196547210806902
0.0017734952706937076,0.028806841619741213,0.054387450942807516
0.020186520511130616,0.07837483988720464,0.04773177663478019
0.04914970441640432,0.12204849765488583,0.05038853302509314
0.08950981068387019,0.15154756384398008,0.0683779858968984
-0.018903493505357125,-0.009261819271816909,0.07224515374011597
-0.03682194515357719,-0.03780585991503284,0.09300837652006431
-0.04419607065420772,-0.059006841426410196,0.12993470219268194
-0.016526289072489805,-0.0366523932961549,0.17433755386392702
-0.0447782598898959,-0.018153544368542433,0.1211786688824875
-0.046162890978153556,-0.05122364965189954,0.11623612588857331
-0.04133712264680824,-0.0462399565451558,0.09851823404895192
-0.039963572214980043,-0.027331059197253323,0.08203524149341787
-0.015056155393231688,0.018229900778061508,0.1641236743252521
0.033469834893840165,0.019362052822268168,0.257990006847754
0.08454147388258042,0.03924138653527053,0.30857383006184597
0.1145031234583879,0.0854000603129281,0.3290357386377975
0.06200790766889482,-0.0021502100200831995,0.12790877617216181
0.07051003964960927,-0.0028620774548204814,0.24603073022022443
0.04399921694125881,0.03318332441731964,0.2868269587218204
-0.0007160987147188492,0.027735783955027273,0.2095350469915634
-0.047063903946626455,0.03428788813266595,0.006781299267270388
-0.07364349777815159,0.05764120265770424,0.08884846782965454
-0.07030009105336787,0.04313584966296612,0.20655843532751345
-0.037326024374115196,0.04707489300895144,0.1824523423976745
-0.0035556849970725577,0.064768107169832,0.27439038252968856
-0.04999402407738796,0.0599398146200998,0.21503071992124537
-0.10796665119663616,0.04732665400339507,0.11183776562502941
-0.17085331812166657,0.057274171609514445,0.07366986697469535
0.12617130190580098,0.06279044209649098,-0.03978568794267253
0.3467901362902347,0.08794219492771228,-0.10031588439798639
0.3662327718300772,0.16987961954357042,-0.12536962425002215
0.3384251151512412,0.2716884343383049,-0.1187195199929475
0.12926987453768146,0.0390250735098067,-0.05169532630840683
0.3100976353893735,0.0823286901274006,-0.10402648510610828
0.39786377108725746,0.14868382033324787,-0.1252839468673537
0.4520457142628634,0.16972921469588334,-0.14789912924672047
0.02770061547445799,0.026198779898615406,0.06802640546259356
0.004338321571570634,0.03413540476369338,0.07096255013509152
-0.010707911778577677,0.033781907001879975,0.07142096708233385
-0.021113175921141286,0.02734649606942329,0.0704713065041565
0.01746140891964319,0.023648706642278607,0.056884492599545484
0.0029579806729425778,0.03276042032586961,0.0671812580926233
-0.010977641795826635,0.03460465293794611,0.0768692870885175
-0.027973112833803816,0.022405958926757605,0.09471751396072815
0.06520416092884884,0.0046972112040456196,0.0009670171006335489
0.050294492402882765,-0.013391997701112983,0.020333752929672665
0.02675818146938704,-0.0047265382696056206,0.0364002845011479
0.002654348549182507,0.0019813242110982986,0.05358374252056169
0.05209804250686513,0.0013408065812891088,0.06325323863013073
0.04662387538895891,-0.015096527267337094,0.04038041925085201
0.029866754115083594,-0.002292904381802185,0.01735449256636059
0.01013290280700567,0.011128005956379911,-0.0022047863133734984
0.11888088053784193,0.07065699086815543,0.011749609985309085
0.2876298054887827,0.0791150186704915,0.13352844941538522
0.23328281096311065,0.017344183487714153,0.18508678735364137
0.0901315244454366,0.002432593828228358,0.10230903565100241
0.11023888559751138,0.03227093646634481,0.08166623585705624
0.24852615937341208,0.04413787206605053,0.15533281587983463
0.32407908169510863,0.06060766088012932,0.1959283931382597
0.38859598465165157,0.08780372755791024,0.1871651208698354
0.059105907333931146,-0.006772857976345437,0.049432173119999825
0.1230360246994974,-0.0691069361268233,0.06222315377501484
0.29874715282415165,-0.08679257014014181,0.18913338512807715
0.4241947656742087,-0.09428415944268631,0.21271144815281298
0.07916326023692406,-0.001360102772006769,0.004280877451393859
0.12900111029908262,-0.0753702633759546,0.0543246183958745
0.25960911861682867,-0.06848273118451274,0.20478216596413823
0.18736964504009368,0.0049650486043469775,0.2137304697282544
-0.08060256576751788,0.013824729183003861,0.16167013971825003
-0.04676104218463219,-0.014084090340618697,0.12107268265648502
-0.015657639561319055,-0.03584651807110426,0.048803021058985645
-0.009648711086188581,-0.016223542171269867,0.008262129474465418
-0.0827862228869534,-0.00495550518870348,0.02415562197648542
-0.04998813376571547,-0.019742427905673536,0.07492771569453761
-0.012623270091844909,-0.03254977233785485,0.07879376600508703
0.001124410308481451,-0.009098502744785401,0.0696909551096884
-0.029638159302981165,0.010652751477906558,0.0889088860506934
-0.04229804330422416,0.01077034085595348,0.1033891705525728
-0.03436433528234223,0.006030792912852302,0.09082625539355405
-0.019948094273995694,0.014015145101824148,0.0737423566174768
-0.07433455868116107,0.01620009572822269,0.1452086725044346
-0.04857590907846456,0.008688899371584931,0.11278787875830902
-0.0347539076795053,0.009046069787241293,0.08907933570342928
-0.027714102405512645,0.016626506568066024,0.07455492386131404
-0.05466308077206641,-0.10893367776392324,-0.0039685576524941734
-0.05703144102964824,-0.11803794122519422,0.029724867466742876
-0.036817403956217576,-0.08015781058667504,0.0706794396288189
-0.05194610388314684,-0.03542817463344415,0.2582869813221044
-0.12626589705774963,0.012194316631615998,0.2084548908508925
-0.04520731200522851,-0.039822149726335736,0.058417763308784454
-0.06589233749619497,-0.18894887462667345,0.05084741482848832
-0.18829247609814614,-0.3186338511753642,0.1951210085779022
-0.02415901579849084,-0.090631177208652,-0.0067964888373165805
0.014137532538304838,-0.07365523367006209,0.026215315878693923
0.04451127593861032,-0.046363948341256275,0.058135595720983174
0.0744958746004418,0.0029794284117422272,0.09661943995967702
0.0008636211829492455,-0.0003853678397801545,0.07070142605182293
0.022523276045960876,-0.03381115898916317,0.04712180674980024
0.04131083179595307,-0.09085880655072831,0.0378414721984103
0.08752329833515185,-0.1345668624989106,0.046447142762602436
-0.11065133479451265,-0.018755029133209044,-0.07073411393558166
-0.06307469907067541,-0.11373074747975569,-0.09294704263187786
-0.11471637097183049,-0.41023714904355146,-0.049368968022385905
-0.17110710858655281,-0.4669473305880598,-0.12775955949353407
-0.05061012072201013,-0.1097351899676346,-0.04094883400701978
-0.050801169578621276,-0.14586327386591047,-0.06458805546542783
-0.11333070002760347,-0.3486175573429827,-0.12527967493509876
-0.1962540765552543,-0.2934021638337482,-0.1467727253275104
-0.03976781422289874,0.030534256306406746,0.05980501460292035
-0.054079064337806126,0.12851853048729953,0.053026604420985404
-0.09919139835236597,0.22388474166542977,0.09316243896320966
-0.15737452600407018,0.2936092595599996,0.15120743792567573
-0.07791713511605598,0.13976648111181508,0.006544604510750396
-0.08502726791394093,0.17687186982368086,0.04845565933435448
-0.04665808477354286,0.1510080137550435,0.06944957558413214
-0.025795103497973607,0.08248491540861477,0.10938713307184801
-0.012117976504788292,0.004596904384892941,-0.12356799997322908
-0.06234578779086313,-0.03954188139406674,-0.09949160853382837
-0.15105278999368763,-0.12614614541923863,-0.07872863065564084
-0.19816862316165296,-0.20217485383582526,-0.10355617176356723
-0.06516866920140305,0.0019388565033519004,-0.0796861796965711
-0.10921301631492338,-0.06436139072676933,-0.08548726136395768
-0.06780721670655204,-0.05614583291240772,-0.08565982778848709
-0.05299192221383233,-0.043537056115089214,-0.17116201283165378
-0.022141721405105067,0.027150561380794726,-0.027769296321782894
-0.018343209594942327,0.05270119171587452,-0.030735402641814527
-0.018365995815038654,0.0739572277901916,-0.032248702384838006
-0.027061651695741255,0.07909811592716262,-0.006430542278267494
-0.044894729096373494,0.06821799276194739,-0.021299231902222982
-0.026802757492016167,0.06967603360137735,-0.028538286839928297
-0.0121945437569101,0.05433041762529248,-0.03116516000883463
-0.009946439637549008,0.022765476086545496,-0.01616215935572841
-0.016116352257881494,0.0145980309915467,-0.10865839861548526
-0.10075990545276083,0.1137004833815723,-0.08204214495013429
-0.15562108820883455,0.21477819901165662,-0.046596147591599954
-0.19261029558052378,0.30958794822442315,-0.09056313457612199
-0.0816158245846262,0.12560714431561637,-0.08406121483044342
-0.11590693191380651,0.16798919885974734,-0.06751122143789176
-0.12487042883765881,0.10566807449855993,-0.05828579717079974
-0.044872811922520205,0.04094231228494336,-0.14509265908378685
-0.05538486045133243,0.04722750850760372,-0.04154320012627904
-0.05236742413411092,-0.003738826993734075,-0.06920489988934293
-0.027280872923837667,-0.008329600548406538,-0.04666364995816941
-0.008810488625566234,0.009539154973784849,-0.023433169099141997
-0.00935731362707624,0.010169383648777492,-0.06470754011424841
-0.034873037732956316,-0.01428725514766878,-0.06911333218813863
-0.041178354364209566,-0.009139078151572869,-0.04738426397837865
-0.043659379764659986,0.0032211157156886135,-0.01959424773957776
0.09339289995271106,0.0856441284400666,-0.11175163723108007
0.16386630046072498,0.12478728137842221,-0.04292173041332308
0.041599779155358445,0.010350893369334849,0.004648931466941496
0.05050821618657327,0.0477037424390871,-0.09548490562278142
0.007917399595082699,0.012345417340268705,-0.10378657380305646
0.07794653340903693,0.04907378586484561,-0.030703167760754733
0.24069305280957035,0.14688646912411263,-0.005041801290327024
0.30025563488665885,0.27038955343504373,-0.06990889505662665
-0.009258621667710458,0.004750691434552267,0.2741726143756243
-0.03497602446644888,0.04220321880211996,0.37163629675897125
-0.07478213821041321,0.0872383981614492,0.3913900990605927
-0.11278809002927455,0.1193412757645775,0.3920555407380769
-0.013460022540595418,0.009600519185622632,0.26087138271972277
-0.037551317042779114,0.0382038990158081,0.35714053749624275
-0.06938290552261257,0.09011188033061816,0.4087440189691678
-0.04966485984735867,0.06143282174646367,0.2729265258882619
0.08443492506304429,-0.047250791478003346,-0.15974721498778333
0.10347832676581491,-0.016435930303344625,-0.11717805398129566
0.13160324051684186,0.019427536440758397,-0.08826772735228189
0.4842681009941773,0.14005776701636433,-0.2145833289028674
0.4926401680433147,-0.14358693977807344,-0.21403387419231817
0.13468900294254846,-0.021241329730875984,-0.09107575870152221
0.10386153932419068,0.015510901931411476,-0.11707127743098576
0.08126459000754274,0.044566237450205624,-0.15246095819053151
0.45655163033116747,-0.22424522328710303,-0.1434481288002833
0.2338109033088135,-0.23841684878702074,-0.0346535066958492
0.21700580121604807,-0.24544427116543716,0.020327081859172987
0.15137854327750147,-0.17673557734929535,0.05541901117089878
0.22489822028970813,-0.4018772779777741,-0.1203759497082023
0.2634821798983001,-0.3128170771665029,-0.02547613884566911
0.09851700348140695,-0.12756063240122745,-0.004036625097957395
0.1927426842517985,-0.08531906661611678,0.055536239674056374
0.15297470741881034,-0.43959146139298444,-0.1781624279997403
0.01288470918369059,-0.14283266166144956,-0.09216842119037025
-0.017037505083643583,-0.11118234634997057,-0.12301260540689204
-0.043522766248038386,-0.06250336782562439,-0.16503285704900492
0.045229783859152134,-0.07685851670058173,-0.1547137988530802
0.013305111913839082,-0.11126293531467685,-0.12558738672132896
-0.02877851244661006,-0.1870653271799291,-0.12082992788510961
-0.1474108228361022,-0.49856668983858043,-0.21669901081222445
-0.4967800277766232,0.2071175181175933,-0.17444960618988714
-0.0893034142530937,0.10771763764712412,-0.03464751965499699
-0.13090923781188166,0.19500406381604896,0.006320213095769453
-0.18000953099780237,0.3193536902473421,0.10620206516222049
-0.21969344860589587,0.44726695004499967,-0.12297617155746458
-0.27617238975577924,0.3539951966390307,-0.051925596589821606
-0.10839285470650574,0.10652161561236134,0.005567047645857637
-0.16002840170007615,0.08113321277156742,0.04469033985042549
-0.19019462568208437,-0.10076998160383253,0.4136575638433174
-0.15025189611814227,-0.03429316244093352,0.24468814257782803
-0.09977153005030003,0.02181607606565945,0.10784233786188778
-0.18962463724793463,0.05403125109679213,0.10204695904510508
-0.18254268126647608,-0.05044346504244494,0.09764267257517475
-0.10054136068701575,-0.020005267850536756,0.10799702509286323
-0.14919354804423055,0.02713425648528395,0.2400333675500059
-0.18016387616222931,0.09767255894805311,0.39364605103382927
0.056777826415113065,0.16373551234599704,0.09500486102614532
0.0035357112926696307,0.15309476499182506,0.15001218563358568
-0.02783864091660292,0.13514989716175832,0.17055637076241315
-0.09498918078920639,0.17510892246613047,0.36157152260280706
0.06934229267324316,0.0976947021082648,0.2407632381197824
0.002940248521175666,0.1098046951268847,0.14562586731745933
-0.03937914363723357,0.180063902271202,0.17909282763275125
-0.11120290401191626,0.2745661033941089,0.17303426213892492
0.37884471797940056,0.10898523183742381,0.22124307993489545
0.1244135641465351,0.03415907716779082,0.14717606490995805
0.17606910501330134,-0.008139523110858377,0.23603524250246458
0.16233801969260298,-0.0777361312851696,0.33252456985181367
0.40555212195218626,-0.11780193764543591,0.24157563544699062
0.11887536898095694,-0.03145257707573812,0.13857540573097005
0.17589351861620917,0.006349635971695286,0.23292896381173409
0.1592965911235817,0.07662067123176065,0.3258651699103007
0.4494491456326528,0.22476009568222832,-0.14136769789483775
0.23477111751684784,0.23955375637633897,-0.03429792367151126
0.19721896474324305,0.2263368441081807,0.011515829278257714
0.13634309064245306,0.17871827955149724,0.055081482999684954
0.19441460461826077,0.089367799225805,0.057563638806446625
0.105374259181827,0.1293146520571556,-0.00019945830852042656
0.25541160564290105,0.3077658151475521,-0.024776317443954515
0.2143875557638888,0.40006888206605595,-0.11655905175326077
-0.2129653015256428,-0.36731223657030615,0.13641107423649573
-0.13203311326614875,-0.20131828096493892,0.009414837019858896
-0.0917506199977214,-0.11144011942448688,-0.03705960454045752
-0.4857788341855672,-0.20229296037504524,-0.15942844711191828
-0.22625982455916166,-0.45675913827670883,-0.1256653567003667
-0.27384567763956025,-0.35134276988603313,-0.04963080219772091
-0.11091859885991391,-0.10804039726908683,0.004904288769912645
-0.16172292240897304,-0.0819878470522013,0.044345276722757745
0.05141939583343801,-0.15488543003182226,0.08214913775133291
-0.013483825093499779,-0.13595148789603542,0.1443390880353929
-0.029051700176060485,-0.14050279890031447,0.16690605248878376
-0.10081708139377099,-0.19972172398856206,0.3931179392653657
-0.1621666940468596,-0.32511142756808614,0.2377698282782307
-0.0564111049488992,-0.17864657449410262,0.20237494823177204
-0.010588040445851847,-0.09890899134314073,0.13620478280658288
0.09446379340712453,-0.1366825943240223,0.30574446508432673
-0.07476846676632697,-0.052813277007776806,-0.22393497723933203
-0.10902438358412173,-0.014730270068248438,-0.13522103053849444
-0.12971642321779392,0.013256854334455174,-0.09816629748268389
-0.6880999867112615,0.19956885372934563,-0.23182489211137192
-0.05625067374239361,0.04118967410209932,-0.19711471201843575
-0.10948864514846685,0.01501022127429253,-0.1352089189372044
-0.13119322905732775,-0.013238379822492574,-0.09912823302200509
-0.6798133246329899,-0.19683532038535279,-0.22935568767362927
-0.04204657877472003,0.057638868883827,-0.14905385452118972
-0.01568348720104565,0.10896023752752391,-0.12272834395982128
0.009546861063055082,0.10521910404539546,-0.06629600042672805
0.1560270817856514,0.47493644083013836,-0.19003826850869746
0.04609093207502415,0.08027015727676529,-0.15439522704192207
0.014162319604989017,0.11063410987724616,-0.1263341614481147
-0.023757520117586337,0.14120764744820155,-0.08121287770654775
-0.13436414995896862,0.479305236700856,-0.2174849593255516
-0.03262193367434436,-0.23303636255474694,0.00835585140134907
-0.00739087414145267,-0.10960126155902918,-0.0377203844388283
-0.038996536675069825,-0.05042917766184296,-0.1414330411667936
-0.031175251901155925,-0.18900487685808506,-0.1269743445407771
-0.07953060134951614,-0.3366634538381333,-0.0922187863862707
-0.08802121248580344,-0.3339889871099619,-0.09543176491300541
0.11503521294716046,-0.0739288383491642,-0.029370495170586975
0.010874407544280313,-0.16641496998084634,-0.024364373194138197
-0.07643695967876511,-0.20436670833875975,-0.04060404075779325
-0.10927297880786313,-0.11869372786885739,-0.07601181281946275
0.026459511525688144,-0.10884502555573863,-0.07290802145071347
-0.0016077540947195804,-0.27310177306305683,-0.08117308944868118
-0.25374177542321075,0.05641514800703875,-0.019775116845504984
-0.08685138309256543,0.002409601403277149,-0.06409441483649342
-0.08242493706735601,0.06856239775341554,-0.08341384588496295
-0.2076837837808885,0.06095300896153775,-0.10402094138454882
-0.26436108015848525,0.008345390570141893,-0.10316458522218414
-0.2613827248918328,-0.08035419391939189,-0.17483395621203265
-0.15876401126109738,0.14498970070467834,-0.06369896415346618
-0.2204759838103618,0.09653888493833143,-0.06281463694571274
-0.2844854733616493,0.09903993366532611,-0.11072394935511379
-0.3139366190741099,0.14497150935029754,-0.19513149467581759
-0.14286643425290455,-0.07181041386091709,-0.0685954670478216
-0.20636938631730298,0.007470203563355448,-0.051836094314128826
-0.027089800500232113,0.12308279483464066,-0.015254025535668056
-0.05126380286808551,0.13205130218040959,-0.024704162233300977
-0.03738914259916379,0.032021317998606635,0.05844282317207833
-0.02313662895443815,0.0906774563566287,0.0028042553295855566
-0.03045971993724213,0.07744849166250005,0.01058605971473687
-0.06832774238300846,0.047901917470491696,0.09264456722250108
-0.08213068245484868,0.28079099005348,-0.04593985477344482
-0.025603613709163267,0.15060936173594477,-0.02727706810996498
-0.025351276017675107,0.14804390943231915,0.010350309721048126
-0.056899431330545244,0.1901325218365223,0.044576720299596743
-0.17210307633632663,0.10289405739996067,-0.20132486583826795
-0.029264005803677797,0.07722265984355046,-0.029168056917629564
-0.02255032728972058,0.34632309955114066,-0.013671005377249535
-0.007116697076799565,0.10022713910594797,-0.02767861676801784
-0.03652021972842007,0.03731491932683324,-0.09172474886176013
-0.04084448272001481,0.3302471267994808,-0.09760537634063894
-0.03783329156185129,0.4578257262118326,-0.07414608463563258
-0.08142631770194499,0.415154100487935,-0.05266569267131033
0.12065096370438219,0.12099986211612367,0.02744127471034326
-0.004580330201836289,0.28434901434652676,0.01541008812823395
0.028245441854462962,0.40310223099890574,-0.058969559949609326
0.03303039101570289,0.17280295209888372,-0.08665064338843453
-0.1238867807580845,0.20693248969673553,-0.020756151271484745
-0.079654503516767,0.3580956288260699,-0.008543555839921023
0.3411852562041106,0.03393479046362466,-0.054390496498353466
0.08621777280637975,0.004243901595707501,-0.03124239236292275
0.0673577785380008,0.04702403463465207,-0.06952822337895918
0.27674709054515434,0.030849408858983872,-0.06108088885761917
0.32076545922378136,0.06412613260761395,-0.0540098533760186
0.24476349906295614,0.10194035637924052,-0.02014301023385379
0.3520302707612099,-0.0358582865299132,-0.09487679428689606
0.3386580480981308,0.006857775351415717,-0.07235098595751162
0.35952834205359285,0.057445613531879894,-0.08263994301942594
0.3715882935143894,0.10733380558214078,-0.10782904210717169
0.14588163002757923,-0.04237358361128174,-0.0033704773646930763
0.26249073799701805,0.007772692470071653,-0.032506448385341294
0.08435971932101116,0.0995437692137128,-0.023013413198167285
0.12185310939906704,0.1786541088248923,-0.02611713979795829
0.056272948119207473,0.005106945589381651,0.014165920020356224
0.07418613466865309,0.04003864069693619,-0.005883527211812531
0.07624163583656608,0.08705877524090823,-0.03390665503361072
0.05374901877189688,0.10814005356550467,-0.07451865319986116
0.23560487295926894,0.023035616837451242,0.09914322526770587
0.08725232669450532,0.03815226112283388,0.0035334139062950186
0.07899358472770636,0.08728988290235216,0.0017713590165576174
0.05510618352682413,0.10115810023903286,0.03296654934494973
0.3225482438173606,0.11924313615700562,-0.12924293559845626
0.0842232468413973,0.04094002298948221,-0.03205566730427519
-0.026167604874146162,0.07159602075466373,0.11609999805816719
-0.024101548245274163,0.12150375794933105,0.14294819033311587
-0.03452079992176123,-0.02608524660626903,0.10613244227544204
-0.026670958259583898,0.021369004922124096,0.10640778001565043
-0.036537267508767346,0.07489714864973171,0.09881256514101487
-0.058810289854582594,0.13579258526012344,0.0705283595479491
0.023898263361178063,0.0011342978931886667,0.23290376977853172
-0.015177341326273096,0.016933466492240565,0.1221671885515832
-0.031341025184968424,0.024537921530052038,0.13389422603936926
-0.04758018158621286,0.08458768178462361,0.3634927718347184
0.012998153429072899,0.09385767380516537,0.06543240966856215
-0.01661047011191772,0.06818240283907337,0.0963960038361722
0.0767752151930137,0.02221907167081196,0.13185368294758848
0.09274604258641538,0.00492945929711531,0.15280616557890078
0.027385965902185342,0.036300714107781344,0.09141554945886309
0.06331956687682577,0.03539983037825007,0.11410806597345592
0.07533008090796854,0.05301156478223462,0.15321738896769188
0.08227320660682877,0.03739615595115904,0.2748928955098518
0.1101183376650448,-0.06848302764111265,0.08816539348430225
0.0722662242199983,-0.0015558635183133495,0.10283128275469258
0.06218059530433761,-0.0015662107849902004,0.12510059402102158
0.04668221532893418,-0.05458970976936457,0.15523233128428862
0.23904580373723172,0.07101526475698879,0.21361133745767966
0.08964378771005063,0.05713410678835095,0.1290876107328289
0.08545170510661698,-0.04763673850110646,-0.027624725474421494
0.10083682460270964,-0.1609903977645949,-0.03163337687168078
0.09331958440655094,-0.021858607253326383,0.010734256742270952
0.13293676364949858,0.009577475932163423,-0.013990956226369032
0.17213046636232432,0.005237512816641864,0.005152503722665996
0.32118400604520775,-0.06874429074932852,0.14023463566422556
0.054646034862099534,-0.06889860415902145,-0.06713659709990537
0.08283193782076924,-0.032895186207999666,-0.038810868314231674
0.08558977707850621,-0.03127246534703376,-0.004009088926171746
0.05377744697948932,-0.05962374141855359,0.02682217305969899
0.3551517975953022,-0.08085159954292999,-0.10785216952396193
0.17765881080162976,-0.012998167244667888,-0.05967527434004109
-0.030179404722201077,-0.02013973683835154,0.12330499890333567
-0.03958874181203774,-0.09378110408353567,0.12045698905290003
-0.056443362739410134,-0.009740318945923252,0.17605039909323364
-0.043207944759712354,0.02681468276928193,0.18144233910342214
-0.018920001193280838,0.024875273635604062,0.191422418401121
0.04750238984750622,-0.040389286063564074,0.32699380931579397
-0.0479998403773242,-0.0768350022885352,0.06694426497766429
-0.03893097533274392,-0.01808152473405621,0.113123596669082
-0.054441842190619295,-0.007550365836219191,0.29086130222789675
-0.043339310771368045,-0.039651287427166095,0.4481701951372552
0.013532061211063888,-0.054377342144699824,0.06540332725670417
-0.01917056880376945,-0.019265319211708664,0.11067204374917723
-0.019841979943586142,0.02007873517921955,0.14811644141474764
-0.043264340404023265,0.009006423832603203,0.12591669645330206
1.047185943763834e-05,0.05202622830027774,0.1544899556158848
-0.012286406648619033,0.03656732756292814,0.16995209581558848
-0.060388996421412294,0.026566499989483492,0.30130391649138427
-0.07685724982063681,0.039525526503212005,0.3990056924467578
-0.026296531201995533,-0.03638821968859383,0.09034887550534723
-0.012114505429901392,0.002172214631138596,0.12118846333323381
-0.01937504120206264,0.04847012115680656,0.16305626619558647
-0.06183831131130414,0.06423842787562344,0.2005333719404162
-0.07716036880715572,0.0320776635369462,0.37211795728564917
-0.02783380087011884,0.0027885202828257546,0.18539163719762558
-0.03246631270880966,-0.08611831703514308,-0.021394695826249074
-0.04648424073595724,-0.12550715359285256,-0.02924471923845643
-0.08296731232953078,-0.05461184732223618,0.10623330013954037
-0.06654064229031931,-0.04282792531580605,-0.000407999110574704
-0.057040779813364396,-0.04319038158716049,0.0135871566972126
-0.07298760702351059,-0.06279058733674518,0.12231266618778834
-0.04909643667972556,-0.1872077279450394,-0.07660303497903696
-0.03297434635634005,-0.09371948764151598,-0.04259728494225041
-0.07157154462674177,-0.0544267166130603,-0.08583603808027616
-0.21530233076449304,-0.09699281250164374,-0.2147700030602398
-0.03977806803008156,-0.11433600024762139,0.03476745263920157
-0.029406239127784315,-0.08272485247557711,0.005937050549534572
-0.14763938760498976,-0.08391073867916536,-0.13965095618017268
-0.07912483832088388,-0.057235225206379185,-0.11161046650868404
-0.05158988547168792,-0.044838332737049444,-0.07171524923984794
-0.20726203673616717,-0.11410620300459247,-0.16929131797863076
-0.32697322673289014,-0.2903826486962134,-0.07873198500252984
-0.46245126795260905,-0.18717515438372875,-0.18483689016673516
-0.3354377979707915,-0.20690144822995873,-0.16468287152446434
-0.44278648206137255,-0.23929484832454193,-0.08633072516713712
-0.013360893788337854,-0.020358111908147992,-0.03916780399544153
-0.008813827604219837,0.024825639749833386,-0.0056438993329634346
-0.005504775826970729,0.021162416251307672,-0.0026266744478124888
-0.022760033004373053,-0.010311457143075653,-0.03671172688669297
-0.3773501891884806,-0.09938880229262502,-0.17496218024312082
-0.0950611641327948,-0.013555904333844472,-0.04246669527878701
-0.06784556758788615,-0.030800796478193095,-0.06151313440400039
-0.2115515920294847,-0.058510908565901555,-0.08761246425735625
0.013069459450595919,0.006474239851333965,-0.032532754854465724
0.02520416976650974,0.020675644589174296,-0.02590093217535083
0.025326213845021428,0.007185512510681614,-0.026581952593364995
0.014527350979676862,0.021035692510615392,-0.03088751970680119
-0.007925543995732757,0.041190670161143465,-0.0306995896344593
0.004582101587577421,0.04784227158594369,-0.03490699778960441
0.003771176820811897,0.038688667880023085,-0.03159776996418121
-0.0067002558001746345,0.051964987680943514,-0.03361028730116357
0.03450302154582311,0.03426931991966783,-0.015740002097334622
0.043297652971769574,0.04247363414677138,0.000356055797603169
0.03827622759273463,0.03515595498111729,4.240768251894556e-05
0.038779890893665014,0.04112992199180094,-0.017383260877458475
0.019722163507074664,0.03334108362744518,-0.04439674850854308
0.0425991951495779,0.00957868951470239,-0.04455051757516437
0.035055467741938635,0.032189603057158296,-0.03734351211233397
0.023650652212048866,0.007667476529205884,-0.05709915276307516
0.1749279275188777,-0.05255903447564059,-0.11688335864426812
0.1137406536052653,-0.05455083305316529,-0.07464448184556033
0.06623001151725462,-0.03369869084769172,-0.05490203469416403
0.3193019869798586,-0.06590970274374978,-0.1096268151980909
0.40607870058847845,-0.2680813186962782,-0.08991235209747055
0.4294009942211961,-0.17333906258761297,-0.13329451088189337
0.3946850103777199,-0.17972550330596643,-0.11460257212153609
0.4479767913537107,-0.24637179953556987,-0.13975160742077708
0.08443507676084713,-0.024062015502979102,-0.03831379625451437
0.0820150668413619,0.024211724133358505,-0.009776533720469337
0.06645883964227986,0.015730155144590998,-0.008284353887197152
0.08580590299802694,-0.019218779801178743,-0.03817849777375944
0.429132680869871,-0.09590998569013257,-0.1282029638295173
0.09931659136267217,-0.02319857405200322,-0.05053009310618363
0.17698507704913466,-0.04580345567404896,-0.07829258155102753
0.42671420568960444,-0.09346538008793379,-0.12853248889074914
0.03261066701655224,-0.0033558142696330662,-0.018742791833970266
0.03032324167166469,-0.006048707048841278,-0.008533360629970016
0.022667629267970456,-0.006140729599853025,-0.02482734162999351
0.039872130704802805,-0.005007111818172884,-0.004748758948572689
0.038492599608026194,0.019754334948340953,0.015085757884400496
0.03863300554979864,0.005483134042539248,0.030463629294767935
0.04205780691682147,0.0035991147991299055,0.014287727483969897
0.0351472434697111,0.020512872034330987,0.02950633446013357
0.011894145400684992,-0.00548030785185914,0.012641644165934848
-0.025617784407495927,-0.0016537105497419896,0.04345213800653011
-0.02305725808840067,-0.005908004797991906,0.015290650242182006
0.00957916387548628,-0.0020707503704346254,0.03797201834333426
0.03215929752934517,0.0025807172191833596,0.04864727029983164
0.012674164440620157,0.00671499511327179,0.06934842701271471
0.024230625154107233,0.002077006515229245,0.05379609624136099
0.020779565763601893,0.007642533854050944,0.06248409264201872
-0.00043550239535498605,-0.00748795582050971,-0.04095143805136429
-0.014216677493532257,-0.008993492296228754,-0.039246092042612986
-0.0009973190774197188,-0.0060954804225716,-0.038056026392088244
-0.0183092008705767,-0.008087266251880299,-0.04595482622408073
-0.05565733084190994,-0.004230064404759908,-0.013373816795640084
-0.06642281417224513,-0.0034653144632475308,-0.03882969913395269
-0.046482979497577674,-0.004950560080905076,-0.04137404473094194
-0.08351885810165853,-0.00021243741117132984,-0.006786061085252594
-0.020284816491193233,-0.0018829446844270301,-0.031166746570636904
-0.023697377487815877,0.021313759644273986,-0.027752342950834872
-0.018217176903381906,0.019963038274653663,-0.029191370389037265
-0.02555824222121713,-0.0013822282642669043,-0.02920440821506019
-0.04903576397895279,-0.008696375223566711,-0.03961139889733915
-0.02803083344563182,-0.009219897743000076,-0.02984819810012287
-0.03262767500112949,-0.009589510900309428,-0.03294624849756865
-0.043405190723384834,-0.011949632822425197,-0.031180363717874207
0.19542518636053646,-0.053059374656957814,-0.12141475953956309
0.14444835387191315,-0.046477800577022874,-0.08832968700213423
0.04649166734193212,-0.041582858594937405,-0.08200560382620944
0.2487665366217471,-0.08489698283115985,-0.08819588092928489
0.25479146885146925,-0.16378207957835197,-0.010366919947717936
0.06030090700456345,-0.023662294846132796,-0.021194702020554058
0.300043328711951,-0.1259599550545868,-0.021108767337589582
0.06958089595934716,-0.05293964413225859,-0.06108102383074591
0.06152418036191148,-0.015271078295515966,-0.05392305008767951
0.011950041585988863,0.04159937489298303,-0.04778266149542998
0.0043726212432505,0.024108169824769193,-0.06281036489207933
0.024245195130724925,-0.009596820100762129,-0.02410937373990584
0.015305352995388233,-0.02432398786572646,-0.23411004089122742
-0.011334954099303155,-0.014617860387392823,-0.24334839400868216
0.0049670409799785105,-0.00805000436314123,-0.1559069036250368
0.022697473066012577,-0.07001820806892047,-0.2915311535422235
0.04918578700871093,-0.024092015030985892,-0.09242799131866453
0.1312149328282751,-0.04329986966675676,-0.11482125809127151
0.16393630207357554,-0.03906264864535372,-0.14838082277901676
0.04731534283100716,-0.0011647346596152025,-0.08977582233728927
-0.023902036910173178,-0.0012011163931670821,-0.01921510784669935
-0.003370680563338181,-0.05676660487231495,-0.04221314681107249
0.004744530616039471,-0.01531944909950288,-0.04567707270382152
-0.021564405466431204,-0.024406053917119346,-0.015486510877540233
0.18620977815497955,-0.2857077047217422,-0.06683046485928458
0.23670327260218135,-0.3941270015474362,-0.12446547315635485
0.2765206432921237,-0.35118646349095,-0.05057480660762311
0.18091515237152175,-0.34112844092233957,-0.060917531952284026
0.004978370448636143,-0.12928268584442243,-0.08905491361810551
0.06663995172114447,-0.21584538225120095,-0.13724594274658264
0.1091546555515469,-0.22507381882569705,-0.11774543917985415
-0.021109531542572373,-0.11849038024266526,-0.10161089733913979
-0.13841026240663631,0.18886218349509074,-0.16434845233001902
-0.12723792379519336,0.11708040422756824,-0.14649293325749851
-0.0877228363063655,0.0935800207336094,-0.09447568375149407
-0.1905758865114589,0.20747895774292338,-0.18957568485155465
-0.31577628837831845,0.36298300388621446,-0.0729574032973041
-0.44468529207003593,0.22464992256588298,-0.19092622119116084
-0.31738241910772347,0.2838242048228331,-0.1661955438342466
-0.4342297224699017,0.27886416517987006,-0.07414805652251691
-0.07026774603135086,0.08776439991319238,-0.08741481385666669
-0.009820530429050768,0.06503705091133495,-0.005282512472470801
-0.020838099481257713,0.09032019361300017,0.008843994887553898
-0.0448450961002884,0.06632381099721552,-0.068145940191515
-0.4713926898674392,0.12417339049699072,-0.21107823872637976
-0.09725910350181714,0.03298042656620444,-0.046734456560636184
-0.10725188365464668,0.054890147849878154,-0.09179903598732042
-0.27449996034072355,0.07380456706444855,-0.10559704291157865
-0.05139759364059001,0.025663610444210578,0.0015515859302434524
-0.05016010268081665,-0.0008166443689310827,0.027054833403347533
-0.05626836076205889,0.0026483153108091723,-0.009115163006291166
-0.044615800780663295,0.015541675101320773,0.05261604988608211
-0.0051695226045753405,0.08228207173538496,0.1153486747907274
0.0017285112754449718,0.033589053655119785,0.20718016972876738
-0.016682317360759057,0.0427436570488447,0.13397195469507164
0.011839851323957526,0.0785556171600982,0.1805474248504235
-0.04458777838133673,0.0032135962132528477,0.03434062133757624
-0.04253156256119225,0.008908295322744255,0.043030460517787174
-0.04292156049363021,0.015029970743919796,0.024465099367581976
-0.042197135356872605,-0.004208494619741041,0.05702583215195546
-0.0020133385877607853,-0.019088806245973172,0.23021891876812836
-0.018416638347860528,-0.04553220161413021,0.1707585182083538
-0.028130724950976876,-0.029370729427416233,0.1386967139958909
0.01640078819292936,-0.03145859864176953,0.2677837832825724
-0.052370461771269396,0.04998202827311001,-0.06343162665093464
-0.09589402505590601,0.3226084869096493,-0.1113365438940664
-0.11388416539107757,0.22161097839198524,-0.15899142038817837
-0.04425551846110012,0.10657346382307181,-0.06029121429097473
-0.03913604932160651,0.057967994724067544,-0.0039013186340468207
-0.05880635167049543,0.13622845453691237,-0.04239177665488787
-0.045713665237747,0.09681463407134604,-0.033184790080389485
-0.042887586168663665,0.09191720121187585,-0.007422974123640907
-0.18579115698688003,0.44713447074476725,-0.09677191812252006
-0.24328345524310455,0.48475880455856357,-0.17440801679019163
-0.24830505145581186,0.4674849431122093,-0.1114940573295222
-0.1805336785457685,0.453816642114582,-0.1120485500484639
-0.10369223815183835,0.2487095398409014,-0.08595314235711142
-0.12894315435711096,0.4231928966252901,-0.15224796526099552
-0.1317276082325949,0.4123837969132254,-0.09970951737738507
-0.0826884715797139,0.1769469451502859,-0.0973629947146106
0.025862739455023202,0.012334235024201782,-0.04556416232151463
0.05535567114633054,0.07515727735461357,-0.07017105816878552
0.05891902632859344,0.018329102800989414,-0.07274359745728895
0.026048021184532283,0.049739746490012365,-0.05168288547308686
-0.012203718564502159,0.05062073358361111,-0.006467689116594461
-0.008623408382250876,0.09811578746818793,-0.041988328774776644
0.002701477937601767,0.06897117966675644,-0.034470973269205646
-0.023274584344341966,0.08118577838743779,-0.008429739638146395
0.17080659642045806,0.34131333400908576,-0.04971889897710866
0.235998281945361,0.4095260611360498,-0.15779115290102633
0.2648214504103777,0.4123111685628282,-0.08571121881244101
0.19024393407878898,0.3661057616272578,-0.08324387104341344
0.01430203630363889,0.12619823383780002,-0.10753456649956464
0.05763446468382809,0.199842840073884,-0.1301618573189458
0.1291093821279137,0.2604917621069505,-0.1393389506798727
-0.00992261838553207,0.09877232641357968,-0.07871517737852786
0.0005911267464739563,0.013754633926617906,0.0858839981400852
0.012257551003678412,0.029860927612126817,0.08832105274346974
0.006354385846844628,0.009250016510544688,0.08835669577082479
0.005938459121985982,0.030431620594791244,0.08412585611650725
-0.016013072164515085,0.041207923957865884,0.068095803433296
0.005060669621963043,0.03853541186118037,0.112926581948636
-0.0022120631371892237,0.04248267262986554,0.0805506790747603
-0.013841447581526337,0.03816860033990459,0.0880822899887184
0.01715764169704214,0.056158624079686664,0.09770272028061164
0.02090084407823518,0.08418937792655717,0.1392963506067278
0.010563684362005213,0.061077841624635275,0.08123779229531719
0.03126878228086462,0.07210814423387109,0.1620650176889783
0.04221049565891314,0.01481613680192177,0.22287448704362198
0.0523354976313179,-0.006675105190828521,0.3010622680385421
0.05407771325817411,0.032733316009979904,0.26026313412329466
0.040664000779104655,-0.023196728040720566,0.2617636774588068
-0.06290731223399727,-0.02625550526581776,0.4160317362888458
-0.03841964750425246,-0.014537280198527786,0.2541164177925034
-0.024547169880610935,-0.019861134333542037,0.15624660928826217
-0.07370689595031568,-0.013141218981562095,0.48255978485556994
-0.09779949167127341,-0.11141421192923832,0.3812933332254279
-0.13165300509118508,-0.1269099752080811,0.45541063130755416
-0.1307110206893529,-0.12087852144714346,0.5136917344109643
-0.17598195993272456,-0.2275302162295745,0.4541928615098513
-0.03149639401286191,-0.008990095258628109,0.1432667263625119
-0.029499077869133018,0.02286315187527092,0.12158239599155836
-0.028023676395787414,0.02098164079354072,0.1003184568707538
-0.028386417631820853,-0.00016591262238131128,0.16790189661371763
-0.06730639830060574,-0.036401157784349256,0.3878464385781762
-0.013757603047514303,0.0016364114612150583,0.2864538451097565
-0.024428945349208916,0.015186608067967254,0.3104009279545481
-0.04958427647297415,-0.03399962486880698,0.3687726262745903
-0.014268245580870198,-0.04065642327039313,0.14013913326647878
-0.06218936621806353,-0.06676889597657007,0.35929264217420304
-0.062010415923083664,-0.05575889371742146,0.37355704200800327
-0.0168498191536947,-0.058699207843468666,0.1404741547894908
-0.001211483706980517,0.023559989802952163,0.04694052751011413
-0.021705880534256223,-0.007738187319198139,0.027850810667890597
-0.006102836511189189,-0.017840776877490937,0.05131900082060382
-0.007012847010304678,0.025942389065902512,0.02308465711829539
-0.08143372645360063,-0.03196757403828901,0.28001013535811237
-0.09656183878543448,-0.06214197344924147,0.09047706234378892
-0.04995858625220116,-0.03723869348988665,0.13438094496154743
-0.11584877461670152,-0.0434381705958892,0.120349131942729
-0.07449071520646351,-0.017378624137256098,0.019117164357950342
-0.1448192772424507,-0.029852544980702913,0.019137314312385124
-0.11309282278696893,-0.03288067601269452,0.04006447300566087
-0.1078520540917733,-0.008560758406207566,-0.0005316450176673727
0.009403607083425955,-0.012003332179825767,0.10859910638256189
0.06833142244409572,-0.04261981781441087,0.20168246432397377
0.052683507121155375,-0.027865739087048196,0.14062412689751205
0.016675327444153808,-0.035162455419229466,0.13486418117182444
-0.021607652917827697,0.02046662364728452,0.09399161942142255
-0.009018990624360967,-0.014418215293634141,0.12951150382466978
-0.007288540877700505,-0.01471222144722232,0.11722352873075202
-0.02300678205691193,0.02411341369990797,0.1131740498512191
0.14256240271728662,0.0056049001917252315,0.3074778300223383
0.13830135300896937,-0.03008368260438025,0.24313276935251954
0.08622220674235562,0.021666261291714322,0.15075932085672394
0.14378133743474505,-0.07111496333102225,0.3487452346780348
0.023362349108161835,-0.023273242792160514,0.18890466609481557
0.061287794931978806,-0.03409716142772602,0.30732824213697174
0.08550107947121809,-0.028655088524479164,0.31525770676462944
0.01743754067045722,-0.008372474603642648,0.20450570246249872
0.03506946374100955,0.009794786845028453,0.0810185446992102
0.019635425588108286,0.041291890954717275,0.05971979615970769
0.014003188248276035,0.005447102512776686,0.07142229594731898
0.03843386178986889,0.04659609096012573,0.06799045904785103
0.073751481596381,0.0883225270340627,0.08016181911523548
0.08089162849914816,0.13655974750825958,0.06506427220930851
0.06180928508419173,0.09385627318319602,0.06828836120171283
0.09688268969964614,0.1446591451106615,0.07820316033457236
0.00023991578090051252,0.06477785320275584,0.04013725665327346
-0.02417964724006227,0.0806700146861187,0.017830909760830554
-0.014352864904305632,0.0466453388183552,0.03615843675997202
-0.009791311669439438,0.09685378714000412,0.024912838165064607
0.04538852006345548,0.12843751720534125,0.0442205592102931
-0.013300683606722456,0.10594682540433528,-0.003895299604276679
0.0016770119247300121,0.11802296409530295,0.02289525505661725
0.023521595735739573,0.13273625860130478,0.021795536609086227
-0.01471300177952769,-0.02581138923256722,0.08736529697925198
-0.03908776883199083,-0.04071308258757353,0.11125093557881144
-0.02581122404374288,-0.030972264116144937,0.10826669646261956
-0.026833417194560203,-0.030769268130472156,0.09006071791393352
-0.027774292121075864,0.007872136567937641,0.05631699674657138
-0.038257902967220966,-0.019278476871882097,0.07665110965042407
-0.03062825938998874,-0.01276977331476441,0.07449126455621528
-0.0371978737297175,0.003507141400693052,0.057623242009900884
-0.04984487946141126,-0.02787919570495644,0.1312360800291855
-0.032495046037936855,0.01195386714969576,0.11396817729282502
-0.04164245960849815,0.016529194398001313,0.10327533979430445
-0.041295129700153886,-0.035850795458538226,0.14826165210183856
-0.03755163070525796,-0.053524826153343266,0.11332035053281393
-0.007275812160794543,-0.06127383751235654,0.20471240103152105
-0.031846320174991706,-0.06349132455585514,0.16055113389395814
-0.026881863003174085,-0.05793292682531907,0.146690168289349
0.007058539625581013,-0.009829131388477167,0.14338376061663868
0.051836074870925876,-0.01359948633058112,0.17301479874582118
0.03980580892832063,-0.010646476374895701,0.12847106513255388
0.020309811606366204,-0.001434961970499921,0.1947451429794864
-0.026205291179678732,0.04472841905155269,0.13397464230728112
0.0004830247892997298,0.042352851659182296,0.21599467783718898
-0.006536965496790766,0.036767335552876826,0.1991146413236148
-0.022130375552385773,0.04738074628407196,0.14419626846335223
0.07575638396633666,-0.004064234747226177,0.17773900234411094
0.09345815313879861,0.041466082761987544,0.18242333769481053
0.07200505306958956,0.02367529368937476,0.12500521291541153
0.10874463969284345,0.04434638276457271,0.27323480768524966
0.03910269022943193,0.028804264943597058,0.2770368290765925
0.056700025793449016,0.04410522688441271,0.3061578231863921
0.07885115863840385,0.04985552254160972,0.319956927171888
0.02010715174353083,0.021102965592767184,0.249890680735367
-0.006001133380666343,0.06729200386252056,0.036043447446586475
-0.023739914788962115,0.08229327915856592,0.17357623802687386
-0.0036359656391939466,0.09128190503273571,0.12977660373973013
-0.02569158760462695,0.06412275389709304,0.05258993399816626
-0.1079360228638884,0.02461322291711182,-0.001014304073573194
-0.13880059103662953,0.04494420346519586,0.05204083619901428
-0.08093049197268179,0.03787208078404344,0.023637144540695564
-0.14932370162017852,0.03793703083929032,0.02155180060992123
-0.03105607543972902,0.04646517393982637,0.3078961310625678
-0.03057682364136423,0.020404188155300332,0.29917691306992084
-0.0056020555044854065,0.01742780003344965,0.32764764675359287
-0.041459603798563276,0.03424097748494901,0.2770858025520127
-0.10581283278718061,0.05406611238069133,0.09847009903044096
-0.05172021969035798,0.06490607113177319,0.10612053395993015
-0.05583358631858696,0.0456209466799975,0.1353575168028419
-0.09863420473583051,0.07006270432590349,0.08971931645066195
0.10673444439070676,0.06787393270604529,-0.009596211532752428
0.18639954671735856,0.06451607245375347,-0.0644376230852045
0.09897257429779939,0.060884273070653055,-0.009534230201655891
0.18368434424166216,0.07370334400385026,-0.05783719763751988
0.15436062279848795,0.05523341632324115,-0.06230241230036432
0.4346465790067481,0.12446588292136108,-0.12945638468155846
0.32288375338460207,0.08545710547713069,-0.10117128706038618
0.45502203725743023,0.11088894419920006,-0.12953730036226266
0.22313741508028792,0.0462960924675412,-0.1100137715966283
0.1686701914244242,0.04077014270028644,-0.1186705485163459
0.11221950218893681,0.008068590830155944,-0.08265699646889318
0.3118662366234211,0.14370648466722707,-0.1333120435527478
0.41508221944298546,0.2118488112222626,-0.13548462794707514
0.3817411085394618,0.32252382507301447,-0.09272002763658736
0.37774890540553,0.2560350081686259,-0.11640469766104614
0.4343840988540414,0.2658393719066848,-0.14765660820892698
0.033122195627998625,0.04062160688950542,0.044645361155898025
0.016630454267903837,0.0332551039959464,0.05689224335604284
0.027992345713421976,0.03494185491404933,0.043154412826642126
0.019872628089092088,0.03645647453873663,0.05919116084436511
0.011329248138752315,0.00036301767862806703,0.093297787773369
-0.011264320855272833,0.02134201418403949,0.09113032531547499
0.007954679825694496,0.02231109646262294,0.08218884533996337
-0.01199093058669277,-0.0030749463245094777,0.10554659480000966
0.00401455176661077,0.02474602201381212,0.06736630916522784
-0.008451575153311368,0.018238876387594926,0.07518445976644414
0.0064994870639740595,0.016569423642844992,0.06911148939425547
-0.009704036848909728,0.026037848055591117,0.07177280787119972
-0.024141427182741516,0.0370035397916252,0.07714089155115668
-0.02902960996843966,0.038307090427773645,0.0659655554384761
-0.02208230721843776,0.035867297590738104,0.06998700798792139
-0.03243057789207065,0.039914808157169454,0.07411334567946085
0.06055652111036663,0.0329545807110693,0.021043287815810136
0.06472143575099937,-0.00018013423770233785,0.045371455324400706
0.057441238189002125,0.032376627353185077,0.03806171777086848
0.06873437325821487,0.0008817081918930595,0.024067085401112655
0.04586539575955113,-0.009641448617103823,-0.022218409196931223
0.0292089396806252,-0.002800131969417169,-0.0022306465195282713
0.0494438107506668,-0.011627238432351228,-0.0009967481058615088
0.025731895447635787,-0.005937851671805689,-0.020932336770168945
0.037748733325964116,-0.016377459097266053,0.05927715352638615
0.009986280966848116,-0.016442293703438166,0.07068673553065935
0.02514523566611409,-0.016937584812040246,0.0766866035506185
0.019794965084259243,-0.009714730725456899,0.05429195920537619
0.010904783678403153,0.012537911433226865,0.017024660037822603
-0.010208487128157284,0.017957686583905223,0.03667631173754895
0.008364317324765112,0.009395180361474091,0.03609843191922156
-0.008328660074751588,0.021672976702254165,0.017832817593699507
0.10915128056723818,0.07033133333763451,0.0212886733439448
0.18006721845220414,0.06562735197714777,0.08310809284236119
0.09467236630142771,0.06019479722514731,0.039862884119869206
0.17987355075962885,0.08631666992678819,0.05464588409339859
0.1016169196956355,0.05106982206274558,2.242674499313678e-05
0.34448382096576863,0.09693520231499787,0.13538030869826642
0.22075779411629143,0.09438372799056827,0.059036087612641175
0.21354454002396991,0.07845379474205041,0.04179416050248597
0.15526425634253316,0.014086014043824481,0.12391805589516795
0.07245485584146125,-0.0057606396269822766,0.10447867073178656
0.07217132095890691,0.0003581909044071962,0.10033041547348506
0.13268911504522912,-0.0043968423742857254,0.12661885723992777
0.2565126432741864,0.04681945559612044,0.18673986243277554
0.0921423076289453,0.03522688911193863,0.0960159208373705
0.1422645551472268,0.012038250144600358,0.13286436764981094
0.1403871965051327,0.05911701734249192,0.11569995330142152
0.06252479684088605,0.017285931858069065,0.03040664001406485
0.08735113209659479,-0.02090143601490667,0.0219015104918387
0.08249937561103719,0.02525029313113714,0.015057182697358177
0.08253782972740199,-0.02169765201121463,0.03634513547926777
0.052508219545696365,-0.016143577615726275,0.07155725247545089
0.1646878692031385,-0.05369695519781829,0.14078396066738988
0.09232686368163907,-0.04482936203701517,0.06512876780922212
0.08833399115721244,-0.03424246154143075,0.1075093313143352
0.10123878455831116,-0.0562442915570049,0.024922225556103173
0.15572591052471632,-0.061119451761359946,0.02880669486051129
0.0797980475341937,-0.02193971655396179,-0.003118447967228331
0.2684478302361257,-0.1022956146455849,0.1116136071576468
0.2744184333586878,-0.014915273462486094,0.27993726146984993
0.17327472876068123,-0.03488471617065956,0.15391076320932015
0.3533478481838931,-0.05400187774766207,0.2716426848054265
0.11227872265560573,0.009060341862341883,0.12668795776750708
-0.11222666570079924,0.017129076043850666,0.10162041868263702
-0.09183180816923521,0.001698009818664401,0.07724233299297573
-0.11018675095003673,0.009129195105894763,0.056399184504715295
-0.09124866410660988,0.009727760895734395,0.12967187072842834
-0.02894824579076671,-0.005880582063073124,0.14448941645708727
-0.008840065668094687,-0.0246608868951428,0.096707969056514
-0.03858575881560196,-0.009217493840893215,0.14680498212860882
-0.005287561662501854,-0.014096754825009224,0.10158329359046864
-0.04675774092446039,-0.022524701308631358,0.027173991218307807
-0.01590762873776366,-0.026441513016702382,-0.006767020547100935
-0.03970008624276374,-0.021017851077126892,-0.006191583410712017
-0.01674081328894222,-0.03348984397169889,0.01698084124218803
-0.0034745592770527092,-0.01787923765605134,0.0526001223807538
-0.006014981220530378,0.01930777865925421,0.027389888726614377
-0.007367059726445091,-0.020479720960033282,0.030845187925819386
-0.0010716852477743806,0.020931075768946414,0.04814835571734433
-0.06191346231075686,0.01017836093535707,0.08165982780235137
-0.07023684715092575,0.015399152552155225,0.12005789292922865
-0.08938722216075375,0.016796639186884448,0.10235222868628775
-0.05279112880741199,0.013186574603423555,0.10132641120665795
-0.012395450257274737,0.01136702162029386,0.08790293693702118
-0.028017615162043492,0.011571212082712713,0.08742262295418296
-0.02835348830254071,0.0117437593830913,0.09571594918214385
-0.017750459732703932,0.012991224757814918,0.08433145402226763
-0.04457651748763152,0.006336222281181109,0.12404828701470454
-0.017232025362367967,0.0032194954122542548,0.09611023106546734
-0.03360484921252528,0.0027817526596014266,0.1306342336467041
-0.027235468549749554,0.003981147531498652,0.09381274742024905
-0.0305328455556552,0.014576548938735622,0.07295121386935269
-0.025734739242725846,0.027888567435475107,0.0630964136163819
-0.027646180320850818,0.013434120162365708,0.0721198814792626
-0.029233085310415872,0.027489992085298856,0.06394682739768431
-0.04215175696794014,-0.017955422011414465,0.014737981829073595
-0.05824100558471651,0.003319211238988944,0.055248941093038635
-0.09345211764259827,0.016535915429378927,0.07230623793590225
-0.046485058409985916,-0.06491554992235717,0.020509900025188155
-0.1143714213109287,-0.13379545372444074,-0.012306747061580442
-0.16284075971495854,-0.23709717843207503,0.10511467434628886
-0.09910700455020278,-0.1805253204317619,0.02282966452226084
-0.1324754350753422,-0.17758794727241142,0.05099573504777349
-0.09912676299227646,0.00779123383585806,0.23170211996701004
-0.09608150136457909,-0.02987632496488623,0.4451991719871959
-0.10001228165667868,-0.014874193912491866,0.33240436906294213
-0.06459175675673598,-0.011133335376070756,0.2379027695913993
-0.057481689568581816,-0.22362287867551728,0.08524370750386455
-0.024817636201786748,-0.09055486627527881,0.09242269742176758
-0.02632114583452982,-0.09973914630103166,0.08214960693485289
-0.037107285869717156,-0.19889946873665842,0.09980569635500429
-0.023512619055323272,-0.023384929824596494,0.012411203362038162
0.00011884566551542955,-0.01662651386547272,0.03953154474537527
-0.02847037777399061,0.0007718614826197582,0.041223600982437394
-0.00608726597771406,-0.05339018625664437,0.017458095543991137
-0.029919600371456762,-0.10529173612820657,-0.02241993664488393
0.03744108792395534,-0.11800864171310096,0.023155808163193792
-0.0031745778992237302,-0.1053806808656064,0.004473031263236677
0.020115008513419696,-0.12542033483864612,0.011514552456166682
0.029203441512949884,-0.004229464557752065,0.0720662547107448
0.0660521981934234,-0.0076016646408506704,0.11988172207487234
0.025983136405637406,-0.0031115855807035716,0.09479119623220383
0.05326622251698897,-0.004429809198029822,0.08084560284084182
0.07153175975649745,-0.11090447381351366,0.05056120826324437
0.07444740974492164,-0.05024691733409282,0.07951945037407837
0.062578890180569,-0.051477115500634094,0.06847047364436692
0.08932307979573355,-0.12625231288907315,0.05998037709257658
-0.08258907854585634,0.008794003110784798,-0.014274636757554313
-0.0423942245737944,-0.07211407878750274,-0.04023516908308317
-0.03961636999971026,-0.020614205409920434,-0.013214959772353662
-0.0544002105493544,-0.01670175030158723,-0.05041675929082023
-0.10982373943266091,-0.054127440444391564,-0.10456846083246815
-0.1571967797973633,-0.23795443407709513,-0.1849056698285748
-0.1191446664053617,-0.09785748914198733,-0.15021626012132722
-0.14146434652132522,-0.12004291029967153,-0.15005945601003404
-0.08398322371681519,-0.22285505367358335,-0.07030516032827791
-0.13342017100074066,-0.4053413065536221,-0.13754718693588497
-0.09931493211355082,-0.18575010115432858,-0.097379566847153
-0.12877918690839138,-0.4003963722056361,-0.07206794244991797
-0.18648765871709835,-0.4241959609338373,-0.11411710263069161
-0.24609222401044425,-0.4989334521694471,-0.15991594120143143
-0.18404385137123944,-0.46466213701269954,-0.10140974002637446
-0.24099475170979068,-0.4258827806282077,-0.08396409182747905
-0.04071208134651621,0.052231257350390414,0.03740487062769872
-0.06457136754301486,0.13600263598276552,0.027686602570146754
-0.04415583797108895,0.09135009417324862,0.018422548486617972
-0.048163376709770694,0.08792195936120942,0.04095424869035838
-0.0313090826619441,-0.0021407525423039133,0.1084411334145734
-0.032067231671405,0.07973066250815096,0.08544884398594127
-0.03753477679423332,0.05906373259631156,0.06797839973302292
-0.02799051214572218,0.021310256070377856,0.1436222786145157
-0.11977657036172236,0.1812086387860014,0.044577491995024573
-0.08906343810573178,0.1880848327400871,0.04538101144542093
-0.07692054271660191,0.1267796186366356,-0.0009099020568084912
-0.14555603711685608,0.23572041085688727,0.10310333726868777
-0.03927362921426235,0.15693917863906795,0.0906621882074045
-0.08225424158496498,0.21259916913562674,0.12614677738063323
-0.09616018392072889,0.23912724921096284,0.12585423928033906
-0.03434772662690139,0.12831683158007343,0.09823640390519332
-0.033242336601933535,0.041169260449714876,-0.061280509146458516
-0.07404150480275823,-0.0074619835349808115,-0.07981700732469765
-0.04275723060714781,0.0345384421755253,-0.06655418776778695
-0.058920821704331536,-0.009338714555097619,-0.06376173046151407
-0.03953843451451311,-0.01670563953195689,-0.26434012169778137
-0.030611887417720002,-0.036306782522099644,-0.27963384558767423
-0.023814233919292903,-0.013317311681934594,-0.17869892750771246
-0.08859908321491029,-0.1010922042541248,-0.3854731126713254
-0.11279149002428876,-0.051731032956593426,-0.10170132504709761
-0.14003907544753827,-0.0895984564828894,-0.12796732266538965
-0.08543469391695865,-0.026527640109527465,-0.0977264624435871
-0.15426020107257205,-0.12322034698289375,-0.10614110651518562
-0.09368510781231486,-0.06784747812806748,-0.07488077956552287
-0.2131480917981609,-0.25195230335738256,-0.005350113163715227
-0.19904918688694354,-0.1899625544339456,-0.05552386442088011
-0.06657990258511279,-0.0791052681222344,-0.09465207004788115
-0.02782935081465464,0.048517890406444907,-0.02561450739395435
-0.03493623020013822,0.06698292559175024,-0.021408373924127703
-0.034849611554990965,0.06417387535848491,-0.021315277821674455
-0.025715749676976072,0.0508909190641522,-0.02638978402058955
-0.016233943126313544,0.0035204258751824636,-0.02863126224366764
-0.010693441495895099,0.024428256566748945,-0.028970491272455667
-0.01540920875321388,0.026574301703733726,-0.030456680998054996
-0.011245356378872333,-0.0019283302228193448,-0.02498862262482591
-0.03843245398800223,0.06941266444255374,-0.02765445931885251
-0.044090701950445,0.057650532471388044,-0.03002286611036266
-0.049217021742799474,0.057432767153009656,-0.035964389937481744
-0.030845824749842037,0.07253023597963565,-0.030108115059699264
-0.010495745935193205,0.05639494478967427,-0.017985541213050706
-0.01005939528240039,0.08636042799250118,0.020153712431029046
-0.01547318746602315,0.08043842454145186,-0.016384861294390332
-0.008237404558929235,0.0595010383072054,0.006990793851305472
-0.031002036866934236,0.08499463491067435,-0.06863723650681385
-0.07784185092603896,0.12956601382505306,-0.07711851234396716
-0.0473091940915965,0.09754778688033615,-0.07231121990670787
-0.06475778318792856,0.09891952631304599,-0.0721973108999815
-0.04440485450013754,0.02590602778567946,-0.2748586184763269
-0.043406320312784887,0.0068617258493196935,-0.29908087858749566
-0.0343481065813119,0.01759970815166094,-0.1692270397736362
-0.1057748535787302,0.099011512730599,-0.42080602104238474
-0.11753475846103151,0.18386762198171144,-0.09754802933104965
-0.13982554330701424,0.22467642708210916,-0.13935446978468793
-0.10454086449142981,0.14373358284664375,-0.10822985121077563
-0.15445641557344608,0.2456333348154378,-0.09507844748265226
-0.06910168041800183,0.06987536999872986,-0.030358609008657902
-0.20377018045630943,0.3444814067795744,0.0353957786688845
-0.19464109778824143,0.27830815341165666,-0.012966455260614648
-0.05380255156299337,0.0756428501958189,-0.07908711512134337
-0.03451242167074593,0.05789158055551496,-0.030349448109487812
-0.029523804805014903,0.018742893096995818,-0.06203443174739832
-0.0194299135918054,0.04934777477221587,-0.039112433342158054
-0.04723077292173627,0.033418210890926885,-0.05274008935604818
-0.06538790614550274,0.028028660199968997,-0.05796141650122648
-0.052052276430749535,-0.006874545440241283,-0.04769902025354686
-0.06370271840970788,0.01285194365710968,-0.06546748339743994
-0.0598449960310371,0.0004738000920988443,-0.04608443275746008
-0.015115580385910024,-0.017029538770621515,-0.06717456437621878
0.005610094355613828,-0.008883397209459833,-0.04219064632707583
0.004250672094878558,-0.014920293212648105,-0.06405836503795734
-0.01099166948039711,-0.007837852052744737,-0.04506449325646693
-0.03577237928293248,0.007665565988137221,-0.023191477072020777
-0.023835082747653568,0.0217979845644989,-0.0022681736302405976
-0.023764253753626466,0.010232953138433518,-0.02450632464163378
-0.03540557576412331,0.019704303349239557,-0.00044984771978125025
0.038494620301690874,0.09018977373590897,-0.08310010789993448
0.06329393367883013,0.09065659046973135,-0.0473722136811752
0.02539977931607067,0.0858171926504883,-0.06264641340297172
0.10275911650661014,0.10948453765634465,-0.07425183222744268
0.11195813710043187,0.044069685942939175,-0.1313068317039438
0.24641087614177773,0.18213490635214424,-0.0871063132516678
0.17637778789197994,0.12589842963515277,-0.10702292841578585
0.19972099951732683,0.09272849983995735,-0.13821419284995287
0.012570860094235239,0.008213331070859236,-0.14625489824280868
0.027761923379108787,0.0576139142506507,-0.295312335611234
-0.01133900923455602,0.01938452851667384,-0.24963886431841373
0.030924956253154577,0.008531199751665776,-0.2502325975052279
0.27303064986519576,0.1738583780331968,0.016696541228904682
0.06400644900009504,0.057628705951096336,-0.05974532508074364
0.05073861533642293,0.029235568521720476,-0.022800571955717743
0.18012155162264937,0.16896274134042044,0.010631383015186787
-0.026471001972178266,0.03323671172573663,0.1748688360086698
-0.018840098735322806,0.012993624982722711,0.29114293153506543
-0.027223421601069532,0.03705321574781114,0.1718781303838893
-0.017297419144148868,0.015067541117946826,0.2998302675690819
-0.008736810462363444,-0.0070975619493139986,0.3160915255100642
-0.05289284781114027,0.05739449386463249,0.38041360234889915
-0.025004293824728442,0.026132096434395694,0.36239698951649435
-0.03324666353211415,0.016733761222993762,0.31934062511339156
-0.030012872378974157,0.027089949512894278,0.3343099112002557
-0.049951486767655436,0.04936386092822643,0.35573015684544324
-0.016477795943012692,0.01869820820547931,0.3047950341097619
-0.06679156122474657,0.06863720653082822,0.3705798935496398
-0.08868979390101014,0.11749144817059089,0.37604771116551033
-0.12382686855619515,0.1578693516605279,0.3315842023754908
-0.11739383973408954,0.14341304124623078,0.40826128039691967
-0.05049429077836624,0.08648225502711498,0.19808472203663172
0.10098212488258282,-0.06586354627043704,-0.11698671103491086
0.4778411948889041,-0.1507096257972028,-0.2656441775317221
0.4276729937604096,-0.18762641053632786,-0.21761688209602345
0.11784854319472281,-0.04628744695267704,-0.13483812620670418
0.09505797585215835,-0.024528197572957166,-0.2105234596339623
0.08445113233546314,0.016226625544781367,-0.1552468601083339
0.08337400208612479,-0.01890916695690413,-0.15409021119151872
0.09884642595688342,0.020853154192740496,-0.20990548081709542
0.5233559087039363,-0.07927685495597485,-0.1912975696955351
0.48561536691701995,0.05444602386394626,-0.1469416371765454
0.48374492487897913,-0.051089063979982294,-0.1457951265219827
0.5383905265048956,0.08607073592390044,-0.19703738298739534
0.10704862133214282,0.04151699968254706,-0.12152690440246851
0.5384299315552786,0.2408930808299745,-0.24316416619671002
0.5519811565851336,0.18330500370726527,-0.2862785516438096
0.09114891427168911,0.06337031722481251,-0.10658953972512049
0.38693555682917796,-0.3202353551472297,-0.1745971703330038
0.2829447646257496,-0.35332949282456944,-0.10218845731408854
0.2941888495843776,-0.37909979830760454,-0.17998329157950985
0.36111942963237703,-0.31088778931065003,-0.11436911124284062
0.5180823873845516,-0.13853998340962279,-0.09384495420362989
0.16440908956047484,-0.08148411802440658,0.00310857136764235
0.3430221348794369,-0.1652828192454136,-0.09765621139102007
0.4102749685722429,-0.10433273240298926,0.007071770722038869
0.22947711791122155,-0.3264220425821406,-0.06818678925120267
0.04663924464126794,-0.14173588959479066,0.0036502880969134124
0.0647279489307321,-0.1639538333086757,-0.04158177708536056
0.1442990744057397,-0.17093816510416743,0.000740777065636406
0.10305388292965871,-0.1216645257335395,0.02890491117812411
0.1424311705290276,-0.1935380432575323,0.07291899435511826
0.20417411290321993,-0.2436918374958363,0.06803772659920863
0.10622159076319729,-0.0986865447206318,0.05672291601058437
0.09562831939510036,-0.1665396852934481,-0.0828251306778717
0.043519198023993316,-0.10659802924627314,-0.1203622063607816
0.06764245570290235,-0.09665224482451854,-0.10714997402051654
0.047931908926956625,-0.13659157703415817,-0.07972072086396773
0.03403530367443021,-0.45659607821633463,-0.1703666735486472
-0.06917842959298938,-0.5078639174915961,-0.21011694076835308
0.040258022600367094,-0.4604186422510988,-0.18364094393413496
-0.06743503703836097,-0.4993102553673316,-0.16615710712921397
0.011304226950980368,-0.07684587526791394,-0.15928187127786436
-0.059221003698322436,-0.14018640145906036,-0.33795157883825205
0.003259696339789609,-0.11426011728268186,-0.2635764554624952
-0.019985657316301517,-0.06887027783214442,-0.15975306046135587
-0.09624293001828577,-0.2954391418784288,-0.18327508112036517
-0.06453244764897915,-0.10726317718387032,-0.1155924571151712
-0.04225382882340974,-0.10982056408519243,-0.1184553125408766
-0.17542957369016807,-0.3747467864710261,-0.2136742480011269
-0.39882795908259855,0.41270457761782803,-0.1381097181160025
-0.3225550853391462,0.4227322572562184,-0.12472427229574323
-0.3324447219154558,0.4570069405012544,-0.2113533851634172
-0.3154650370100055,0.3193823529797489,-0.10321062367440571
-0.39492341338491393,0.08704993959610481,-0.07909352182922275
-0.1506306061203066,0.07662089815558246,0.008336807044565872
-0.14125047478355354,0.061854573217938594,-0.03145309545824742
-0.20964928456758256,0.05283874288794518,0.0004892308321384215
-0.2322709579482171,0.43938871392574175,-0.06467352890628143
-0.09831273378000734,0.2431388088015448,0.007781067254724514
-0.16498272030545005,0.45634706447525175,-0.10548717704031042
-0.18769482898046974,0.3213121729985224,0.014850219716638205
-0.11641414714883129,0.11010144106015719,0.03940497180693892
-0.09723392400564161,0.17857912139961765,0.08496108588745892
-0.11893419403292756,0.19650794415675818,0.05764820767296754
-0.11257801065690544,0.10366011353811122,0.06825607512354966
-0.2574045734813779,-0.181121238371495,0.4233076489151218
-0.15485048133537443,-0.04972139721935747,0.19105235243587398
-0.10972554699824497,-0.057536211644519636,0.11387580745194927
-0.30843071573867664,-0.11344630042208288,0.43448958669144605
-0.0969276187881011,-0.02417155136218555,0.371027119071799
-0.1737615305185724,0.025355449897461142,0.3570163000950226
-0.17931320175402804,-0.02194578539184059,0.3689716875042251
-0.09456072097847941,0.028344586174536907,0.3600409833793694
-0.15798070635212413,-0.016739542319211615,0.08605308800563498
-0.1766196087491418,0.019578141007931652,0.04779972510223753
-0.17812782697979954,-0.017621066284666618,0.048017328747602304
-0.1561485287450015,0.01878432879842217,0.08509772310665809
-0.2818965104518518,0.09761008008297054,0.4035918688320537
-0.12252583987180997,0.06553546062001915,0.1261666570169826
-0.16687836610659557,0.06016575005727725,0.19376097406096598
-0.19851033856422715,0.1314856303272731,0.32989217643775165
0.08438181758726515,0.1428959724820508,0.11390965597480278
0.037679905644864814,0.09520841079720453,0.13457164969960755
0.06559654017549271,0.08142088261373272,0.12801685803462595
0.048506450334416765,0.14583102153733055,0.13172447716786975
0.01133407199641204,0.16397681434778547,0.04686404601029706
-0.042383794829131356,0.1969319650877892,0.13016424784331554
0.009173670533647975,0.16507911715015341,0.10178968473782372
-0.027874969707771962,0.17858990816837333,0.0551736869951374
0.0173912410481066,0.11121955951329096,0.24779875295784307
-0.030286653711148092,0.09403659029320881,0.37173105950923024
0.03216780402863603,0.08866176524960664,0.3566881963320127
-0.03307474438181705,0.1531351127285008,0.3133313562838809
-0.07623188838490297,0.20645274219330456,0.1929764255859698
-0.0787239929316566,0.14676984959139683,0.18732216819291267
-0.05940867721371109,0.15923256175459577,0.19405563613170068
-0.09076599674636743,0.19583484634007245,0.16226333600756207
0.1393738225609998,0.021994662137364927,0.040215218724091784
0.12210190291906686,-0.025176403802549433,0.07240121403310558
0.13785848922190375,-0.020655624476084277,0.03937904768063348
0.1259537291818562,0.026488964452837785,0.07572588707982068
0.21298613361282526,0.09060374087971167,0.21023991925538232
0.23848624995337317,0.08134649881238455,0.32024633297802363
0.32024179694236216,0.09177703356315697,0.3068959092269112
0.19316097219852588,0.116300947375491,0.27476232004101864
0.34176305461423356,-0.1000963588102781,0.3268131501411328
0.23037474605984698,-0.15741870071417174,0.3200454030795965
0.24047961310220994,-0.0904884537130653,0.2502628534045756
0.24406014380717175,-0.0833493202583234,0.32702123034082414
0.1319629967992128,0.010259948518153678,0.25399573126356073
0.08213493334185366,-0.023760319681671006,0.2515035684970484
0.13335816976330084,-0.009414485777200398,0.2607333833022774
0.07841401821477584,0.02227659006925921,0.23909474589530844
0.5169762819356308,0.14345632405231154,-0.09186829065068482
0.16109305716661224,0.08109330025758643,0.0051841947299793465
0.39580218848981297,0.10228972032036726,0.007166759316644188
0.33575625278239085,0.1588167020884774,-0.10111398883108316
0.3929356679261106,0.3208311994607212,-0.18213804893720048
0.2771797551764775,0.3493841943626187,-0.10070266008074359
0.3613565849039541,0.3083077056454492,-0.11496478549470211
0.29077758606669096,0.37636769285072286,-0.18259274428624916
0.11540078894593955,0.1280197447004041,0.03702879203490368
0.13971775690682955,0.18247101465545415,0.08002159246150682
0.11598596643777156,0.1094788889205418,0.06541064972359335
0.18176720854053907,0.21851616127848375,0.056792204909060826
0.22239404458984227,0.3261320313940842,-0.0673177562028835
0.04548066736263476,0.1376490419394699,0.004881967278665288
0.1287770050798971,0.1568266732217814,-0.0005374721090834621
0.055410285909893005,0.13687009810714312,-0.035933939226280895
-0.11571259055631389,-0.27156302597404086,0.005637365471921792
-0.23467367099108496,-0.43656653731850575,-0.06505907925721273
-0.16915121211739595,-0.45122434849385934,-0.10526540217132181
-0.21313702690286157,-0.35952885364665965,0.022938773454883536
-0.06927694914169395,-0.1654072568076931,0.07034598739819874
-0.1201547661273677,-0.11056261023434195,0.03991264993879715
-0.1041439267470506,-0.19449944097267594,0.05919510841620513
-0.11643352917271926,-0.1032442171704592,0.0696383326317484
-0.3275768346976002,-0.42999175577855836,-0.12528705654171335
-0.3423108693263461,-0.3422966119732165,-0.13699373316885172
-0.3343485474990206,-0.46743872331449177,-0.20478889711370477
-0.2883564261284635,-0.29407512693800597,-0.09630719565714203
-0.1535156511711777,-0.07739470242601486,0.007674396720425577
-0.39853251583905863,-0.08408776077338907,-0.07798058163681831
-0.15090744946690493,-0.06667181957427341,-0.03283225898601116
-0.20975710930815938,-0.052249988569230486,3.637477290701125e-05
0.010440794094141255,-0.16089750461844637,0.042867258467604565
-0.05123147261999882,-0.1635055702084253,0.12232429966355635
-0.023387749735552497,-0.15581716105936277,0.045278666361124466
0.005478665966624682,-0.1482511184975405,0.08490181776186184
0.08276155247627032,-0.13470213826138647,0.10158830211828365
0.03172625200095978,-0.08182849828971216,0.12704086002364862
0.044522779293438314,-0.13514635725827462,0.12215348242178557
0.06013057646347977,-0.06366523475437715,0.12033041132338011
-0.0772925186154525,-0.20943255198530208,0.21221201364953243
-0.0815390774299777,-0.18011811833224603,0.20065561557249836
-0.08815400896522875,-0.20117762166004124,0.17463267827826054
-0.060708702432180954,-0.19637060972055906,0.20115466529786288
0.02939357913909491,-0.16296554776527689,0.32263499943825275
-0.028950438973919353,-0.09834127769201083,0.39043211972035624
-0.030215830510141716,-0.19863254708413217,0.3688798962133642
0.03662613911959319,-0.09409310546247576,0.37522535705494997
-0.0983494583168224,-0.04773437523283352,-0.2249370920813158
-0.06445477787975577,0.02343759643856993,-0.1555369756473814
-0.09859422573631695,0.05565462200670109,-0.2141568822990831
-0.06276244188591704,-0.026148764740383707,-0.15462518720334026
-0.10763103549281315,-0.07995069934133418,-0.14253535568420192
-0.2105097961635684,-0.058035442963097816,-0.1447362965917131
-0.11470627493370548,-0.044290676388044646,-0.1516127871547274
-0.21488728707185722,-0.11456648567058673,-0.14033990644210995
-0.109947336172657,0.04235787319120579,-0.1419815648611714
-0.1744855930334402,0.09387180124934173,-0.11895078331354794
-0.10128879900636252,0.07693866942141522,-0.13123856938625822
-0.18635103367743056,0.04675774467487476,-0.13136963997588474
-0.3254934999691651,-0.048956910185208,-0.10519068426967709
-0.4279873305706714,0.050031382028210176,-0.10684245744013458
-0.33362010405188114,0.057740851338875625,-0.10249509333677395
-0.42377766494312663,-0.04393195169044441,-0.10404249313924838
-0.07666183449388929,0.1337133525787044,-0.30647109208081985
0.013309340159801978,0.08077658543846651,-0.15858527666076527
-0.0007898131376005494,0.09982856129343286,-0.2193356655037605
-0.01854386694339133,0.07107351817086864,-0.15459527949478238
-0.06261146134514754,0.09982758163749068,-0.10891131224195605
-0.131693185340422,0.3912738864543154,-0.21742033602901495
-0.04113934893384262,0.10415504285086724,-0.11453836271274757
-0.23217375166174312,0.517994622447848,-0.28405842442798174
0.04370641187209457,0.10609549452800088,-0.12095689589205673
0.08072035722020779,0.138534532575687,-0.054761473826077746
0.06721110453445814,0.09547608207167481,-0.10698713928528972
0.03605738581561737,0.10340716095184145,-0.05606607815022434
-0.05734283303468826,0.5073046930434394,-0.21949467922860866
0.03716962201547561,0.4771979561997957,-0.18655660901369692
0.04258923063546618,0.5309480615489479,-0.1938431648683142
-0.05681220351177464,0.49806807112745205,-0.16391786602022448
-0.1300968924954288,-0.3482948052873365,-0.10776166590640293
-0.1645885371020236,-0.21917794564924334,-0.08519799725837521
-0.12718948436465405,-0.22381068154346873,-0.06452320774770923
-0.16425997856834115,-0.326862241917001,-0.12701641915879064
0.016492753503892548,-0.07192683008848327,-0.041793018137516035
-0.016552462430723097,-0.012957748324815681,-0.0815866068626547
0.005740709645681216,-0.0054508750161650354,-0.048284829868307795
-0.05827926983978118,-0.09428766425068791,-0.0619452393888435
-0.018338205139620044,-0.10187379331110814,-0.0735283957836412
-0.05074558426663528,-0.24812702782172574,-0.0804170336149328
-0.012469195444109791,-0.15578726103793086,-0.0740281828944989
-0.04392278370235665,-0.11892904044738609,-0.07119317454929962
0.2052525306439494,-0.2054468619106338,-0.10699437256853585
0.13357977409173213,-0.14764135643160653,-0.030282350912583047
0.24590287796563942,-0.15381120109798402,-0.056321919560976
0.09666943500764397,-0.21716942828887323,-0.0850879392443408
-0.049830011861880665,-0.36853616580851634,-0.053557362471162814
-0.12174934878173713,-0.4676526006747242,-0.11092927871406864
-0.08402615322534884,-0.4524832291689103,-0.07934374363249885
-0.10317263914276367,-0.4879624929871374,-0.17277532452138009
-0.06802758136226161,-0.12229665384020982,-0.1733896903621824
-0.0942207886479346,-0.07358123256994617,-0.13990857243569854
-0.08901869065880728,-0.03864071721975074,-0.13379140983468396
-0.10134540761973244,-0.23196624562852455,-0.1660824532651833
0.02191092389031835,-0.022254176650906926,-0.044685036319835086
0.0036406945542926472,-0.06964584243418183,-0.0222698607837955
0.02729393915751831,-0.039449609033679785,0.005906280444252324
0.021418547682447955,-0.06931743547558385,-0.08904053674565597
0.09488632866585109,-0.059932459764128435,-0.0957257615859555
0.021501092738776706,-0.09760991591877939,-0.13839705609336175
0.008994189980671644,-0.04955762122542819,-0.10589946869341993
0.07546278343405839,-0.10953885451137531,-0.08045983873438983
-0.09809214168954389,-0.12115872145289225,-0.012025697710756305
-0.024593922518947337,-0.06872962853227091,-0.09088914758935249
-0.018377473919384938,-0.07768776772853854,-0.018190489744367985
-0.03281666702436672,-0.02882535149843111,-0.06540256888141471
0.05716898787981775,-0.3385423360574938,-0.05084993707749633
0.08338185761883254,-0.3456553636946793,-0.08991709512676715
0.13449492932074672,-0.36405833991083153,-0.07954735336373574
0.012028894023975122,-0.24789301288324841,-0.013611381459403195
-0.05798581601410125,-0.03922200869999522,-0.10670606496485371
-0.0768553153905676,-0.13303427153995812,-0.09151458696963503
-0.04592892753806923,-0.1092303544496508,-0.13299096936555924
-0.08150679138409986,-0.060980388713600245,-0.10081046266087883
-0.018406090078113918,-0.01937210395348198,-0.12104385467131354
0.013919080913426049,-0.08257301333797813,-0.11090645072585835
0.010228177230994914,-0.0036944000588123808,-0.0881081102758814
-0.005225263231007265,-0.08566807501180941,-0.17343080468843003
-0.17711241886435822,0.006323393170527986,-0.1261271144309148
-0.07045590066274067,0.05254804295128525,-0.08777797809448187
-0.27678077804518664,0.10080504792357653,-0.1671273794479483
-0.04442158169894904,0.001303241602367406,-0.06492086859278384
-0.2248128582225644,0.16175819724139917,-0.07563945993590517
-0.2594111057532021,0.22529470913558156,-0.14238068598851306
-0.212666148024843,0.23011559713215615,-0.07962564207212461
-0.2848238533014012,0.16205311823106058,-0.125965078920466
-0.21427692062445777,-0.13979682076660013,-0.09339382503017671
-0.276856834752303,-0.07948562294859611,-0.12266228323300617
-0.2172174857496091,-0.07877740904514534,-0.07569670466071224
-0.26797710720364765,-0.1389687266664844,-0.14166852253437104
-0.024501405273605222,0.0033344119097976463,-0.0573859318276986
-0.1414608035768178,0.08928662214680196,-0.05609741731095258
-0.05333737680630874,0.04260860154043617,-0.09059218973686176
-0.11636463409978612,0.00690411742695507,-0.03577282956055823
-0.2260488578916853,-0.04461754164327708,-0.004738147536926809
-0.49767805352168976,-0.14580338238313953,-0.15627586273030164
-0.3595642210654434,-0.08158575532199011,-0.11605876516236383
-0.44289946632442845,-0.13756620768903335,-0.07554775980284145
-0.12167686774757946,0.04102358950586261,-0.10753789159041262
-0.03973359490725211,-0.02130646230236308,-0.08168342595604765
-0.0272733053387884,0.022439502371578983,-0.060804259267352424
-0.168448395444688,-0.01038319073212961,-0.13237587611009383
-0.05692526449005504,0.04106102713100241,-0.06541136526699559
-0.06431755276707637,0.03132414243621456,-0.013681523440511045
-0.1972234668184554,0.13562805016345708,-0.046178749645225475
-0.06264402435461391,0.02256844565486997,-0.10060113979087215
-0.11970927525583955,0.1363184941164334,-0.08641536364100771
-0.1516134796615574,0.08998174638523249,-0.0973297159112319
-0.10018970053578401,0.10002666083821804,-0.07906835526699457
-0.16671897923577159,0.12053600241940791,-0.08111851839499515
-0.3914218487637269,0.1465238416482828,-0.12897451103179064
-0.5332851034621775,0.18156583349580183,-0.08619210530488171
-0.32492435244490353,0.12550047517294577,-0.0186566877697351
-0.5011347468548806,0.17289883622951932,-0.16496843409358267
-0.13374788770455556,-0.06973491129113789,-0.018672997704580464
-0.061272937442272545,-0.02341542479802053,-0.10043116462105199
-0.04010852044590174,-0.033609339377194875,-0.06278343701283487
-0.05296041081775994,-0.011788147782507846,-0.017978803970704338
-0.08075498407219975,0.09111727222691096,-0.0904798129155125
-0.23247529235228406,0.11815603357231404,-0.15499209029375044
-0.15771306573902427,0.08891402619258056,-0.12039883281178945
-0.1366738106878047,0.10837601929678525,-0.14112153520061088
-0.07583910194073325,0.03581664757920887,-0.0745558654082986
-0.15950215773764972,-0.009120572949379825,-0.08015403735084627
-0.11360173042192195,-0.007500911096992009,-0.08824578238803148
-0.14336542326887436,0.041189093311445255,-0.09467086945757003
-0.032496265429607,0.07412786678435306,0.048165571444560684
-0.028481854811115648,0.11282474078683796,0.07088826525750334
-0.028248875156941217,0.14047070489322364,0.04105438501152649
-0.032685462845893735,0.06034712337748323,0.0975202916779428
-0.05950538587596041,0.20497456208321577,-0.029412885308427783
-0.09511733490424741,0.18727358912111788,0.011716675103703786
-0.08852115537292947,0.190979304030272,-0.039775579875097104
-0.05908263625371786,0.2026307047468236,0.012380859271777104
-0.0934660322648709,0.057312621027262714,-0.07808214331229667
-0.062081673276272,0.04339947503798518,0.015624954590976764
-0.06998784868928513,0.04261187861327343,-0.062338475269186955
-0.07816637795550653,0.05502592078954165,0.013792837827136509
-0.1861036252749439,0.297918576938555,-0.20410035515225675
-0.04645100048881734,0.21037043755003332,-0.06652991843307113
-0.1358610066178332,0.3987169418554203,-0.11639874100708694
-0.056933148116986305,0.12550317915573786,-0.09903308698467171
-0.05750927182852019,0.09685994925366509,0.0021235526860745014
-0.10400671813783796,0.06046446942611398,0.04364789615816584
-0.05715464765901722,0.06450953962065291,0.023518961485871882
-0.10871136156140539,0.08610512916890375,0.02251418668585894
-0.02712499532351635,0.0462715607039063,0.06048715108260737
-0.03366822999173428,0.0489302390891954,0.20654825400307056
-0.024705966853244138,0.028886019999821974,0.18625177393306122
-0.032261508674740653,0.04455209201660489,0.07031719314041325
-0.1916231021600601,0.4248167440076803,-0.06577134209729919
-0.08432790232482708,0.2278882035311739,-0.04159156927067185
-0.11050349803602644,0.301709876054687,-0.036503772934073066
-0.25099330076196463,0.41970885143079345,-0.06318386852367532
-0.03964848994460008,0.09831472530758215,-0.03213119675796448
-0.027723794744021455,0.08042111989251255,-0.0007737349130064109
-0.03705558885250113,0.04532095541095426,0.001564373413420689
-0.03677622231052453,0.1460915581168654,-0.034524640924784605
-0.05727359689233783,0.22618913253703676,0.033439927378825014
-0.1489771053721995,0.2734888811014599,0.05341851412651615
-0.043565250487726845,0.18305779510970566,0.003880027854227332
-0.1344444522480645,0.2769585557429186,0.09315862831913414
-0.05980285980066209,0.06477810628019542,-0.06881626463919689
-0.09406284614631522,0.08327582731351328,-0.05677376560379343
-0.31448549632588946,0.12994238541452696,-0.20778870711708905
-0.04731501604648001,0.09758851317171276,-0.03719581828493904
-0.03614800814545881,0.03675781144003237,0.05614137217724449
-0.03706750105285618,0.13823772109630195,0.031581013261577785
-0.02730147597025783,0.07775552384850555,0.03170564541931435
-0.040047807534368075,0.08444518607672442,0.045761875068195915
-0.04830120699444303,0.04450381640280415,0.020593279483463102
-0.052748043201099847,0.058983217313569807,-0.07899668469499548
-0.08181762639214232,0.07570410955651524,-0.09685397763425652
-0.031410640668946506,0.049875225175106806,2.796511194634127e-05
-0.023865220263807222,0.37436038672889765,-0.06865202845088827
-0.02172603938750468,0.1346797235255057,-0.09597390266482597
0.015542196702892426,0.2716719839051719,-0.08848440090061307
-0.05776730955681521,0.1981787919443533,-0.09290403927159192
0.09757369651765858,0.24308840438999488,0.01001391511797943
0.12092128595437447,0.2652424733285361,-0.06265699719631661
0.22594594405753785,0.2629456915825772,-0.024228989885733482
0.07502035822751695,0.31214785769798375,-0.053771870778399254
-0.16277641328598572,0.33666651583911306,-0.06792102337287646
-0.10403684000735226,0.4486970354401822,-0.08688491500119791
-0.12722215821306923,0.36237655340570735,-0.042991793071303935
-0.1516489181397292,0.4271815814839768,-0.09989012831500091
-0.049910029373797994,0.07456003275020526,-0.07915690438116894
0.0006760218570049546,0.1297520170526486,0.02973186831847405
0.010302136370447452,0.04403418438432492,-0.05719866290093214
-0.08075451203106089,0.17588493429717336,0.011166861139599388
-0.04337975237043633,0.49974959908589583,-0.14182434636119348
-0.11606416021095894,0.460222246517441,-0.1280441267502289
-0.06711361751733654,0.461407093710522,-0.09968109505753413
-0.09976682441657982,0.5045028160101585,-0.198931081745282
-0.04484442847507982,0.12532170077451127,-0.09119876642778145
-0.043564495559452486,0.09783308010273269,-0.06082397742132186
-0.03733390801401326,0.03368867894730162,-0.052250912180607324
-0.052383099413961944,0.26799336268336854,-0.0759173931632717
0.02577239882496626,0.03765553872555229,-0.04594242045942344
0.0030711331162777515,0.08146789997983286,-0.01612487699992437
0.012455853319506284,0.04518419117202208,0.006052767253372142
0.022761863202705932,0.07671951177984314,-0.08997922334027286
0.09710305790391165,0.14450398396741349,-0.10303280798933118
-0.013069579809079492,0.18814496493683078,-0.1427683429620118
0.014897719154875323,0.08256430862084357,-0.13586698911195288
0.0544511361994649,0.2094143778962539,-0.04935458227216729
0.09852355691843812,0.4039639652213615,-0.07380449658388383
0.10763924606128963,0.4396129956931836,-0.13328802689988595
0.03108816005395611,0.3846625590443425,-0.06446733023248717
0.14004516932398361,0.39616544924800867,-0.11465007312902933
-0.06885445237198892,0.14617652352022015,0.0341623502822045
-0.023973935874357945,0.07490792459485178,-0.08630135909595804
-0.023814085178497205,0.03729405184915408,-0.043424708361538514
-0.01639161432649799,0.08428239319762439,-0.007467493297661218
-0.010124758878896075,0.025388093372651802,-0.04924709965600096
0.0022222927254879955,0.1293012699731087,-0.07688225420439836
-0.016830269500221585,0.07586734849447548,-0.07422435343533594
0.0044965185792444975,0.0613709232478957,-0.05599292572627363
-0.0745583603836714,0.14173292170336205,-0.12360402851587787
-0.09038607007149445,0.2642259483657953,-0.06344755075163644
-0.08961067881080736,0.18990945806856796,-0.09321848865405133
-0.07217476749811971,0.23957569452027094,-0.14164300741670813
0.33461773063954076,0.12273382429614255,-0.06619613274255166
0.35596790979511533,0.19198576623275293,-0.10827932281441498
0.36404021867647707,0.1219677994573541,-0.09603663878147142
0.32519964432432596,0.1883551356496778,-0.06435769223866647
0.30396728972061426,0.005436293746188078,-0.08033718382350652
0.23106882616452235,0.05584212759516475,-0.08923988691538462
0.12974689776561296,-0.00030998219518027167,-0.06898731189273251
0.3532826566635403,0.048775167545461066,-0.09220933790783907
0.008326844275975647,0.00025373573296652265,-0.015764542340144294
0.12549111149272843,0.04790067904396529,0.012334212973664284
0.06588473325692364,0.0031907093982321234,0.013329143183655056
0.014267830843239165,0.010183432951802494,-0.013801741286089094
0.32487353778236155,-0.10200109132135758,-0.07256953398843137
0.3588605079944076,-0.042406346739966246,-0.08527950773044678
0.3628396010076343,-0.10056588742471391,-0.10006410807076499
0.3185218521302032,-0.04899219166400753,-0.056783593332501985
0.08822103411538215,0.030120279707832126,0.007168342932024378
0.051010588728761186,0.022071273851175206,-0.024188803568076327
0.21212815672997984,0.07736745209076144,-0.0013099047125042266
0.07653578823836507,0.026833876044119163,-0.07184237039657365
0.20840534405688244,0.05995137204512835,-0.07495210935871337
0.18906361652669448,0.10257300863159287,-0.08418329360404389
0.10921594397031764,0.07116811990568638,-0.09662863214936937
0.26499385706818135,0.08798550332907594,-0.05885395448333513
0.441167942934395,-0.10116320226199381,-0.13304595415201015
0.398118660903081,-0.03390182313281945,-0.07625267892560696
0.40039211316644735,-0.04096266475450645,-0.10060728843285734
0.4899709602389718,-0.11539541264894844,-0.14993746616248518
0.09053630196303547,-0.02499063281497783,-0.06617558631351088
0.10655067321760944,0.023415992396579384,-0.07455041537006828
0.06140748205124453,0.014324528051727077,-0.051300037907997545
0.19691577767476665,-0.003287952297868359,-0.07173131145367462
0.40580154942556856,0.09730518846690014,-0.1096744525159811
0.4933098100786167,0.13180640472225533,-0.1628815215257622
0.4331631384363291,0.08492534916901735,-0.09777275074922118
0.43547277926702727,0.13595185819993563,-0.13715891191183682
0.0911566738553788,-0.02582938368178843,0.016740042258104177
0.07638154612575494,-0.025911737908114307,-0.0738509983503306
0.04778637930821318,-0.021221419701001335,-0.028940396832038542
0.07431793612838714,-0.011108438860758355,0.005592377418019456
0.09682514264024113,0.05941688262911284,-0.07322704116995879
0.32281220268964583,0.06609949102432579,-0.08880798239781902
0.1763566600852948,0.05783430127725436,-0.08431546308937239
0.2161119948119215,0.06462593914299652,-0.1000174888057058
0.04535766126325747,0.015651986829216563,-0.06463666023387891
0.2027139686856705,-0.0035561441841622504,-0.037221835419807496
0.10898896809587978,-0.014708801985838828,-0.059974628722928004
0.12653791904368863,0.028074187382289954,-0.06498269555496981
0.059803367203176326,0.10298693557267996,-0.03844118171561086
0.02019168501787229,0.10394902820543311,0.0032429217738088206
0.0612860635304882,0.10362903846641552,0.002106310083426794
0.019766723929273283,0.10145680340241486,-0.04224718956373882
0.09165642075997965,0.030475900375899624,0.0337085100551824
0.06651000614627157,0.0629442675736294,0.05600250619182447
0.09088944901615362,0.01722283844428146,0.06383464456433363
0.07593287679885792,0.07986729036187827,0.03077542763415906
0.25862614904220527,0.203844816987424,-0.1312837791129151
0.07298194638946365,0.08777681595579886,-0.06485112109718448
0.10770066912988616,0.062396150603206996,-0.07257835185183868
0.0869352622296607,0.11832848577821974,-0.0749416382467376
0.3040374370884528,0.07774490304073803,-0.057026439431678254
0.21471968189461613,0.023419800859171638,0.019206206515890625
0.29631459259134285,0.07849876508902333,0.0361215754229888
0.22711576049639792,0.04382439477504766,-0.0633516003002546
0.11934562544720946,0.16704398493377684,-0.054275936015262094
0.1885867725928338,0.26956353296947744,-0.07639855251000047
0.09572919504570894,0.1422883402892957,-0.0750738707710131
0.24064214473824616,0.3206632125591273,-0.04778074745434204
0.055116803168155135,0.035551268621805285,-0.009617817509846282
0.03012114989740546,0.05472359337182621,-0.03382729123999667
0.03249267572854028,0.026050514600870923,-0.008028001504075817
0.05569440856514313,0.07159783778372592,-0.037041400101075664
0.22151762110100712,0.05083456097766662,0.0838927180950918
0.08407946863837247,0.09910892833790536,-0.005214607794789244
0.1120873399784308,0.03714355874170458,0.02221548273547547
0.10617930539175531,0.08527404575263,0.019473212120621357
0.17834108665093532,0.009511883910051028,0.08230970760465396
0.08566659692692852,0.0024453687638179766,0.017669030890388158
0.0969883058849586,-0.007399329503558415,0.046496096871948986
0.13052882907573635,-0.0010933966405005983,0.03381711973532819
0.09426938327767907,0.12940719658771135,0.015161688676339689
0.1788769792477784,0.1883165491022305,0.022783496788418595
0.1147495024163358,0.15801784683874542,-0.008818207193263114
0.11285802688784283,0.14707291323872493,0.03849797964121018
0.17659138793493145,0.10969731551855667,-0.09684176890672125
0.2948539838422953,0.24945714008008485,-0.11792964769795578
0.4009741086050366,0.20891231962225093,-0.149070381978832
0.09300050847175388,0.12191598678928561,-0.05036989980845857
0.029418776726290015,0.023558848117985004,0.03501273520086839
0.055432126492891,0.07021426811299374,0.021754326214997344
0.05476303954888614,0.03530505590143834,0.015518208291617331
0.027154711188991203,0.05187075846571169,0.03935853262673232
0.09984719718021016,-0.006305657425652263,-0.013061621694615009
0.13081347103955737,0.007477381055113493,-0.05410537286786321
0.18780811276547857,0.0181845031408798,-0.07261071657029051
0.08425205234398728,0.002658330864040856,-0.011090039742817902
-0.04165297870995796,0.08210790850139704,0.10166556971396733
-0.04296442338238498,0.05755040457645167,0.21806162518393407
-0.038678361285310305,0.04017836040662909,0.1657077092710658
-0.03520523553322691,0.08616396356910803,0.10470501372406761
-0.010269267720733024,0.016352768610980995,0.2513277504513382
-0.011015621801072033,0.03949304944093248,0.33691178693344154
0.015035170964920117,0.03557875170483061,0.3139040925864152
-0.03117126099043721,0.053013460454685746,0.3059454401131291
-0.029046271273219872,0.11635225666989511,0.04145778372457259
-0.04966235023716016,0.11602193054536966,0.07121421807245279
-0.021386710385422194,0.10149783669612499,0.06989327524304517
-0.07012092277628298,0.14059595616776707,0.0451999251219558
0.03638303696246177,0.05386780856705465,0.086361116035157
0.009064653720286682,0.011789323733435997,0.11990745997381409
0.035331733370928056,0.005283440067857277,0.1214649349731247
0.01064984736975912,0.06183282969933823,0.09254102538371972
-0.04477194232829728,0.12790129404401482,0.12765512982554472
-0.10216219568875357,0.2112186646378415,0.14416910779154166
-0.05760277318051367,0.13795560533517273,0.10357275660053253
-0.07558429120942065,0.19144173388020608,0.17473661706016055
-0.03282560964123782,0.017310845308685426,0.09285188267530285
-0.04075566587545266,0.05757421133380455,0.06682408762461965
-0.036099124816793476,0.001742504144623962,0.08236708578042744
-0.04103632987336983,0.07224384899857368,0.08139019460896979
0.05045137434854501,0.0426202501715681,0.23935736413356198
-0.009740184027057163,0.06089560163248545,0.12740561519916602
0.0024450637957850446,0.01142439870026961,0.14789799551123703
0.013787670789996516,0.05495249359335324,0.14524558876530594
-0.009015543592136747,-0.009795565890761667,0.20094889717877099
-0.025766294186392178,-0.018159818344171113,0.12440133822084805
-0.03304765556547674,-0.028332882059545796,0.15012038415236736
-0.010130660761261158,-0.014872323491913518,0.15680460386962308
-0.043829505435137917,0.07317882883191777,0.23006780672613408
-0.04682856431393926,0.13830185151688243,0.2309766491104128
-0.0324755512891051,0.07796295860860143,0.14220196739262694
-0.07241133866131266,0.14420907061265184,0.3680016689376221
0.0013898931299753262,0.1055400288333492,0.08909998899873868
0.018925977238101785,0.13996502469971187,0.11789150733165958
0.03682197013194663,0.13098190162444934,0.0816804705835014
-0.013190391500945217,0.11341373622621263,0.11570258634738176
-0.040188770794717055,-0.03099008086916487,0.20567925815197302
-0.04161407823960334,0.01279662184883276,0.23142600905296137
-0.034376906116417506,-0.017665719327981243,0.13852571541079617
-0.028830854088663118,0.014379156433372037,0.3142916858521138
-0.018056343355410134,0.00770621905203999,0.07865615915226108
-0.007302047200229327,0.060063528706309356,0.07915684784916385
-0.0007780136591049628,0.046879118933922215,0.06487586344204674
-0.021310569322214267,0.01813985336830069,0.0907663060216583
0.05225467300832567,0.049190813605956084,0.1623535646557549
0.013152868196747389,-0.001252439134724269,0.12699493412697066
0.041330030202324716,-0.0014432019956410874,0.12906558444104355
0.022561606121642583,0.04282585119166108,0.17297050421802518
0.0907474807613174,-0.06004212664104766,0.12210167678896365
0.11838254659933392,-0.05227803090670733,0.24408546741902992
0.17431852364078088,-0.05900778631580252,0.2269894312989662
0.07229973857842525,-0.056926062290169284,0.1458056650850075
0.15759736152356496,0.00907181574198601,0.2097237246582721
0.12373919509933683,0.04328688684008702,0.26888895816811387
0.17130122929685485,0.054169611389820925,0.25433625365517065
0.10805337158997247,0.002733305808269765,0.22805845338009667
0.1223350469021068,0.07455811421337985,0.056048511322676166
0.07831043999104188,-0.0015963651666731935,0.06781654572167534
0.08281427520875981,-0.0016137142446157806,0.03599907912050701
0.10541061199414818,0.06520020263734025,0.09352839270156406
0.11288183682464542,0.02315349603914349,0.2062030165239607
0.13228619505741726,0.04485927009600716,0.31888382261688875
0.1138233118839143,0.03530097481711987,0.2570376703223776
0.16673274284317138,0.022005281905616656,0.2939720711532146
0.04285894247269988,0.04888258274384051,0.1211549325313019
0.023339976846417074,0.04094266215341355,0.1812762506838599
0.01129536652618697,0.042505713490930415,0.11921870740939189
0.06214366663568614,0.057599442694476144,0.18101603292544582
0.24553028629948945,-0.09547874157281212,0.21609478410798372
0.07842701299433437,-0.025851281410158803,0.12146241576734249
0.09120453366721495,-0.052880564768503925,0.10705380145090614
0.16215576603709037,-0.06910310147243419,0.1807964416706212
0.07279071914269473,-0.016986518971489513,0.06357262852749924
0.05504234978377387,0.020780510001491684,0.090776310737988
0.04171990325975475,0.017173543464462336,0.07219549596850776
0.0753510480114638,-0.015576686123891874,0.0823338456909822
0.07817372676096665,-0.042386027983438775,0.1666525408816681
0.1599624449786746,-0.0078031817845258,0.2842278595160409
0.08700040183104492,-0.019469353006263835,0.15765399776578656
0.12837525188328738,-0.020854988660524418,0.3036871039271751
0.16847798990794102,0.07387740808675589,0.20771798304981962
0.21371098914686307,0.07643837664588941,0.22462682369783274
0.3088763525625139,0.08785023646737268,0.25367655052664223
0.10180397750693766,0.0486591121223297,0.16081392956934468
0.00821150517201458,0.018524283596965584,0.0948197325411832
0.04310680814782156,-0.01424486874160728,0.12426308297829458
0.03738473030745468,0.020868723097706748,0.10705180423432194
0.016013250936590576,-0.013152371152763782,0.116618261785319
0.0576475231647316,0.044836745331306806,0.08737059406202156
0.12064614119755787,0.06813681880437747,0.13408774334000512
0.13763053569148984,0.055989003202550854,0.1165497783159202
0.0646183666355119,0.050167827666884206,0.10253575285811552
0.1953397787407502,0.01094145329392064,0.06651410402231196
0.0813771610168538,-0.010686664314817601,0.06026618846177493
0.08587699406786987,-0.022979199635164805,0.02829763586295011
0.1983227807935418,0.009641429496698507,0.1334476810802664
0.05753097127493009,-0.06888697524920469,-0.04093990665290725
0.01910801997356557,-0.07935157330604628,-0.007304134990857963
0.019653739789162655,-0.08320395605231204,-0.04283297273255079
0.05822382704140117,-0.0669176510640054,-0.006504152560317947
0.15325663611517107,-0.06729871442156957,-0.04453131427546904
0.32000611260819917,-0.0621273153512048,0.03538263689356516
0.31733328616007983,-0.0656378335163835,-0.06308412592853238
0.14298260400522553,-0.07805168132081707,0.01322239158598801
0.3575829039770678,-0.1536230972093269,-0.13827007275306769
0.09038659489977695,-0.038015733675518366,-0.06879171497602556
0.18410413533415174,-0.11123475257586354,-0.11620807086563147
0.2812834964840421,-0.08304790545192467,-0.13236523019919186
0.08661128894124984,-0.061720702271382995,-0.010343502528306105
0.3434648680506871,-0.049134963124451043,0.1369438216633971
0.2465105823593905,-0.01812999672685494,0.05342605519074409
0.11058245870778477,-0.06686483977540225,0.01661049977126538
0.1814032303329043,-0.033687979828357535,0.02502256705310191
0.11675640746390539,-0.05775739997314072,0.04509500478534341
0.07963385991734817,-0.029512457588129627,0.03309225195244548
0.2694458204519269,-0.04283117459609108,0.06913233905298592
0.15188672123591135,-0.22736378250330902,-0.07864787918831137
0.10466263699935507,-0.14589725391636352,-0.05687496491173057
0.0794737247423784,-0.10272280305579709,-0.06955702821801049
0.2366241699932321,-0.30096565922396296,-0.04535967871839309
0.042585281884678354,-0.006017903702049875,-0.0528475801556252
0.10254310749980598,-0.001581118044865614,-0.024827339856317073
0.05739959119501522,-0.009860843097431673,-0.024857568714479184
0.06615578974109773,-0.016677603665510733,-0.04629658597334981
0.08256074278839477,-0.08911514622694153,0.00494675364972112
0.1659012852628155,-0.17919827906181154,0.014905668562445688
0.10056418863845105,-0.1321917102173766,-0.014378768874202818
0.09780449690381726,-0.13355755736784503,0.021323058092305208
0.3255598409214926,-0.11777199577718345,-0.13070085599906742
0.32267685618085284,-0.23581072934728928,-0.13171476569170032
0.42077027349742635,-0.16865030398316666,-0.14294545610188247
0.10928937507728173,-0.09931997999050247,-0.061983823998997684
0.05419140053402185,-0.005935613248565438,0.041233163983899805
0.0666773262007014,-0.018398244211743714,0.01729932464267239
0.1045399254688623,-0.0006217791109550512,0.014897271057139005
0.03793235499014628,-0.009045714059707471,0.04075551708349024
0.0819351779791598,-0.03422898932971895,-0.014754722996058647
0.2531928938885948,-0.04514552192742617,-0.08289486726931734
0.1187300047164444,-0.059635930416537815,-0.052169916944559684
0.17299109832358658,-0.03451277029571914,-0.026820710293671165
0.023785731879487276,-0.0397072340452837,0.3843063243962324
-0.00699796858783732,0.005943361087672212,0.314744468989527
-0.0033945132366045793,-0.045106031240163214,0.4244226759868394
0.006350468108276996,-0.029431608753131243,0.24257858341621658
-0.0416859039364269,-0.019438285307308685,0.12500355644422226
-0.09871901098617976,-0.10239249138298646,0.5241860267800477
-0.043399392211539246,-0.029229300759033634,0.17371711990100136
-0.0767888114110248,-0.08463943685952688,0.45415267204929843
0.04481250096406016,-0.009837234677912006,0.10179629413844153
0.015434959988609685,0.02646692413301536,0.17923073990292632
0.012156958168794193,-0.017343703832611388,0.10735292784479589
0.05996204442993605,0.01991512575937128,0.19245892657093533
-0.02263431052183835,-0.08272595950702986,0.030160667970397216
-0.043020539121778174,-0.06909859305500077,0.06894700178679698
-0.05161101950747904,-0.0997515702366976,0.030330687644909066
-0.019275345985354072,-0.060719842084379645,0.06911607893248319
-0.015336176327726084,-0.015173723501560354,0.13009180943933027
0.09595439580919715,-0.08284743508082619,0.35259392934744915
0.010975678045835317,0.005583432994248791,0.26528217213941935
0.006117967402571766,-0.019543497344961483,0.15133785901336436
-0.042124304990265225,-0.019196102603387298,0.23820762893579384
-0.006591610606345116,-0.042916587375637506,0.14976166470181132
-0.025207142516229537,-0.022345471483456808,0.12632051035305333
-0.008114395704703842,-0.025436707373433506,0.285139955626142
-0.09299356896207085,-0.19984647994246169,0.09777463866920033
-0.051561143852621207,-0.10432645482564844,0.11234737524425131
-0.05305123629705829,-0.09528101629424264,0.08535529372823178
-0.09931757061755507,-0.19373194250097936,0.1829559438470936
-0.0736182518372538,0.018555907582604156,0.13347548069812137
-0.07074119265952078,0.019670839123650537,0.20606132484170386
-0.09543199886387174,0.009764729330385129,0.22093944240660535
-0.046333282510037994,-0.0016222159637803283,0.10222977561735598
-0.046943685524664346,-0.1457764441525745,0.4437953088656185
-0.05073498549345279,-0.23337712310575898,0.32669391866258035
-0.04143486733816722,-0.04064257654861413,0.15303892330821633
-0.07468149604137518,-0.1450312628080802,0.42996634117880916
-0.0005741944934521117,-0.07019851277650525,0.08541374234053499
0.009219186175615748,-0.11947011261508649,0.09636881996482122
0.02974141629519371,-0.10856416419379063,0.06357017118065961
-0.019310196711503833,-0.08566936371323608,0.10806255834851361
-0.03903018062246422,-0.0256760294277057,0.1473311113800642
-0.03163379493539379,-0.026021951503855775,0.43894728999563604
-0.05816287064341707,-0.020966535488142177,0.31878627380297325
-0.037496852254411524,-0.021518710932969757,0.25125049449601566
-0.03555096681722435,0.00561431996010534,0.12582287085047072
-0.009096236694681025,-0.012722958211173497,0.09299499098663737
-0.0022799568149014984,-0.004255716426456332,0.07776052810156639
-0.041660536561662256,0.014609275921604969,0.1552649853568848
-0.10773925610011462,0.0454406969996196,0.4501418805281638
-0.07421737328178568,0.05151309709470621,0.35640028864239
-0.08008153238454868,0.0641487202864735,0.3801349869397123
-0.09311421624128367,0.07767107988951556,0.44110058530965557
-0.030015223936012816,0.0028351609096465362,0.0796491668099845
-0.04272819467241675,0.037045291501311715,0.04635777591316053
-0.045013274809070275,0.003098479441171297,0.04245167699367172
-0.028323035108963956,0.042135828475221467,0.09140851521703669
-0.03201654647331602,0.012210690806965787,0.24114478799849431
-0.069943215602526,-0.004162604579720978,0.3303677639369666
-0.05500893141465598,0.011583601824465918,0.2484392585297071
-0.036623513152033126,8.637346170047997e-05,0.3023243582020167
-0.12272831474927857,-0.0351806422085661,0.515446395229248
-0.024115007930788267,-0.04531814544040246,0.17148403586961194
-0.08646719415654473,-0.06564791942259457,0.4297960254106988
-0.06603181747695863,-0.016753669785571686,0.32711194761595663
-0.10552601307622081,0.02749361705699469,0.28737084231553617
-0.13284255454897229,0.07091683834812425,0.40100737764186667
-0.12987644890120953,0.02099083299681182,0.39988602593768546
-0.19953627707828447,0.04157983156617536,0.3875703275708671
-0.02188222336195195,0.037384484072978154,0.25510151422290867
-0.02190207778999114,0.01652647824218907,0.3497410278350577
-0.002247310688448063,0.028768650527857955,0.259469428445604
-0.05666892244283761,0.013215221353013762,0.37491151768988906
-0.08797821666726083,-0.034234871911964955,0.09199191166591192
-0.0405791942854612,-0.014183238616419153,0.11393459361496243
-0.03538879043042509,-0.025869833581053728,0.10239765070121389
-0.09607077215116562,-0.031000918832311347,0.1045059518945341
-0.005138931645120071,-0.01750049721083557,0.08750714398935536
-0.003426930982511238,0.02887389912977314,0.12622805496363507
0.0016111871018159088,0.02443633818812007,0.09988743043430934
-0.008344014519764268,-0.01024957303786339,0.10268814932515936
-0.04774540159322729,0.05054383562267234,0.14822467441969897
-0.10262111923248171,0.04039576748409183,0.11373089084542226
-0.04242088845982188,0.036411246807983876,0.1257063592251927
-0.11708320290034643,0.04736730151318618,0.12086644567672036
-0.10601075697448123,0.016908466890204102,0.3369703648154146
-0.20489980820153436,-0.025965348958844517,0.3969868533127503
-0.14097774832298615,-0.03304668330411444,0.4160711700588422
-0.06474595685866459,-0.013805310938154774,0.21184674240414186
0.007176039262781057,0.07060175653612001,0.25377735014326547
-0.023411299037988786,0.06994435932420004,0.22795689033696728
-0.008551421625108701,0.06166754418810751,0.2046302653520115
-0.020613798373273536,0.07720568899929892,0.28198426076339345
-0.013240068118510199,0.02305742291761255,0.12041919913133638
-0.03174549970345662,0.0004107217258387767,0.1992713244842477
-0.02843492910799565,-0.006088121634376755,0.16404682377794674
-0.013953816631810657,0.0260652277152885,0.15647288830432848
-0.07963819363204423,-0.05579172647081694,0.013843312706455358
-0.04501000312171817,-0.03785756822170408,-0.04038408808759753
-0.10745374957483259,-0.06073501041262147,-0.10783238679120735
-0.0431206922448972,-0.03353091678650187,0.005239768715934746
-0.07952003969913324,-0.18332717732377923,-0.13553724076539017
-0.23218382456578182,-0.1951236698977769,-0.2086602129013229
-0.17012380816500167,-0.30547956386861713,-0.19209102502308378
-0.16475579415417385,-0.13371509496038692,-0.21325916844458462
-0.03969706304840057,-0.049565528773536545,0.1202402368451708
-0.06365400986798135,-0.04067455013395541,0.12195910259512935
-0.033278187688961076,-0.07228144486384903,0.051731091999850695
-0.07112684721638714,-0.034696733951951796,0.28434474315521724
-0.0586884905610283,-0.1290486458603264,0.00019411684849536895
-0.035331307713100564,-0.13382607793659484,-0.03439565301141714
-0.053438829481633025,-0.12774596077420175,-0.035999646872008496
-0.037124287883050146,-0.12913475952392484,0.0036046072871499988
-0.061964077391396144,-0.08038318891738991,-0.0019338428116329775
-0.11725855066220464,-0.05050475439173892,0.04746736813537335
-0.06708326010563817,-0.041620739376536306,0.026897884678284762
-0.11038500976357257,-0.08019185103867611,0.02040857292035489
-0.07634188446138623,-0.06409679783099606,0.12267959042301284
-0.020352160553582486,-0.0706911771703009,0.11483490277981703
-0.028632748917849667,-0.06499039988752758,0.11529321277939157
-0.06501713635494752,-0.06459022889246806,0.13483866708910497
-0.18386506103863953,-0.4285227762433673,-0.049194637564661504
-0.04762506930153184,-0.18491572363930311,-0.0442207774420674
-0.058714765259694705,-0.23751606344383802,-0.05839520943285374
-0.2492342645910822,-0.42148477321527006,-0.05656684672330524
-0.09161972877270669,-0.04409980023690883,-0.08406141707169407
-0.09941124280478728,-0.04280840094683863,-0.0029230765581456752
-0.11556515597983508,-0.032128678878116164,0.009351638559828304
-0.05804083607879764,-0.08302537788159521,-0.06998222102377835
-0.14602554688935787,-0.07236650372230038,-0.15892487901499877
-0.11861219044644064,-0.08424893816092649,-0.0680253420314249
-0.054464036264133674,-0.0790474621437172,-0.04249972293645574
-0.4087782825739294,-0.13060838698659424,-0.23750556001337322
-0.0285882602028591,-0.1683068840099197,0.018206135522956583
-0.11884239768063894,-0.27209438852944795,0.062161005445374826
-0.08545519800137778,-0.2700525336056043,0.0777812142318582
-0.025842027009351003,-0.1542984394982994,-0.004550710683978629
-0.03743899405023501,-0.06416745648936932,0.002247211528567378
-0.11208759560472886,-0.07688068950374245,-0.12565583815792417
-0.08432246622744592,-0.06710032445227739,-0.0012076658912664458
-0.04780644640507522,-0.06597651584331865,-0.07178076305861741
-0.11939587126303962,-0.017460615144200668,0.20264659726600467
-0.04804369377987068,-0.0490024716559574,0.052401470219977556
-0.09147353447712957,0.0015276814388337564,0.13642725750425458
-0.0981778802453837,-0.032063133577482646,0.11568664678695946
-0.0634901502742354,-0.18738652191631253,-0.052905253910477575
-0.16598665425060827,-0.3525499881089923,-0.043957855947753734
-0.1905085609637734,-0.465557094675395,-0.0903216271871178
-0.0467924868879401,-0.11789747505208027,-0.011328343790990184
-0.12432536389350378,-0.21494382446052607,0.0037733723216031335
-0.12563397117550298,-0.46682441625911414,-0.09148742078007394
-0.009536364122579005,-0.033172511263565636,-0.1153458966009355
-0.02046405307105477,0.01248417089188112,-0.1453073942781906
-0.014288929317612768,-0.019992628796171138,-0.057488021210211425
-0.0077412008446939825,-0.008962270792860338,-0.27038424593042043
-0.043468195068231144,-0.013159108469518406,-0.2908971552136092
0.002928683474756322,-0.019206009532017166,-0.05383300841649311
-0.011428790488915163,-0.4510552870383224,-0.15521484526010065
-0.01507152687676185,-0.3055190940883331,-0.0815558120905001
-0.06150703905542308,-0.3649997672386202,-0.10909744273547253
0.05479264112766632,-0.41184328400308323,-0.09847509582062705
-0.040390765123722513,-0.4548317190339808,-0.11193517908648856
0.02644192565606862,-0.2900784622765279,-0.13036738004750517
0.04700488120335764,-0.10022175115940418,-0.027011389677259745
0.13968389065396594,-0.19442901629568946,0.003609234709927709
0.06910261039290265,-0.22575582614885467,-0.007629553875998001
0.0709248798324577,-0.06508181475443228,-0.002915499904353402
0.030664528676947824,-0.06392799520918112,-0.01736507122134416
0.155884507521854,-0.2865339480614027,-0.024281997316826898
-0.13274612356091325,-0.2104757541163253,-0.13150299250238817
-0.09367471521156659,-0.05401722601805488,-0.1227358879796521
-0.13144521102531045,-0.13589432595242557,-0.15739413354059661
-0.09236828398656613,-0.11163097416297528,-0.1282847820625121
-0.12224309776226215,-0.10371702095502008,-0.12647930856316453
-0.10930874769077793,-0.1404079732475834,-0.16586908065838726
-0.012613075085832702,-0.07052406921227855,-0.07594540552145765
-0.021403942702405455,-0.01769779537481863,-0.07972653980609622
-0.03640282867803368,-0.06519725751747353,-0.10073824790614536
0.013127589963279522,-0.0193654005191337,-0.062201242699582736
-0.03530023844599305,-0.015032902414790664,-0.07311665814958965
0.02543375647279203,-0.06519909215885752,-0.09969988681702913
-0.02640100802640316,-0.06269671124728332,-0.06914486529523652
-0.05584655285058045,0.0008814647216982253,-0.06966666214481841
-0.03931281689683356,-0.015012417649946604,-0.04668854910926093
-0.02203393187638194,-0.01097311414826013,-0.09271745360675146
-0.05615735837279345,-0.033182052126423923,-0.11148035232571966
-0.02016167943992872,-0.01641200058983013,-0.04651960667796979
0.17191555495615515,-0.13385640558145867,-0.1341249623827628
0.035172986385690094,-0.04783318851901376,-0.12156570941389075
0.06469620635266443,-0.05462719618546948,-0.16704421166285732
0.1676795179882417,-0.06738072592128254,-0.13340162275739245
0.10160029365353476,-0.08243546388924239,-0.13989037888651373
0.12414426559169538,-0.04068838451473449,-0.15999809436344056
-0.3556545471829491,0.019264046716835445,-0.08339598501681854
-0.16090145450649235,0.0370858163543581,-0.10197552603042695
-0.12998454215083222,-0.023376783029649423,-0.07720590961708157
-0.46159115494374453,0.12315897759380216,-0.1171249911115928
-0.19213945170614558,0.06152643590209479,-0.09868394697456422
-0.38040396087945955,-0.04989775136053735,-0.09438975215716573
-0.2551887415028146,0.10722790349800503,-0.06608105368657527
-0.29881532950093376,0.20373618425233295,-0.0699179514722697
-0.42760265228457345,0.18696607745741164,-0.06802702248113342
-0.24816760323320913,0.19096531070913672,0.013141181283100815
-0.37982903912116783,0.2384316778871835,-0.06534588025342251
-0.2545152354733731,0.1443036879587925,-0.029887753007528044
-0.24873901275064705,-0.09925649009926096,-0.082557091788274
-0.2980494439848382,-0.14978125783754373,-0.0794570076080792
-0.39166791111681404,-0.19572196908957445,-0.08677780014650746
-0.1961423319338262,-0.1101267614261502,-0.0399832245813431
-0.4098098438574601,-0.1617867200996321,-0.0663220568940891
-0.256356164289746,-0.1591632234185507,-0.03934020138546025
-0.0352773980423842,0.003620693573243591,-0.10971182265016186
0.0007493896454720641,0.007239251897140789,-0.029860910276808518
-0.02457965920750382,-0.007933559787136812,-0.051672507704964864
-0.01390119865248225,0.038592072017780706,-0.32953488499651523
-0.025677215165484317,0.014984891133042267,-0.04891699613336264
-0.009617388371383408,-0.02100854851336946,-0.32483059798155123
-0.050239247487910206,0.04181235778346133,-0.08489167092596045
-0.016822177290977205,0.062138807862423526,-0.03943317169233316
-0.01248640606540145,0.025113612707477077,-0.03994674157569971
-0.09140855578737457,0.08150793456565965,-0.11588093251522065
-0.02573196657293704,0.06758907535112861,-0.05656130377233992
-0.038697528277216044,0.029528064985357927,-0.07874402032522991
-0.20344124785476744,0.18031752953802158,-0.12146018952981785
-0.10697689966098775,0.11651659765459955,-0.09812681979239514
-0.16370216090370118,0.12778009506613752,-0.12970650397963596
-0.14580937412030123,0.1820805177443617,-0.11819177040405303
-0.15337026570187146,0.16168052247319833,-0.14457962221451837
-0.15098995890459796,0.1368370809790192,-0.10453123609374773
-0.2025820774708424,-0.07092453607795117,-0.12146496746009477
-0.061415389945943824,-0.007754899818017677,-0.08264432359824257
-0.14222374285809317,-0.05058902296948003,-0.13212608639410797
-0.14045940745393404,-0.007076201785598851,-0.10171187867473191
-0.11824636156382229,-0.00955364119165518,-0.11342197316385673
-0.14313215318677483,-0.05179201151169595,-0.11540192440681299
-0.10973685086280575,0.05572355583599716,-0.07159254352690957
-0.0748724561729764,0.06993183701862005,-0.06790157711834936
-0.11562240695205997,0.040001324027992044,-0.08099982310882693
-0.07829257259304002,0.08578911347521538,-0.07436235060959927
-0.11944333555138911,0.08852969577200413,-0.08170143431656057
-0.076244066509744,0.03986706928253223,-0.07278509057330101
-0.061483147562745914,0.1313391159138505,0.04690821987611504
-0.03351626641209172,0.11366823331271231,0.0502281105322431
-0.05966456206116276,0.0849176356489752,0.0660606793140647
-0.044103905070284145,0.1866949266172097,0.04239493987987125
-0.04026378285117803,0.16155689353045385,0.06725656373198168
-0.062294353798483075,0.09666315281290432,0.03495456215945088
-0.18985355790039507,0.3377439910234941,-0.037883767610035556
-0.12586284125991334,0.24353403978766766,-0.00846158700544979
-0.14936527849187073,0.27734140799628726,0.026070429040869186
-0.15576668920142775,0.30855234829629885,-0.06975806654611243
-0.15165518416775675,0.2267804284641761,0.01770399386430271
-0.1810935385568845,0.3442688423269699,-0.02741148628424305
-0.15087340216975514,0.04139739565659806,-0.032344497785380365
-0.1032164269018349,0.03844644256971363,-0.036888767912361384
-0.1383588569922552,0.042819389181106574,-0.004882200837013054
-0.09350976584159017,0.04213716383432425,-0.048461730833391455
-0.09596666368922181,0.05617504627425934,0.001477083718132219
-0.18146815138920902,0.04881958016867326,-0.0955826847070496
-0.3338982309683184,0.44658517196901326,-0.1294037183568263
-0.15974247307697692,0.370074822927162,-0.12726228811200294
-0.11195527179579008,0.20214233142484742,-0.09698171598062459
-0.2548636488974588,0.4529405659244905,-0.11660257394154373
-0.22954426800463193,0.4196116857373822,-0.06526278956574001
-0.30144693280054946,0.3785383494687822,-0.16056594570762014
-0.02387444925299961,0.07131232141729785,0.07712364189929712
-0.026397648463729995,0.007029918831170091,0.16223053281798402
-0.027528791016929025,0.026906263557943826,0.20854612264671715
-0.027341952809823756,0.06436404178631651,0.06343389787907146
-0.027365701709604215,0.041788115841807576,0.09945140600837059
-0.026846804666373854,0.038531778783660355,0.12649793493054146
-0.06058126241277753,0.15838159789698494,-0.0009924491501477303
-0.04240347328795748,0.056506035815351394,0.02068647685247587
-0.04127501621044258,0.0997109712725687,0.023050696761093576
-0.04983468947787573,0.10189183575628213,-0.005723284596156789
-0.05137661520955766,0.10101866441625035,0.019701301026861816
-0.04022731402570196,0.10124515597125906,-0.0032869196704130113
-0.061430093365204996,0.05452924252768185,-0.0005321060442315556
-0.02855823962126916,0.07015669352413628,0.1115026219908184
-0.03091089688797657,0.08267507921145693,0.08863659976894213
-0.05034436155114573,0.052166836247038516,-2.8008514271353282e-05
-0.039184662588216894,0.04881758983732085,0.10367516012210566
-0.04197849115192528,0.08137471274365786,-0.004752317143587972
-0.06319557384423222,0.16824694423608808,-0.1144869278365149
-0.05568083214708648,0.046997802315524036,-0.046148647247881903
-0.05204110291671063,0.06979804245254113,-0.07470376916742946
-0.06023562178587094,0.12827951784496655,-0.09745273611765853
-0.03340266184508728,0.08533103643145698,-0.03901006952549775
-0.10151493239502053,0.13651060562988085,-0.1528351688824073
-0.005053966776380827,0.46180288992718427,-0.1680135185677853
0.002061388064577204,0.34567686422597393,-0.10048738984480426
-0.06370611196943927,0.39059469118713824,-0.1418469855335531
0.056000879483112824,0.434479986387068,-0.13191627803288217
0.030807996957349378,0.32648899123869124,-0.16393549709507466
-0.03756190870219768,0.4579088372608225,-0.13620053492845483
0.04215502053421093,0.09512683102450938,-0.019184637515447796
0.1051678696942684,0.2576328445337602,0.002920062966808156
0.10217016667526706,0.3269050263498862,-0.03833769579691647
0.05042966700666883,0.06817603713784788,0.00015556611978485732
0.18310437732215906,0.3887136264051066,-0.0736248447302425
0.0281820737642891,0.07641219122739984,-0.013246277122672987
-0.06251789551984907,0.19173082961745985,-0.040665813552897764
-0.15943417013565603,0.45872647330854377,-0.06945544211142249
-0.19134614283789042,0.497417176012139,-0.1338999641252151
-0.031536225135209074,0.10999396116500397,-0.0002006000837020233
-0.12405616365211901,0.5162375911453945,-0.15463363440929107
-0.10959934063827999,0.2690235741404616,0.020312189843987596
-0.009292408466598803,0.03765748290003293,-0.1138769511236582
-0.008242893822223102,0.0008553053826252086,-0.015325123127428205
-0.012629939666058156,0.037964660679876035,-0.05238677110293197
0.0005110537378306573,-0.019533724989931778,-0.21409384071579776
0.004711128104167226,0.03894226573095768,-0.05401464033242182
-0.04914984036344718,-0.019667217300995504,-0.2407371529964791
-0.032812891736121626,0.12979870946430666,-0.07728398976662013
-0.026609103524669907,0.04656467361402296,-0.030359066305193222
-0.03898775295750872,0.08843936579640357,-0.03739254275543149
-0.017869006168640077,0.07265270217042412,-0.059287518536093445
-0.02078539313485448,0.07841100631552349,-0.03780805872484185
-0.035084003212782135,0.08469417957365442,-0.0610689959719051
0.09423727643279968,0.18559618229360514,-0.09355310139572216
0.015148238243225694,0.004112755354019119,-0.07819442606998439
0.009454811096602737,0.05025219069703361,-0.06822212646196008
0.13734461433001152,0.10641936964252048,-0.1380743975911293
0.03429360688232875,0.03321826907022409,-0.06873252336093086
0.06320257631646932,0.13408283442650493,-0.13854204586576768
-0.12675802389111526,0.35929611124262967,-0.11521257993810327
-0.0899678845406917,0.1149661033810492,-0.12706221966186296
-0.10209543284200824,0.2313702306115917,-0.14376263923515797
-0.10715207138677896,0.256438759083857,-0.13624331028655495
-0.07662845897002356,0.1947594891030722,-0.11845403846055812
-0.12793695346143802,0.24652579213175832,-0.13529097907139934
-0.01792872690569889,0.14627701053360723,-0.041315722659144204
-0.016268531853806827,0.11620451830375125,-0.0967944006684447
-0.04760569046910817,0.18417125758039568,-0.09280589169610719
0.027439376878662502,0.12050637175413098,-0.07255070770405415
0.015478562615532787,0.16587195164458712,-0.09677439396600429
-0.033817007619807986,0.12759243751024058,-0.07367358351074295
0.440925458806215,0.14099278573823693,-0.11793315134341387
0.39247769607645694,0.16838272993494183,-0.08294798019099313
0.34548853118151834,0.14134034470426707,-0.025804057222992956
0.45052856458522883,0.14800557648429885,-0.12486645680673632
0.42937912906217185,0.2196248668257881,-0.1104562027462913
0.3499112792294185,0.1115496650306559,-0.05750968345578344
0.46084182955946407,0.012188579689224563,-0.1460404117216351
0.35353170990368427,0.024988202288443687,-0.10299439251599295
0.44084977827310157,0.06418446618671426,-0.12844189894832858
0.3565884135597916,-0.024986805584127223,-0.12214197449833558
0.40033797167953716,0.06498922642841383,-0.12921428896015372
0.4364713071252458,-0.023800973460074835,-0.12332622843998883
0.04714461956740857,0.00233535240725949,-0.0967157453929657
0.0068869098265019035,0.005479554527815616,-0.019546238956671454
0.0026950319395505525,0.025910496314738553,-0.2737222180979916
0.041928113084658346,-0.00728149472468396,-0.03907926526159026
0.04402235955425664,0.014190527576433545,-0.03671622843759662
-0.0007621295472187697,-0.015473971785961766,-0.27697054626562245
0.4029353916886332,-0.12281094423445182,-0.12735326901709373
0.39275916017871476,-0.11051040665097836,-0.08605190180519688
0.24306274638205788,-0.07846658565295395,-0.02958986185799486
0.43954880100672045,-0.1759640793396029,-0.11639642511507155
0.44814158271291,-0.11553069313210028,-0.11767419450670344
0.35560874588230784,-0.11971722104676494,-0.05372454494394855
0.31451950014774765,0.13407467159774622,-0.09656350099356853
0.14242222167803567,0.05309856522085186,-0.11573548024007796
0.2447687497303001,0.11443585903654513,-0.12061128353557073
0.2592209257317274,0.0738817068175049,-0.10072403882600024
0.2587507126391921,0.08413923895773166,-0.12396918229008255
0.2505650738553174,0.08953015262343292,-0.09426714606251861
0.12736655087708515,0.037508412656613845,-0.072376894358338
0.07141408843992168,0.0443159747276057,-0.034899490462680496
0.12809812426330436,0.06034520694283984,-0.07802999539367628
0.08212655359342025,0.022963345336351387,-0.039980634050468325
0.10842788897946581,0.06355543710420093,-0.046955118336775084
0.08969210451502746,0.021971289287048987,-0.0659097754763117
0.10989213314178775,0.047598220197761346,-0.01204366598147583
0.04688057132369449,0.05823262562922143,-0.0715594634458511
0.10064404454790811,0.0835191530040999,-0.060603593534768255
0.11398667661820104,0.033672393742285193,-0.051411574559251966
0.1747105430920025,0.07264411264639438,-0.06655404685892446
0.06583389217595585,0.03873099985627279,-0.042977437703806375
0.29979427592701674,-0.03564752296963866,-0.08232670466876103
0.0543237809737214,-0.017886000630824576,-0.0640520458391689
0.12013049820197165,-0.01498823485377406,-0.07117306677368175
0.13490456895549796,-0.04884086474334421,-0.09187915394983949
0.1032585202839458,-0.02094413908306974,-0.07718870976015325
0.16427971884640682,-0.042711937378368384,-0.09178126621875295
0.09718190898902897,0.10875026930997189,-0.04266165966853458
0.06660303801101446,0.11279001788897591,-0.033552076305236954
0.05990913011046267,0.09697247704626961,-0.08388970412109495
0.12298352361197429,0.13387820690668611,-0.01281337566461347
0.04990834634436097,0.10792836066343375,-0.007143460980392252
0.1361548739783778,0.1454166611976201,-0.08332322566787077
0.10357609693987116,0.1436284644253958,0.042740026619848506
0.0859956904777915,0.07799731883854501,0.04128350553439257
0.11197041185476601,0.15297906921775972,0.029800293655269774
0.09376496616686739,0.06350608334380058,0.059862441428563715
0.09202430455178959,0.12132418174787989,0.05406445582392166
0.0934081749176798,0.0895640717294103,0.03026412397325625
0.30856296552474805,0.34992496413553853,-0.09972693765233338
0.1684344868405764,0.2384686264670742,-0.07896054490957004
0.24281792511197534,0.3724315238487408,-0.06894050458025114
0.2486782066747605,0.29534769288094054,-0.08989011304105707
0.18881028667420244,0.28002336749243073,-0.031479809134173135
0.3459693668469402,0.32715960058790994,-0.11314012036618913
0.3632050069580593,0.08655354215771756,-0.07434326143586303
0.3151431495751073,0.06836991153171837,-0.03836474382001707
0.26458334831037716,0.10734195437237869,-0.10941615313255207
0.34313833030653557,0.0923791338108205,0.012021562560525856
0.17765850078828568,0.04915734752803168,-0.0027517800626271527
0.4000771996124324,0.1096906820866818,-0.10138994792020276
0.03027712514771828,0.08653104062931732,-0.006336279961865469
0.01031831278936447,0.04226414592850176,0.014495384317692494
0.004863675032375026,0.0704759691565755,-0.009071810013194317
0.031825191913178986,0.05719378463419655,0.016092593946897958
0.004034173538404837,0.07007975670630728,0.017140731019534696
0.03260061584289981,0.05752335644135907,-0.009385004461492916
0.07073292256211912,0.02792891388200447,0.046932979885447035
0.04647579802110428,-0.0011543700281169869,0.05750389832888323
0.050823792495536896,0.030182879025536895,0.03881624655621876
0.07927943428149653,-0.0025915654959105137,0.07223410912530573
0.04370629835400427,0.021021021961352002,0.06072347524088674
0.0845581532415531,0.00020751093724470616,0.04408525094778336
0.07786541322564211,0.03571329477782197,-0.06234424197003866
0.05505113910935317,0.0003925519315344404,-0.033434103186866064
0.05247285600530914,0.023185772734803094,-0.054865039964010945
0.08666129591399405,-0.0002953913738183528,-0.04362433800490126
0.05349554310666487,0.0311490144469048,-0.03439658672138644
0.10573377812036551,0.0024140010173534098,-0.08015945683964504
0.26425907892809164,0.04227189299757313,0.00013624597898756797
0.14312103181766028,0.02794337854708949,0.02472093726350423
0.17863454291935466,0.0068116927315742615,-0.017899542241307177
0.2026598345678442,0.06557197024742349,0.040827059883211406
0.18379025200449053,0.005882014942188535,0.035346344665195026
0.196412557843952,0.06337685552687744,-0.015280746212739222
-0.054919102298933035,0.14811388553398547,0.1596047399095383
-0.03961970704113601,0.09032277090501302,0.1344178769464384
-0.04793051986251569,0.14934641558783215,0.12136922748689101
-0.043510438225445106,0.10289264312857758,0.16971137156849667
-0.04892770892599804,0.10887858041675007,0.19393301755290107
-0.055096283205700675,0.14615962410204103,0.13496170493834578
-0.002002486508170169,0.11075197120325193,0.35587207547471844
-0.002194132332358518,0.07308025837693632,0.34201272474388456
-0.03294657584687209,0.11468161295730275,0.3154041967508159
0.0292786432180469,0.0629570506877354,0.3396493853865577
-0.019956662981056267,0.07041012983577866,0.3570567585942354
0.0045602411206534625,0.06589863332248146,0.25420726356859114
-0.03155124466961053,0.15941865346389972,0.09235628564430907
-0.052681924309445335,0.14036258112183378,0.07376214167137268
-0.08910844151681555,0.16185682944775345,0.07752979670313156
-0.017062578682841414,0.13473279132108898,0.09704058296006644
-0.07094538791125776,0.1613523584441325,0.12169985124004472
-0.017291771318608037,0.1313762040521818,0.05575743733136675
0.04704544611993503,0.09685927596651474,0.11606616733416385
0.03009628122886941,0.053970558368634826,0.10530664027998757
0.025621131061942366,0.1053927397057293,0.10477633005462195
0.049570950320853964,0.03574533932131587,0.12107629416214298
0.02127363792543691,0.049154416186521506,0.12239715441278658
0.05694712244733047,0.09799916375726142,0.09195348172762995
-0.033931084660238156,0.02906038036822976,0.13266814759301548
-0.032821467395838674,-0.028488036396319822,0.1527258545886142
-0.03151088854053248,0.018525064774135628,0.11445928265724489
-0.037618394469404175,-0.010674855420242896,0.1785320839758067
-0.03570312577948469,0.0036329092177087136,0.2474575400059513
-0.03528499284541881,0.016926959483023477,0.09867699871884678
-0.014816183635954104,0.025783511170798523,0.30572674718370146
-0.039021431728543644,0.0023650658110241285,0.20911223304074045
-0.03615706942633369,-0.0033832096476862734,0.2611325869017594
-0.021808320652044605,0.02676681948576982,0.23318877805624214
-0.02101346279129871,0.01918416549981707,0.26827395479619653
-0.029761800069118924,-0.012212891575245147,0.2202294397624849
-0.036024612817746715,0.09727160542304668,0.0547852301731883
-0.029860843523704047,0.033188159638905965,0.05929126083992777
-0.04103538199410748,0.08015308557068043,0.04273417051716033
-0.02089743792339857,0.051011288286562234,0.06737230252052918
-0.03554566766214016,0.05460888826350929,0.06740757851862299
-0.022882012668416996,0.0719655700832525,0.04301441523458514
0.013884134108309873,0.016543250738484203,0.10162144401518675
-0.009114050911241976,-0.015638179968791084,0.10073671685092259
-0.0035339336323425936,0.017603696897197672,0.08863445741797472
0.013578066546371568,-0.011901714714918313,0.12392227547167153
-0.009021959610456555,-0.014923939144001388,0.12184812327771455
0.016135528172903153,0.014758994217254155,0.08516028244560434
0.07851157209822482,-0.0011859549798308986,0.1780716954175768
0.04512066578505672,0.016643060490748145,0.1446857309779175
0.06038903656868907,0.01976542313357858,0.21238820085670856
0.07739958046527845,-0.01383891024007089,0.16492866671212855
0.04856142539410304,-0.014750877122164727,0.16103714332935753
0.09722744691117527,0.012989311120503602,0.21370068666430733
0.26891226285781905,-0.0916521840095003,0.3682940069648263
0.16669220888344075,-0.05376615641649415,0.2978323589634936
0.16636692574613582,-0.025012603964809508,0.30714235783296284
0.2628459239667393,-0.05204953629194147,0.35933577622158314
0.1906352426496457,-0.0653511722141841,0.3600353533991608
0.19765702998273288,-0.059509609790258884,0.29389412115513336
0.24514248739155273,0.08719330933955638,0.3355697953793502
0.18207644113982477,0.037664491527825486,0.31295861468122577
0.1447576624061648,0.0407193670850153,0.2648738108468196
0.24164332503413496,0.06016716504215439,0.3297095931023455
0.1865112490578147,0.04431734074598876,0.33083718762567904
0.18615994653581033,0.03838580374259922,0.2390484131820097
0.101169640638888,0.006401804993369496,0.05230938878745341
0.08294766065643144,0.02759239006637307,0.054828891361295
0.10532543684829344,0.057076179506651475,0.09766985372578033
0.08667754105602503,-0.025308153350394113,0.03534424877083794
0.08065343022762034,-0.026661310521712563,0.07226303117410376
0.11308203563148027,0.05888119633225308,0.0491458894334798
0.017981538849516743,0.035927481900438235,0.12949774017848037
-0.00937879242856916,0.04053559214108624,0.10005788101826528
-0.006571024969795623,0.051534911100385404,0.13213527212166956
0.0157579962671478,0.02200390750112834,0.11219704674297498
-0.006306832812339073,0.023513881772549813,0.11169615429387499
0.01762418299100255,0.05033613518754211,0.12873646089596294
0.07961799940822017,-0.05180014370257929,0.1288633888353942
0.028604963279878798,-0.0010345812888397517,0.09037293801768151
0.03918233336319127,-0.012323792606293113,0.10947973849139103
0.0703880259564193,-0.03465534653530154,0.09702132874607275
0.04486254150013318,-0.032281154431143176,0.12181515572576
0.058296693112581496,-0.013251384920745814,0.09092028381414011
0.12227913163314982,0.027306351627277327,0.22085742667105854
0.0430276179606057,0.021854914105327743,0.13116296118922252
0.05802350669277629,0.004965349131173969,0.173550851307953
0.09415700505212742,0.04640248413056748,0.14366738282159333
0.05838392447708742,0.042471964438567496,0.16531940631823494
0.10088319843751635,0.009558577178013327,0.14970049009315187
0.08711400768088833,0.04317788548031888,0.0551178009461459
0.05845392757393454,0.04149073432722232,0.053243660773463826
0.08453788788950417,0.05664266897470435,0.07548329207549458
0.07857358498058728,0.024245925706349127,0.03911488893193183
0.06868435469849056,0.022044025631314988,0.06538093573181178
0.10240265974687952,0.06658558116392808,0.0481774884710935
0.09413865518317971,-0.12168784044955727,0.030978484209525155
0.09171201561275548,-0.019257294785552066,0.038932342864443734
0.1006348540123555,-0.016323243663228654,0.0635287599788506
0.0991576470613536,-0.11777192794717321,0.019100510086713797
0.08671760072070858,-0.08301858931543206,0.047036649877881226
0.09569081585034075,-0.043977748076866705,0.026930785943940966
0.11195693272435693,-0.11228396033171562,-0.05789425412723373
0.0550663617099,-0.10390951414173219,-0.038711144401130756
0.10764113963797493,-0.13667858707562816,-0.02056021480797625
0.0580629636727595,-0.11828513901817056,-0.09647516546270671
0.047229351673503214,-0.109982893768716,-0.024046227246084795
0.11250248880690343,-0.1501286732074431,-0.07822793313895793
0.4025543474440518,-0.09204481100176458,-0.07444032163905179
0.3258419209000839,-0.08017531316011392,-0.031784404246021344
0.2846349490788324,-0.0972832888319701,0.010208811626096497
0.359476274710674,-0.10722464979282863,-0.11835570251204136
0.2955995640299682,-0.04846826238275919,0.0021644987804332813
0.36269343786486136,-0.09879142372067906,-0.09651008306330973
0.3119482755382764,-0.3506617827460021,-0.09886836683346265
0.251269271554087,-0.22331037388836336,-0.11942793973252831
0.30085367761061843,-0.27247867460858816,-0.12357424790978905
0.25130600340949266,-0.3617668735068569,-0.07417076050366748
0.16620408247164553,-0.2503771704104908,-0.059920570906057485
0.3789115151222006,-0.2894850170660026,-0.12140398683906144
0.14078811798558316,0.009739921259344246,0.07132144490139532
0.06804575589413295,-0.015626881790570323,0.06348133505106614
0.12338833387241256,-0.03439079528332054,0.09024626107788233
0.09975432325480248,-0.0015537124272718683,0.05068868026798587
0.08490311171754929,-0.003884986882567728,0.08666655854386815
0.16356938665147042,-0.03499367676166693,0.06445571210828119
0.03189727803511186,-0.045108389315036086,-0.01414179953336186
0.013317576612345028,-0.004939761270729727,0.00940917767951196
0.042626302398007056,-0.011872201084406965,0.010594947993936581
0.006760908630483658,-0.021946290938289953,-0.01773222762873072
0.005313305284370866,-0.021956561904054258,0.011060726429631485
0.043397866394815784,-0.0114019828985275,-0.02032879483295906
0.14966677150880986,-0.07610061490447631,-0.005513061353917049
0.07107475805374604,-0.017908166452856106,0.01104057115265988
0.08765324057012613,-0.029629821889196807,0.014628447379875733
0.12811465664488292,-0.06248261837260296,-0.016321779723048338
0.13228204056643214,-0.06395365026168214,0.019487197220221953
0.08662281059316664,-0.029289972888072644,-0.011397680044146277
0.2032221079448774,-0.027927934176754994,-0.12608828389046298
0.07956878159708791,-0.030194205139549114,-0.05322554398711497
0.16402309772258247,-0.04158018485989916,-0.07887337516783728
0.12631302645198123,-0.015534142378633535,-0.12147693238021381
0.10584609483652589,-0.004187000125866875,-0.0715169398561356
0.1660383513045331,-0.05035880996525841,-0.11131023029558933
0.008548464449583933,-0.11834446389848817,0.3884100872679147
0.01992200555206491,-0.04601188076845717,0.38050898351094115
0.040604536900977095,-0.041153761109112855,0.350986092268056
-0.01758807881408214,-0.14590529326307972,0.40878294046662217
-0.0128896235052846,-0.04377314340945189,0.37449037522078077
0.03833232921081261,-0.11717471447630223,0.38145324155055477
-0.03537523129968129,-0.12801658906304186,0.136942234556928
-0.04140425179057656,-0.046028806454436896,0.17257879123711242
-0.06011150606620689,-0.12256939407202166,0.24398264599433978
-0.03263559801529856,-0.11716018289330268,0.10649312561936361
-0.07785769384079248,-0.16472542445431068,0.3438336879656277
-0.052329864546491474,-0.12236943489952878,0.11514215498115925
0.04545267838448748,-0.07410314625873433,0.1129739422787822
0.0333045718954717,-0.008380929702996328,0.11816794378374171
0.049490683235024,0.008358918803863457,0.130826727237847
0.02311429730453093,-0.0753688366877846,0.10125656423956257
0.01949143612262301,-0.004185465338482537,0.12857771356595463
0.05657886224443642,-0.06498148578276751,0.09060327378853694
-0.05701767960961498,-0.13509093972887534,0.07754792490027408
-0.04999893797842888,-0.11389507830591891,0.04657402147544416
-0.02616560121030917,-0.11404427907216114,0.07073540156842813
-0.13046577958814792,-0.1589040351296408,0.059665398128101926
-0.08196207583616175,-0.14815499228683335,0.08100177091706286
-0.033866279500734224,-0.11998731249213818,0.03272051056045536
-0.017715994160221977,-0.030838994067788984,0.23653947303086897
-0.02918495853159018,-0.011537199544915538,0.10673221874926887
-0.02284902990778656,-0.01993660803753491,0.12082156840620459
-0.03561769797682619,-0.03880890655625748,0.2120570919772437
-0.03140782656968928,-0.017801980347414738,0.12923125596260476
-0.027147648253257356,-0.047015572683293864,0.17217020856531653
-0.0830968635936045,-0.032769787008237766,0.4391732363379113
-0.06133534720411817,-0.01491055197003615,0.2737284469971472
-0.0591120452445625,-0.01865193209630602,0.4024816072021248
-0.09897610475072219,-0.013712936050322663,0.425953160963782
-0.06329419809528503,-0.01740039827126938,0.4358339891232162
-0.0904868171714833,0.006782864985164929,0.323798575825716
0.022579974561670817,0.012485369555781688,0.1538242817475343
-0.007052833184869791,-0.007872056628481719,0.12620608967961933
0.02554328441431698,-0.02414414823257881,0.16353830259973046
-0.006532233074282673,0.006101143335427609,0.13698852349010693
-0.008509697269583996,-0.019896019748881156,0.19230337846011297
0.030299842022729142,-0.0002546617201946455,0.1275742764114759
-0.03182224627753959,-0.04134476539364644,0.054882396617801955
-0.0657654433435709,0.011934769308667504,0.09713707241765576
-0.03032175265608427,0.0013096696669940844,0.08282440835475992
-0.04536205285530774,-0.006382480451722271,0.045849673518240555
-0.05252150447299754,0.011913460998515852,0.09235401773958374
-0.025880497260806844,-0.014600261007110052,0.04352635487731126
-0.1973012859994722,0.07825421329251639,0.3706803224780952
-0.1368665705451909,0.06956363506089228,0.44845407423510636
-0.1498302793477336,0.10924447954676687,0.4137346970978148
-0.11698739127469122,0.06052502015793244,0.29195023484731375
-0.08923053179935789,0.047470234265003894,0.21227190010597738
-0.19695680189714024,0.06561423119240813,0.44589223349478174
-0.1362648081101285,0.004754079941747811,0.0640136928466353
-0.0658489422633901,0.014003916019845028,0.05987105481993363
-0.08385680765900268,0.02586254486367957,0.08048803061616756
-0.10755588160483692,-0.0073233383941838275,0.041039088039224285
-0.10746849995612583,0.023982753300049144,0.04166412487376302
-0.08477603899700012,-0.008232223123886077,0.07894730469578119
-0.11504017810654607,0.007284489891145012,0.34402006662935664
-0.06876531799273604,0.0039022609761103343,0.29801332638741407
-0.06636153574563301,0.018128175069776695,0.3363648072448343
-0.12569963329883319,0.011571840470936576,0.33360316379857735
-0.12939911390402895,0.009189567889491688,0.34934303699516644
-0.06432100024927462,0.006476448633696864,0.3305465768342136
-0.24793273043318598,-0.0931503193682413,0.47084609969968594
-0.13859786586673922,-0.0556325529867358,0.47524129924165537
-0.19752057787716612,-0.03958755133699488,0.45300486749820207
-0.11864227967843906,-0.04238986063452537,0.3426339833835446
-0.0711349761586267,-0.04938373809357292,0.21324431727280613
-0.20668755359745708,-0.12055459960932607,0.5248042804145785
-0.0687440284782664,0.051777857101466,0.44416167290614683
0.0049570207904643246,0.02581481514660136,0.3614312310909294
-0.03233645653655682,0.03286319686190149,0.4037028411690284
-0.028185325106805326,0.056749860645313344,0.3735993427637091
-0.03301143128341827,0.03874706189120755,0.39074785367842996
-0.031055980878170047,0.03034004689345644,0.39131563326172114
-0.014205168404495061,0.03398106160222025,0.06648607250545883
0.0047254553717384126,0.06450464473565322,0.09783856421412421
-0.002509626829768316,0.06920069688875864,0.1367533229030967
-0.004626196882728495,0.027069946147205776,0.053121939441428935
-0.003512255234203932,0.06997731604347762,0.08035897706543321
-0.0021156109078880546,0.027878601792768104,0.08762862797015146
-0.03287209258961052,0.007346190621759473,0.2261949717263219
-0.020121218294892818,0.03891844268402772,0.13563186275329636
-0.025168609747449947,0.022946645238188193,0.21395981051718574
-0.024397588943149147,0.021172181115853082,0.1598881828487416
-0.025076192637246243,0.019226885548997687,0.2514335223818539
-0.028992859798522067,0.02092895355216235,0.14090103428230594
-0.038123826222567624,-0.04199686714290255,0.2757559557020636
-0.009095838507244219,-0.007711790375505114,0.12219726563449791
-0.019709375158789434,-0.011947227843762195,0.1608739893055305
-0.02693842188100056,-0.049227881453772375,0.21460655420628755
-0.008901159544780417,-0.01625582211069646,0.12832275826101613
-0.0370674207924554,-0.029185446509715742,0.26325575062030176
-0.16861917747384284,-0.04141232304367184,-0.04079060535606156
-0.09921657223593255,-0.04213441468876323,-0.046597986410461055
-0.11693793374278416,-0.036406556427642796,-0.007302703059690047
-0.1355172256662447,-0.03995267145584112,-0.08166022926999544
-0.13843555508368519,-0.049248514816156885,-0.07789844287100646
-0.10785253257282693,-0.04585261264873563,-0.006664125729757305
-0.3027900294392252,-0.43270329578267497,-0.12466456196516963
-0.18198765256700006,-0.3106803445707083,-0.19037761464076491
-0.1477158663482284,-0.19154845596579775,-0.1369710229863837
-0.24123696518130266,-0.44661420492417553,-0.12085002902220825
-0.3136367146384038,-0.3085456441147697,-0.1682355544819979
-0.1753818117546137,-0.3924949411652659,-0.08403082128852567
-0.057538618889036344,-0.11647291575077841,0.041357885813661587
-0.03367431254252551,-0.06823022184996227,0.05463636247990449
-0.06000553557534852,-0.06374537190222705,0.07023656824591609
-0.02622224757491213,-0.1518091215624644,0.02689950178289639
-0.06547752020285212,-0.07852361434445808,0.03359116382335866
-0.02768013674901137,-0.12613947169568937,0.05313388728440405
-0.19608202087807353,-0.3346235794202857,-0.01896303007448881
-0.07737742130187793,-0.2220342500440002,-0.012872094176500065
-0.1010583040995944,-0.2622852820416292,0.02981160990109396
-0.14767277541922394,-0.29062375133809126,-0.03924778680585911
-0.14242260246014257,-0.31797941523487916,-0.010000070455491335
-0.15998201764048126,-0.2290312766971006,0.02853737258735731
-0.025049337492058118,-0.05528424751604995,-0.006486101651593519
-0.006618312374654579,-0.03111603172466616,0.026178484073007297
-0.007602151892176372,-0.023739436204506994,0.02422362745558318
-0.031689394729131945,-0.07041632588093275,-0.009237510601607997
-0.009550504675961111,-0.023719670174763813,-0.00716495165416936
-0.025483656844182547,-0.0733797129515649,0.0602714553308597
-0.15244924626155004,-0.1435667423450242,-0.18897378058303163
-0.08916260006062025,-0.05934865033702606,-0.05542997888796007
-0.10538860228636414,-0.0757862895106003,-0.09599550435454234
-0.13360757089048542,-0.10508962428789265,-0.14716462107108297
-0.13228697369168058,-0.0834968289745519,-0.13817811862936608
-0.11426179088183618,-0.07024033227553138,-0.09985362655642162
-0.07585179833665617,-0.02845192155807785,0.2693560951115509
-0.07063337287816843,-0.048141216497519866,0.26944912001050164
-0.06884459453091514,-0.06394774323178246,0.3407571340683735
-0.10233693494069962,-0.026201382539915975,0.24232489773353097
-0.07299705026553073,-0.06428380027101435,0.24620569036849627
-0.10410695901004212,-0.025291775795796945,0.36283636083985793
-0.04424191756873042,-0.07299623379267142,-0.006060646238350256
-0.12213891134074124,0.0034232888127055643,0.06676270437040009
-0.08073909190069191,-0.008879277448036299,0.058745184669396204
-0.05170730603608753,-0.01321441925686606,-0.0108624986880735
-0.07722456919045415,-0.01939656870625848,-0.009693489286362116
-0.05450818897789594,-0.007150961798215387,0.02220709249866727
-0.078051558567503,-0.04796139713849588,-0.09182164465876813
-0.19788671744634626,-0.1437758542733089,-0.1570706790517121
-0.026848684342975312,-0.03591086703143345,-0.049135324128958775
-0.1872165317868161,-0.08762489656774249,-0.17313559590454522
-0.2897302472898965,-0.25464742631076853,-0.12682952027497812
-0.2889498045796071,-0.27904060077304277,-0.027340258191801012
-0.37721041302649233,-0.16064030358239795,-0.19910985821943517
-0.5444065826894021,-0.20513962863869606,-0.17040663406007972
-0.008316909103098263,-0.0003041346279431798,-0.01601524748597159
-0.029206928431279623,-0.035138287291661914,-0.06235357611635885
-0.0034332245568329564,0.04345930339178591,0.011929522751422781
-0.02391759822643813,0.011251973768611664,-0.019209162994195873
-0.16722448168352608,-0.0698982351524916,-0.13145236759018444
-0.5656258571617075,-0.11893919436338744,-0.17348809336933627
-0.0692470659883863,-0.005349039674644541,-0.03724238201676755
-0.11872625098237766,-0.023857626122678582,-0.04582763473944916
0.01882310958761632,0.0018646931925329,-0.031247103083711786
0.007745631217107791,0.012948563425784708,-0.0323602739534706
0.030264454594672488,0.013439836124916763,-0.021169481890476273
0.02021477887787227,0.028595666206876945,-0.0289828254032411
-0.0027128798958891676,0.03106160556531478,-0.030960462888965427
-0.012811833150925099,0.05018233676201075,-0.03090868190083924
0.009891349727857235,0.043361298628979486,-0.03280219511480174
0.0001377304345424612,0.04770011487636264,-0.03832474550428044
0.03693269694546033,0.027878722283757585,-0.007947641195503265
0.03155677802465543,0.039173131711907984,-0.02288921118526621
0.040541219594381825,0.04096012800029235,0.00823787068194119
0.04630914780689941,0.03981092843068103,-0.008986236684614946
0.024246643604641786,0.04004848553777348,-0.036797830633947363
0.014872406294222503,0.022192120662309647,-0.05289908454749812
0.047530424060073795,0.021970710983054312,-0.03281427842831501
0.03358143789719238,-0.0015082618311123535,-0.05359382961334327
0.065507363133907,-0.03991544027557304,-0.06928202992376035
0.32190424698167597,-0.089747459979722,-0.11992176757867476
0.06659380169399608,-0.024683809605807974,-0.041912631579290004
0.26937522051321433,-0.05018230058047023,-0.09910557705975617
0.38235461198578463,-0.22260507815667321,-0.09954737925114467
0.39934587550641587,-0.2900994117176163,-0.08619201868301635
0.4011795688306441,-0.13530780065203693,-0.11868502289953164
0.45362455986914946,-0.1990235915333286,-0.15521453232863625
0.06613234297974382,0.000381346306725881,-0.01902051511736983
0.10522182842479094,-0.04379083848155886,-0.05839582121118977
0.06842071207680506,0.03186824299015063,0.0023260067468740355
0.08188822363484564,0.012428710898708275,-0.020923703813149053
0.3538048229033504,-0.06674247124552966,-0.10931897186359618
0.47301975554519454,-0.11778881526257219,-0.13739799432303904
0.08318659548153882,-0.012642932755799733,-0.04136661244365039
0.13669386411639967,-0.03226802318217294,-0.05494737272218792
0.024677557746153517,-0.0050942919146734125,-0.02691402803039234
0.03811207847148877,-0.0005558134265551335,-0.010226360361178076
0.01773968756937478,-0.006052938071669713,-0.02005285553481392
0.039258137670838175,-0.0064222387733224836,0.0026376365064842353
0.04035971942218052,0.01130257327270493,0.007096295668233073
0.036564272336017334,0.028527110772376844,0.022298336262413072
0.04259192227711897,-0.0009829502871326855,0.022438810670343794
0.033450228735750424,0.01381626823794293,0.03716170558759467
-0.005036197600662861,-0.006573790127353561,0.00015147655506473365
0.024770300324525044,-0.003953743183698808,0.024136685533847773
-0.04386274968532118,-0.0027516567443496274,0.032886804620468314
-0.009768220885351998,0.0006763417889143579,0.052916774862738276
0.03470548143976322,-0.0007058008432005035,0.04215314212366008
0.02689072993442761,0.007580939785988264,0.05365404962957905
0.009624696361326124,0.005124087799871207,0.06591367043065931
0.012146746257363736,0.008676973257719519,0.07116034617559226
0.005915009947034273,-0.006508192057076535,-0.038190992706409244
-0.009392165840728781,-0.006988960410516814,-0.041556385169444626
-0.006488355828688839,-0.004116845594006724,-0.0356824784032556
-0.023752883333555845,-0.00975099407478118,-0.04397365260797363
-0.037084454862703106,-0.005588861281394831,-0.028670162357111513
-0.0756481970207551,-0.0008736127116625986,0.007628260508817724
-0.04992995565360227,-0.005669087179713512,-0.047447582712423046
-0.0833010008754091,-0.0011159398048316675,-0.019902886389383496
-0.014809831273784711,0.008763240677460243,-0.030646399664036608
-0.025843453884700062,-0.00842300927053688,-0.03286937909737144
-0.02128887623997487,0.033036415570274355,-0.02840302134577604
-0.0251065155392691,0.010439689743674629,-0.027471628955990486
-0.03968525965048774,-0.010038739957212458,-0.039400224720801784
-0.05928291474063793,-0.008046877776689804,-0.032177536695154434
-0.0267810338510902,-0.004642424812593193,-0.028860761248986202
-0.030184261022511788,-0.013207043986982405,-0.028736079482253825
0.056002851049686005,-0.045360198835822256,-0.08567367299402535
0.280520399604272,-0.09946488125290569,-0.10935985869679253
0.03545945900692372,-0.032456472695404984,-0.07585270061150345
0.20813131252163966,-0.07010779019853328,-0.06824785603344266
0.34047317455480086,-0.19552266626220338,-0.04547288960561246
0.08600855243312602,-0.07571647430946857,-0.03557239989080009
0.176149652123242,-0.05805071558485882,0.0019498560089960622
0.060061022846668304,-0.04514954024061717,-0.08498100806541047
0.0132546792908076,0.0008738853722989956,-0.06453297435644277
0.07266760902008297,-0.03617252839363464,-0.027626820363088955
-0.0033574401939346667,0.04921610253794433,-0.06445567697037258
0.004066164499977268,0.015507800063563388,-0.030449418096322307
0.021212349554916066,-0.019181725447474818,-0.1221148505655016
0.0638737704550217,-0.08508057547982863,-0.45389986439573904
-0.005849990397243277,-0.0006727307615574759,-0.17033349422415822
-0.006265100308975323,-0.05871114414944177,-0.17917746971335463
0.061398321826817086,-0.03758095903274738,-0.09378825658532318
0.029638247066016535,-0.011899335761036115,-0.07800228056236191
0.2602301224078974,-0.10386556702425805,-0.14726595586226332
0.05293884662087084,-0.02344843291489446,-0.07674401659069688
-0.008110773383796326,-0.0030004732164514436,-0.03745857497253345
-0.03904016808866753,0.0018323060129988309,-0.0019196716384567312
0.012195154491079923,-0.04826929649717427,-0.05435804293175592
-0.018224214859030478,-0.06234787116645219,-0.027702553247263537
0.2996865688439618,-0.3074812197213939,-0.07459223293322959
0.10850306138739002,-0.2152620774135546,-0.06964782498522362
0.23708746306008555,-0.33264287813397025,-0.07787151392988428
0.21569743917814618,-0.3943981294555439,-0.1216254427033762
0.037211487339304045,-0.14700451549170576,-0.09494270782726941
-0.026764846009434025,-0.12180054171677274,-0.06872417337253477
0.15425470412234227,-0.3366862004956151,-0.1463045304962693
0.0005508790141293937,-0.1245451425686974,-0.07800849420715876
-0.09543897716332275,0.10661030706131112,-0.11098625537287442
-0.18199333774318482,0.26096014199751805,-0.17301917503936562
-0.07693355406828685,0.0855148499027355,-0.07357214150103697
-0.19425329107419342,0.1548465804662797,-0.19601132164865334
-0.2770077772450403,0.34147531492497346,-0.12091869505230014
-0.2942975758825498,0.3478334483566912,-0.0037276096188192543
-0.35925751479011575,0.21393995189030005,-0.20985783905011016
-0.5361405049830532,0.22744554883462748,-0.17451097004604899
-0.041900148322528835,0.08930661226663911,-0.018040691091208764
-0.11973274135568454,0.08806547796160542,-0.14635423145198564
-0.006934439210539974,0.08210841469551351,0.024157525921651945
-0.022853475271569914,0.04785872916199542,-0.022938969346301727
-0.31874051146143245,0.10732075805262162,-0.21199299242440342
-0.5838567198936441,0.13691991766287062,-0.18227060320589838
-0.0700613033970973,0.032934732552013304,-0.042300726384902045
-0.12100409748827448,0.03419917549298447,-0.04745511326526889
-0.05916109131480852,0.017189788079631698,-0.022210290423177764
-0.04082966616749934,0.036662182045419996,0.03077407339714823
-0.05005821502882076,-0.000720134104235729,0.0024685084417233327
-0.04597995644544316,0.0013354897230800878,0.06522121928229738
-0.016730561734542956,0.06691062846925082,0.09323455260241598
0.0038696887121013003,0.09193216638386867,0.1189264847216553
-0.017896102741804042,0.01765997780156206,0.16457349432659235
0.019649004987602647,0.05401031837940613,0.2320292699904445
-0.04439825345596051,0.010048883503690159,0.017522342198938626
-0.04276816476956944,-0.005398804267872747,0.06024401597071031
-0.040538874246879214,0.017452270994519375,0.031576927309497994
-0.04204538772082868,-0.0031668071116909714,0.05709887046192262
-0.024074391855100668,-0.020227874646735505,0.1647746264887542
0.02337450498253993,-0.006240568577437336,0.27853928869561484
-0.032207155670772626,-0.033156225701682134,0.11388027761638761
0.004420021002266104,-0.04835962854153942,0.23677397551807813
-0.08033917065416674,0.08707381135087058,-0.10590976243403562
-0.04054211244488131,0.041886358373575315,-0.036945292787882986
-0.14582612647005755,0.34911342194855577,-0.15427641561039748
-0.05958003538069359,0.22613764133029987,-0.0708503826402593
-0.03984647863159224,0.05394460637407264,-0.01365544786591909
-0.03596312376687618,0.05891289462223659,0.006087452045027301
-0.05682078965769138,0.14938376603993617,-0.055659695822798935
-0.05481843917211364,0.12330492543788815,-0.023932652751159873
-0.2160815074164218,0.4269213295721661,-0.10680334870849877
-0.1556249405163796,0.43905504258966027,-0.07153418378553768
-0.2820308816411802,0.5354090216090933,-0.15724446100408468
-0.19820804384764346,0.4638232654401234,-0.15330588728403544
-0.11232411599458653,0.34363678899462724,-0.05964218352055637
-0.08511716880538678,0.1543705031948389,-0.07951555060366348
-0.13733409939807456,0.45395868606334494,-0.12527993334857898
-0.0682785781653803,0.21107254190727223,-0.09738392675640298
0.038790443344154955,-0.0011161267425315521,-0.05990177634082545
0.01631177408346242,0.02549338519975674,-0.035985537819851574
0.09745539124346707,0.08367495837663348,-0.08162578530846513
0.039156433384552124,0.08634802960727109,-0.06963113301264674
-0.002353357909583556,0.044536109379520177,-0.017258044222869175
-0.021791267883254126,0.05482500994257026,0.004896827299748092
0.008749351960296761,0.09584598971698338,-0.056448364402026614
-0.02665095041658481,0.10324446861434736,-0.02408612064843149
0.2443481672586754,0.3851715468065494,-0.061196664461689934
0.13998011052116566,0.2782711113550653,-0.06273706352022292
0.27049699175909836,0.41916692540981754,-0.14212156261847467
0.2025228256150178,0.40250533050098986,-0.13510687988514178
0.06422257403695913,0.16974720910586988,-0.12141323811823936
-0.024677265816125265,0.10956900217314057,-0.07418641270768349
0.15137839699068473,0.36440384704253476,-0.16670204253618215
0.00318577767597524,0.11354955861425137,-0.053973444182293065
0.00044690015632611863,0.004759315315175314,0.09207118995057137
-0.0016664698506178384,0.022441109946059287,0.07962614816511657
0.009850032685627612,0.017122146476973556,0.0848898296651391
0.012444688824072701,0.04006682317489566,0.09116491879171237
-0.01071767939625964,0.03679486183756404,0.06978689348443262
-0.021418052330430308,0.0427089552069413,0.06970577346835127
0.008408782255488618,0.0458702918581836,0.10260710968341755
-0.0011158556906929256,0.025865543386855764,0.12323349979702526
0.011026640073438626,0.04354136953877857,0.0799237166159728
0.02420046215534304,0.06228519614731589,0.12479216050812349
0.010110013045014335,0.07823332098738706,0.08912314724342536
0.03526053373421111,0.07655426757917212,0.20446783547622777
0.041116568724792864,0.03988153483527188,0.20178064160759815
0.03252285894123537,-0.009389219427434512,0.222292241587566
0.055156071871806114,0.02468047264828659,0.29565932147491875
0.03970330706593735,-0.0328897060484728,0.28406866827843813
-0.028838083943639615,-0.02432291640631131,0.19947382902385896
-0.09142563254406384,-0.03978138892988034,0.5187651093946581
-0.02476668618076681,-0.014152881323786176,0.13015781429440795
-0.05278384419394054,0.01491640952479287,0.41311116197315384
-0.12721006427848505,-0.11442084918551337,0.5183421301295776
-0.0555847052635922,-0.08265867682477765,0.20942288437423398
-0.10728665069614585,-0.07633898230304305,0.4646184954688157
-0.15467540997536836,-0.16733534721286364,0.4392332498940573
-0.02709125255370596,0.007598850698522253,0.10579185796335554
-0.029720291368934164,0.007652520606927391,0.22299049480999292
-0.028553716344112957,0.03352725300740602,0.09940217163458549
-0.02637026075699023,0.010457120646272093,0.14918049982704235
-0.049876390281746216,0.0007006130762137807,0.3723785386356766
-0.0827052190459928,-0.06760814417998032,0.39477991124643524
-0.00992355873276475,0.007526526151435623,0.23380870463516393
-0.022420987934586488,-0.012768713265574381,0.3218868838393823
-0.02625233275879071,-0.040619601153115005,0.1961009804673906
-0.006605124555133836,-0.03173900902717294,0.09879020862183094
-0.08693547446834238,-0.052834740895315015,0.46671628443956137
-0.031086139673134113,-0.06752172011780938,0.1937708124742447
-0.001531303628742347,0.002552328967945546,0.058274823299171004
-0.0010434890379392861,0.045216636505545284,0.038287557700863874
-0.0167377752145813,-0.028397674354181626,0.04592493324538513
-0.02409448359568908,0.011671358227656251,0.012935494284565965
-0.06922251862934879,-0.031054355657199936,0.30915930572073635
-0.0884002590913511,-0.04186832506965864,0.18471517988042216
-0.06885494890567208,-0.06230002805631229,0.0954482441844908
-0.13305737010939062,-0.05926061043008052,0.08456345188556905
-0.07018553806452876,-0.02974190899338784,0.03984368301774738
-0.07706471916300434,-0.0031001155106147047,0.0013682482462702339
-0.1615133015286856,-0.041362723278596636,0.043759231424239146
-0.13862634862456163,-0.014426573809314343,0.0003752816423997613
0.02117424626951677,-0.012694000519529748,0.10592678865955132
-0.000947883187298725,-0.00879343170429665,0.106309369272525
0.09346558178205468,-0.02140322777232684,0.19488166213860678
0.04227494844229133,-0.05631308283481007,0.1852427981303241
-0.016199906145868883,0.007962760657655278,0.09668168297556438
-0.025911969562800834,0.0334683421307965,0.0952491464221106
0.004062424286619462,-0.038443111609401684,0.14138380863669367
-0.018055816553073863,0.011339709293594609,0.12965809471301024
0.10977727277293078,0.030221219363878598,0.19382122072628477
0.11939661275169725,-0.03312036014836884,0.33254568395141393
0.07632151674087033,-0.006384607930059148,0.1286103283239689
0.15516991285129955,-0.11691331891903786,0.3443130138584404
0.0550236791678667,-0.0282199651719478,0.24730613194683068
0.004657075653765692,-0.004900805245944102,0.16533880117991387
0.09253920270089533,-0.05371662471503044,0.33794905050702984
0.023056147090411108,-0.019527786433148658,0.24329611369776943
0.019937730591199517,-0.0049259786623481235,0.0827259821713599
0.04621231228097938,0.025087217435140825,0.07967657017195372
0.008376508560617207,0.017400343152797544,0.06276403055463071
0.0303897602942949,0.06461213855293527,0.057892123295787086
0.06425768829580165,0.06434626365209138,0.0795504966701491
0.08346186425472349,0.11195775369580445,0.08193953709002387
0.058554437866466726,0.11326192304977376,0.05899113197934419
0.10855971043129602,0.15784614986876128,0.0796118419882938
-0.005904134245216386,0.0386553387829003,0.04556323396743746
0.006747510006432209,0.08868528549883925,0.03689933132480041
-0.02283394876909341,0.05273635416796864,0.026304590893082975
-0.02769956961740273,0.10430323626647547,0.01111687805319143
0.029516328839172917,0.12245247053191986,0.039515307758025364
0.05249143441917204,0.1414758937987198,0.045237995831665954
-0.029003466429693595,0.1126321128364758,-0.0017798453451767842
0.0030348733526822814,0.12188064499215692,0.0009034630148566003
-0.013222074696905537,-0.02816579531233148,0.0966548304889536
-0.01597912014867557,-0.018672403188359873,0.07954733991070195
-0.037380894562127516,-0.028440969053471224,0.11762452190595503
-0.03771040919601464,-0.04312760270742054,0.10171297253911939
-0.022998891312597754,2.523104537220555e-05,0.06454510057506109
-0.03257829974463752,0.013717565195714135,0.04771275266611361
-0.03710558331730628,-0.028894632662156822,0.08482759024909442
-0.03980872555143997,-0.010465169730452547,0.06824565238688328
-0.046058258417085364,-0.0013724253210857897,0.11617163191409789
-0.048217145037720906,-0.048810584405599336,0.1346629263212297
-0.034005246144524735,0.031362469025618456,0.08757332554527972
-0.02487749749221338,-0.013981976463595308,0.14549963941207783
-0.04022476465839084,-0.05949705587751513,0.1220084951373508
-0.036185167019973805,-0.04436514659124574,0.10486477486739566
-0.010194614716672467,-0.052681508458208716,0.19495316567666063
-0.007938221576266967,-0.06246099902196044,0.20340428185473977
0.018361317030348205,-0.012826633655851735,0.12141939206013631
-0.004740025751457226,0.0011533476019702437,0.1600822739950981
0.053827759393357114,-0.007921669137680953,0.13002903177968766
0.047306127760247396,-0.0030359501439086007,0.22600271886983192
-0.02226437777318319,0.034517221384294944,0.15330720274552853
-0.027875519043242456,0.04746405587791197,0.11566394891144167
0.016681165072592104,0.03539567258231476,0.24953324700544924
-0.013229673740356863,0.040105317031330294,0.17789178678600368
0.06732216911310542,0.008366691624000437,0.12597371322354262
0.09041092538403872,0.013756809506359059,0.26113287438547306
0.07732567106185378,0.044317215775790036,0.125078796443978
0.12465511363484345,0.08159206190997799,0.2825699242972182
0.06456638150322312,0.03780731196248319,0.30560127455578234
0.012081346971699294,0.019744139212290276,0.23162274756610546
0.08684896215169889,0.0634917332411892,0.3283029626896576
0.02170160467313101,0.028201763605795765,0.2589157878773409
-0.0017655758015464392,0.08398180946978773,0.06674941130133338
-0.020651540359672777,0.04804443995437537,0.01723062481763542
-0.004557480594298651,0.08403978285236234,0.20840820556936002
-0.041705515699080396,0.07075365574438111,0.12764636464500168
-0.07622342140621564,0.027185553474549234,0.001116497263337972
-0.13810908343768938,0.023620256036493696,-8.298264418056437e-05
-0.10106596529402107,0.04633052916588536,0.062025751373864665
-0.1756392536816009,0.04849688475370547,0.04992104127819417
-0.003490225827935605,0.04030733530812238,0.31512810763425614
-0.0475573470411982,0.04326467204465521,0.2693963016938187
-0.01009915265816116,-0.00017553450212114707,0.3110476765894714
-0.03550108401083466,0.034175049340689594,0.24840791869888293
-0.08276968157327738,0.044211346674076536,0.13616716056161432
-0.1312327160061215,0.0651813960660849,0.08364275079220222
-0.039370470266744624,0.054521922399019436,0.1314049468693967
-0.07206635850777143,0.0764872495346116,0.09529450571798993
0.08372423347298603,0.05782687820382334,0.0035659858141022117
0.11548152319005596,0.06888818613095371,-0.024055149602922578
0.11688047004969862,0.053911303221401634,-0.02873882160701596
0.267626370596358,0.06854911437447127,-0.08595614137585716
0.13810753667787817,0.05866680255584919,-0.05353997061312698
0.17483474329201254,0.04880856604609197,-0.061472048273802156
0.3925990224105988,0.108461093500004,-0.1158520255676997
0.46830472352068847,0.13271609227973283,-0.13561732482678976
0.12775844851889917,0.02200665403139147,-0.07141006812100933
0.3202217774742018,0.11196969007775932,-0.12035696162562505
0.08917505404905147,-0.0003498282879759437,-0.0856005525602192
0.2856461390298871,0.16601960505480307,-0.13865674367774306
0.3905798696061209,0.20060178881415247,-0.12653186966894744
0.4400454901844094,0.21411978842065543,-0.15694510038040094
0.35856243670681903,0.31149366427338404,-0.09482410991918906
0.4056104869311551,0.3356617727291993,-0.09774556988298276
0.03416353910861375,0.040442722265815245,0.036383377303140195
0.03139763127089275,0.035781198337898674,0.05509802253675334
0.022570940509464482,0.028948675439016736,0.05014401348977184
0.010629674668747365,0.0351685418026502,0.06353846396847643
0.021046731070215673,0.013569127113467775,0.08168366428353092
-0.0002546815223821261,-0.01158757279390503,0.10106484588991521
-0.0027031171336819107,0.029674608564350308,0.0800658965723384
-0.021615173675450582,0.009128439466940157,0.10299343229660592
0.012275313271118209,0.01951216565194141,0.06318016304950497
-0.0036647142583708,0.02962367299101878,0.0698229383910498
-6.235692848488626e-05,0.01480555515474635,0.07466938825818756
-0.01549172338757427,0.022373363021120484,0.07342361419333392
-0.017393495391983274,0.03658367684852194,0.0733704212368019
-0.031403294619056776,0.03325127733698124,0.08422103814395844
-0.025543005824157878,0.03290383963285865,0.06758078977430194
-0.03178404459699076,0.04200844452309493,0.06687566155798275
0.050792434559687016,0.04179844594296864,0.0259354814307352
0.0665000423439317,0.018913727951924836,0.012651744560732021
0.058942403725300525,0.017192569969517284,0.05167019502560702
0.060211679610117835,-0.011460277394875878,0.03340760958944567
0.05726433708813829,-0.005102047194439412,-0.011437962532598277
0.03339363830673367,-0.010525935700769044,-0.030807036058284807
0.03968559111330354,-0.009079589248236859,0.008368915024410761
0.01823594299143247,0.0025870476708430797,-0.011663467598374293
0.0393991446761756,-0.010309797197349658,0.07126226329295486
0.03285442988813845,-0.01307740438570414,0.047035140334959244
0.011517555317936386,-0.02047336852323351,0.08106836513952415
0.00703855869922043,-0.007832830665104684,0.061784671322156
0.019504881115132936,0.004651905807455033,0.026620501362611224
0.0011421875089386334,0.017770002051778238,0.00767207172539804
-0.003233400027027375,0.010940631265595297,0.04530115967812919
-0.017689808998164466,0.022529173130661197,0.02788548676138769
0.0819911257861786,0.05817133495422227,0.024864674039206502
0.11823392043904982,0.07451821472484979,0.017276088996098983
0.10748605322913664,0.05021805651818044,0.060132590908578906
0.23936211255081682,0.072787834573103,0.11161438497058337
0.11026019470690421,0.06351967638573128,0.005010644674982326
0.10865404940182083,0.03506229834567032,-0.0007814991529437157
0.31716902747476033,0.0874881944022273,0.13848524214876928
0.3796025613424818,0.10586049851132223,0.1296465369616722
0.09617096865140318,0.013734871968436348,0.09572225481131644
0.2016438779458498,0.012811209857375275,0.1572153055055065
0.048127225699634756,-0.006873117859574975,0.1002752736710706
0.08545536376831735,-0.003906249514122162,0.10471771314276336
0.24937021909519935,0.030482145036983137,0.1939692586033839
0.2651590856021064,0.07041503867551156,0.17002151455135267
0.09114108910912938,0.015739946380199415,0.09868725395330506
0.09668337694990814,0.05931374418417076,0.09498829057126978
0.06646644529259416,0.03252861058228224,0.021650606852073952
0.06045017834890648,0.0036928371498840917,0.039620682509062276
0.08368346537969226,0.013280723748393505,0.00923042167077281
0.10038202027157395,-0.05074665600925572,0.037653155802483185
0.05698272535838391,-0.013411099136721236,0.060059657129218104
0.044752441469072736,-0.01556989058861597,0.0837413554702378
0.14974319926599608,-0.06997695880970732,0.09987748995199956
0.1497747236673833,-0.028410845289111652,0.1636047356237488
0.07574779296838802,-0.014104864363729638,-4.691117259851244e-05
0.1902741443498813,-0.09108120423306801,0.08630079379711492
0.09911310471364082,-0.023282539168423353,-0.002127763488287824
0.3479369735132611,-0.10932330235732554,0.12268783069717894
0.3278393179675644,-0.05593790136272979,0.27072169378590416
0.1583966731626506,0.022186512014437155,0.18470608109817846
0.3497232939903595,-0.06058908328016432,0.2369429657908824
0.09456968382045551,-0.02602966469522478,0.0965290158839722
-0.10860067348399524,0.011767651018473988,0.0652733185490544
-0.1023442689786218,0.018518411609780246,0.13739226228482723
-0.10081298746559661,0.003400749771592149,0.041898968444806256
-0.07212058557924796,-0.004293958052961696,0.10705776985599319
-0.053403227180543605,0.003944629066502403,0.16433250202669647
-0.01265661684725534,-0.009168046140884815,0.11767549416481403
-0.02363248560940684,-0.023332717067350187,0.1145601772730715
-0.0005891715927777738,-0.014739199927479456,0.08436599250090036
-0.060728574628589334,-0.01407198678912818,0.006953347290756693
-0.030084543443885396,-0.03112015585088882,0.04207384819228875
-0.02397188536137736,-0.02280220453879005,-0.014541121874285474
-0.01128881444859442,-0.02487636958697707,0.0006174773033687073
-0.007606628269786156,-0.03205819193541153,0.05026029831701795
0.0005084052608722625,0.0032572686941099434,0.05794772118598062
-0.00857871781564705,-0.0008243329272886122,0.017001203220144007
-0.002286539108575238,0.04166246392954124,0.04002680137503907
-0.0806935826804619,0.01087339542414765,0.07634613303893745
-0.044164907424998824,0.010181834867978821,0.08606874364605603
-0.08758918329006586,0.018916925233936153,0.12798677015698567
-0.05441921962230387,0.012406883071352832,0.11149420032974029
-0.01905377898025366,0.0110654431009073,0.08954041144280377
-0.009028024211761477,0.011967707564545455,0.08431777051171463
-0.03379788364625372,0.01052789963078925,0.09536106095630384
-0.024046336777157146,0.014179812491060942,0.080451231219512
-0.053839663326205246,0.009666243507545056,0.14582030449321703
-0.03817867084424442,0.004751673529670255,0.10536077365262947
-0.018451771832040446,-0.00017694298216518114,0.11082806934397411
-0.01780987925507415,0.00805164251867665,0.08348010259751626
-0.032076351053544866,0.009517527066608257,0.08011767565383163
-0.029215049142159683,0.021098695224611025,0.06856137875512898
-0.022837854046855902,0.020742519369657306,0.0670457265573592
-0.028186575226348085,0.03478385423493298,0.06164550627413103
-0.0726012705551753,0.012023581038022467,0.0384308076512095
-0.04127815177587385,-0.0676531933559031,0.004625425027444561
-0.11428030644517179,0.017440663838248303,0.12861007930906354
-0.04693049355075637,-0.05569419573906482,0.036870312675504294
-0.08431985915411112,-0.14969862724708796,-0.007141685194054014
-0.06174526297994517,-0.1236914875005996,-0.007428789723691333
-0.091343890089165,-0.1997148812378942,0.04218350888260323
-0.19737898923433264,-0.2690131105754669,0.1426609890071394
-0.12101069238179085,0.0003677335337509163,0.2873728952629116
-0.047398203463400804,-0.020952959887720897,0.10450510071388576
-0.07135306542764996,-0.027100048357787246,0.32129468501291
-0.08909311891984081,-0.02928493414453149,0.42793865464436587
-0.0395874320470676,-0.1495240364315011,0.06135025046533524
-0.13965217914945915,-0.3025360090994516,0.19093873949336782
-0.02383730786740002,-0.05365909971741507,0.12250789189083561
-0.023654247587150762,-0.11779268177554478,0.07650609518978693
-0.04196830985130503,0.0032053237227432268,0.02828537082716025
-0.0198764696702926,-0.06044296320730692,0.002746109284651092
-0.014069704530328686,-0.00031254192406865195,0.0554980319650476
0.008330466033464573,-0.04475742358518607,0.032284220827461886
-0.031818481702043,-0.11264247915105789,-0.01538443409436046
-0.0035479479740779794,-0.11271702457828472,-0.009520234369771187
0.022228189524487425,-0.09939414355743856,0.021742769046330768
0.05092948554861096,-0.13153402194179814,0.031240554770502024
0.015052635432772838,-0.0007007774922442697,0.0849672797131006
0.036828230282500624,-0.02002984870280896,0.06243519332429496
0.03161825918338303,-0.008195018155043334,0.09802634099874011
0.07734073165231076,0.005796727752086325,0.11253917626676832
0.05387526033969562,-0.07595207194032504,0.053247833488361346
0.10103875280020896,-0.13792572847412313,0.05273905468991592
0.07130482060093249,-0.01681161004516004,0.08520597798424133
0.08172581025133514,-0.08981607186634374,0.07533753697579466
-0.0678298748925187,0.009327886617052479,0.0031263818396029173
-0.09859408692246513,0.00023186840353365287,-0.03994941850967699
-0.03893779868041469,-0.07000499195718667,-0.025900986879950332
-0.04500133543761692,-0.07749907224704221,-0.05700039721405175
-0.11359516261920378,-0.04054842503213053,-0.09404605852068662
-0.10344804412562758,-0.05622962563554995,-0.10684002545066783
-0.11961746891631134,-0.2098780199238659,-0.16711262073069913
-0.1715722734926309,-0.2077639024619953,-0.16524302464506235
-0.07332705210004753,-0.16179395057759555,-0.06486982549330406
-0.09199863274363985,-0.31675135207565064,-0.04682698726681444
-0.086143159692229,-0.23026470242606153,-0.11158794202769384
-0.1467248276297653,-0.4532712238632687,-0.1209985032726836
-0.15037000994704397,-0.4479758068419996,-0.08714570479710704
-0.22067297062426755,-0.3637442705148764,-0.11204215211087996
-0.2076144263452693,-0.4794392131824724,-0.14818247419889552
-0.2534034229741046,-0.47438575343452827,-0.11379308684424758
-0.0369096982028949,0.05638872791644284,0.027060126007333315
-0.04152925154365109,0.04362454645912765,0.04784106135685755
-0.057654817894125215,0.12515306583499125,0.012436233098318542
-0.06280035326482249,0.13851408988459263,0.0407551989293071
-0.03610945686628359,0.014210455977809996,0.07677798857183045
-0.026658757846626385,-0.013820007897406181,0.17284226627139826
-0.04253648496037073,0.1071180628525202,0.0667211230734375
-0.025949922014067903,0.052953437918724956,0.12095372943911308
-0.09340948167089251,0.1415010618756543,0.0023631577984198145
-0.12195620523162023,0.21467767074602945,0.07870593108460254
-0.04107719033406944,0.13628851188123833,0.002347367284252926
-0.14363894504096503,0.2600606295005625,0.10816400576994985
-0.06548528144396867,0.20209425766266856,0.09120064461024238
-0.028604393037191825,0.10825711369695382,0.102237055190433
-0.13433813625298657,0.27443836944132416,0.1582385847638862
-0.04672365560181979,0.14197154607220097,0.09878215560841673
-0.03043096608738166,0.052630979802017724,-0.06504271562033219
-0.034233105079393304,0.01999382706398423,-0.04869145244956811
-0.05375379025781146,0.017509305437618375,-0.07181266678121553
-0.0849014180367027,-0.03732524372696913,-0.0796628872593194
-0.020265505379430004,-0.0015865324359496244,-0.18360756652157892
-0.08444683686076271,-0.07096621774851378,-0.213162455431406
-0.03199138569116689,-0.031134794009023643,-0.1486489839522298
-0.1055918952653297,-0.11330580440947607,-0.5577140488039268
-0.07629298563405824,-0.012673151647209484,-0.08881338940130963
-0.13306216658074638,-0.09371998299572461,-0.09293832011457727
-0.09141221802824949,-0.03919335980131458,-0.1041115031036372
-0.17055003638132402,-0.14945146425206124,-0.12556941331777624
-0.15830818411887632,-0.13142219939398075,-0.07363791758439174
-0.05424444133754779,-0.05408488164876804,-0.13857623946447636
-0.22528764687557573,-0.24504289259049056,-0.06639081521050211
-0.08926520770862725,-0.127821216599572,-0.05937164870994377
-0.028728972321312465,0.05620695099323498,-0.02520536755723026
-0.02541223933612966,0.03850876992741589,-0.026599689109183422
-0.040936440973711775,0.06829176868474146,-0.019036698195498702
-0.026206073466175806,0.061871167873265756,-0.02675968950457323
-0.018837046866203747,0.015252115557894293,-0.028719158830206707
-0.014899917604967512,-0.007526295470396111,-0.026276594633029646
-0.013100623605689343,0.03984921314356328,-0.03170424498358104
-0.010074568385425912,0.00826841098080638,-0.02201460178335015
-0.04710925804172703,0.06438715239295105,-0.02790859105063601
-0.028003808182951968,0.07317749010456039,-0.030958774500498623
-0.05266169095242913,0.048418416441430946,-0.039576866524205855
-0.03580434087315504,0.06819585829983682,-0.019509259525832788
-0.01281220646736563,0.06856181894426076,-0.02726039653825007
-0.009700592989910268,0.04037466428926296,-0.006750558697866274
-0.017928492736010354,0.08663482187622633,0.008169492360367504
-0.005223600407206557,0.07749410955971431,0.027950565467741485
-0.028851413970013284,0.08412014727258285,-0.0700683740981357
-0.039880565326742966,0.07743666257213025,-0.07005146348989168
-0.06536825057759153,0.11166442140159875,-0.07656188407841882
-0.09115574257529382,0.13002163661275457,-0.0683720973448496
-0.02362444669351508,0.011715292486713604,-0.18213930147929683
-0.0958648061034778,0.08569417220663336,-0.22607338430240165
-0.053944202619039774,0.029473457040818003,-0.11291722438555439
-0.09344663062305163,0.08482271447028808,-0.5556893057216693
-0.09508224238318477,0.13734673498341093,-0.09493448566846281
-0.13749024914223654,0.2083747781762282,-0.07663276463345525
-0.1075848349620982,0.1396660759524398,-0.12063291209605263
-0.1652476021257675,0.27735066483093607,-0.12136768038745617
-0.16792489115796816,0.193241662137392,-0.018329221294044858
-0.044404217272224704,0.05522743611937834,-0.10738820466699854
-0.21970969701196313,0.34056603821573567,-0.046975587524840504
-0.06822771126658168,0.11258401170742047,-0.049931629708073084
-0.024217018017734397,0.05892849075975233,-0.03019260947331782
-0.0457873934673463,0.053812777385858185,-0.033997374056460306
-0.014208812444558518,0.03193055019669371,-0.052297389212537806
-0.044207839158879304,0.006198478446868439,-0.06895397879774962
-0.061997451644980064,0.03834633303593037,-0.05103221663416791
-0.06598730668269266,0.018671491890302486,-0.055355943955883176
-0.05387558401030953,-0.007442752560744063,-0.06181803485465085
-0.05004941847633482,-0.0037409204365314638,-0.031185706979789403
-0.0038957582628166335,-0.008112839533488335,-0.06935875713798349
-0.02231225085365602,-0.01530353967893494,-0.05787837357206952
0.013282433709783256,-0.013625091406211771,-0.05208313193921248
-0.0014925679161110613,0.0002333560320835139,-0.03283515811954112
-0.03162318054277827,0.00027192039498441154,-0.03531547722392388
-0.03945234164721355,0.01252721829625199,-0.009881256027696022
-0.016371219772129367,0.016994793113586884,-0.013237361362264494
-0.0306349514418101,0.02367831000217557,0.009213058946234582
0.0103899451422669,0.0828120916704459,-0.0737633400493867
0.06724637627496803,0.09135922549026335,-0.09581239114658927
0.015884145016045455,0.07280189944250715,-0.048671368445513424
0.11509216957528548,0.10424577788296392,-0.04104249723212685
0.11193393924119685,0.07077763818366106,-0.12741758545024393
0.08864909375172503,0.012067102425602572,-0.11239786014917205
0.20783908349538496,0.15234844273921647,-0.05832381354437627
0.2719952867071584,0.20153349590984684,-0.1210000646556049
-0.0046569183909237494,0.00864126434893033,-0.1682885902998353
0.045484535844514264,0.008177141905532957,-0.1028767869858899
-0.009503443907902264,0.0592609829648532,-0.1814847108653781
0.05581383918606068,0.0759596210412455,-0.3892251227277806
0.15887901475871025,0.06499409741966648,0.02039539669912915
0.3187090388478282,0.29615800201868375,-0.01799433761541246
0.058077657352852176,0.051402283553050966,-0.08314722347456362
0.06688547033415428,0.06864351713802244,-0.02903267787340368
-0.028930709751496336,0.0440052530972056,0.12908490721543164
-0.016676327908871205,0.015820071011602627,0.22916576578792613
-0.02110766404246047,0.021780420682579002,0.21870112011196416
-0.02442030688995496,0.023140175005593053,0.3378339662302589
-0.007010461728916049,-0.0014834990246941503,0.30438455742699405
-0.0125258006085959,-0.011990274110214652,0.304000880052445
-0.04651754888658361,0.0583719288910724,0.3939099906400634
-0.044960944810815404,0.04094198031651511,0.30524661242577794
-0.011755290132448745,0.010918026274337274,0.2839846733551091
-0.052193009801759796,0.05410721373775208,0.3646938334991579
-0.02395506415043737,0.0263844099470272,0.32014130626372106
-0.08027705473786474,0.08066230212682886,0.3749991283264147
-0.09342340080710752,0.11925558851686209,0.4116775901545544
-0.04853423332720139,0.07678937661441511,0.2333013919463099
-0.14153838346469408,0.16158057241704812,0.40137591693270863
-0.057884616296055943,0.09377238868541124,0.17024511396072645
0.12475594974019139,-0.0909569894021147,-0.10228725884797495
0.09446640526436535,-0.05385309220871602,-0.13989426213440787
0.528984351585987,-0.19304661092990333,-0.250225824876248
0.12629906299157043,-0.03571430044345118,-0.11052388434600881
0.082155232532062,-0.03974390299633375,-0.16756019161251148
0.02900730928180869,-0.002328989462764903,-0.23898605269387443
0.0965991636449454,-0.00045952906322308055,-0.13946848687947547
0.08179270605766234,0.03602080143999833,-0.1661335410309396
0.48978555947669583,-0.09370348615943334,-0.17550007133308776
0.2623147421400701,0.002723383701082612,-0.11628797756702912
0.33385264084976435,-7.780781825388398e-05,-0.09989838871949568
0.4855920455508901,0.09348132484707163,-0.1764363927654944
0.11925869871079504,0.03160623420085853,-0.1033186268144211
0.08913487622539419,0.053520239421435405,-0.13026121527791923
0.5190479425168205,0.18681750278885662,-0.25018050735566116
0.09839835959068377,0.07182773448177972,-0.08510537349758261
0.3182455713760048,-0.3516852004849577,-0.18110610303111171
0.41973385220312903,-0.26894328961735764,-0.15984211434722673
0.25128799355373993,-0.38784554300010254,-0.14387710508493654
0.30647753269378303,-0.3202798460662337,-0.061292251462144336
0.4988734390044861,-0.17621694380256409,-0.12304834981968303
0.2918656959415141,-0.07611740795632332,-0.03563837705569525
0.12008932297045352,-0.10675755041633138,-0.02370720567370603
0.35634998752074404,-0.09452951003439965,0.06106014508575519
0.19769446900437504,-0.37145018709143873,-0.11848158846322034
0.2379366780292497,-0.28641413982199265,-0.014021556832451048
0.028094081950348886,-0.13987836091833525,-0.009861658155832948
0.07374135350760205,-0.14097267446858489,0.019336868256609793
0.14725866886461428,-0.19326964888143694,0.030567551451870813
0.1299764281712155,-0.0867903420872444,0.054933451720181076
0.2069754084239697,-0.2359229052393754,0.09461749258126824
0.09563579680118466,-0.11585967329896091,0.06100969732396866
0.07372614226001123,-0.1054773284867713,-0.07215668951819458
0.16079996571873215,-0.33912403680590425,-0.16358796476659354
0.05889839239005242,-0.08925330241673866,-0.1350982837051254
0.027204441725333792,-0.1177175374621685,-0.09794912036888775
0.09868916354741954,-0.46318400737225873,-0.17232436474097884
-0.02430737439139415,-0.38536128112342105,-0.1354501185071995
-0.012632458006991584,-0.33907189973011537,-0.17363525734553628
-0.1015594090228367,-0.4973317552426503,-0.18087482672055039
0.025330750809210403,-0.07215040763864838,-0.1739967788976283
-0.0023633642780469017,-0.09591597075961275,-0.14553209233426798
-0.028826765686767467,-0.06197041579910397,-0.297824117448502
-0.0452923332998386,-0.05641567506294624,-0.22180887759027884
-0.03274342164855098,-0.12957664727265478,-0.10066491382269967
-0.19700465254682015,-0.5004610161035974,-0.25574286557011394
-0.05495156520516212,-0.08897109705923457,-0.14058517047115468
-0.08397314332128916,-0.1437093328259791,-0.10088362492802158
-0.3671370300041588,0.5008564740220485,-0.18604471593132965
-0.43047815297580333,0.28375675674124307,-0.15824937954063284
-0.26741390501647677,0.44207042711298894,-0.16315383309639
-0.30907260137466513,0.34087466979131686,-0.0771226660691384
-0.5345096706794848,0.15720873340828284,-0.1376638968804415
-0.1751400493513742,0.04685599095153498,-0.02623663836542222
-0.1255340672538664,0.08818794027139841,-0.00847800315519387
-0.18416135719539406,0.06433048035968855,0.027017766396096564
-0.18687569163675866,0.467322120406306,-0.09867499137783467
-0.22994205676653134,0.3492602690764791,-0.02715508588366268
-0.061819644871381,0.2139321756161047,-0.02928369797542888
-0.15060601453552494,0.29616096074837067,0.0623223268139659
-0.08832624627996628,0.12873963114349776,0.021416928177990954
-0.13935445213955866,0.09425638809207339,0.05881690959327753
-0.16503216630340695,0.27702417676956553,0.11528660538118413
-0.0828058670652628,0.11636482089697325,0.07527765357555953
-0.0760547508990246,-0.05637411912440127,0.11260056937010732
-0.2486771793549436,-0.15772801222722876,0.44072042934388017
-0.15540822637247004,-0.05875760773016748,0.11663750646506241
-0.1482485525095976,-0.06155166295723578,0.2262557912967031
-0.14023625245320034,-0.0573807262512552,0.3913143767414496
-0.0602278721430147,0.002043573509341178,0.34529864446709985
-0.184776884733003,-0.0012360051776020501,0.30115108603931157
-0.13428413790767532,0.05867235802104016,0.37480583982598975
-0.17717537618785364,-0.03581072303791375,0.0678612406636789
-0.13594295113210753,0.0007586062417331528,0.0995160559875639
-0.17791065764178968,0.0008400318398495432,0.028191686119105167
-0.17713493891725,0.03852165945561438,0.06888467867343953
-0.15329061931060142,0.05919131034350042,0.22837491088262227
-0.2309257110283371,0.14429684113117863,0.41533636821736086
-0.16662255556084116,0.06293120941896112,0.1253248525622178
-0.09132709780679474,0.07195547318166833,0.1289115028266353
0.08120788948000779,0.10704855405145507,0.11239764565927546
0.0794412686807419,0.1604772304839603,0.11305681907953302
0.057791658338586155,0.07045580342528701,0.15272624964989043
0.022448536382824437,0.12979896708304656,0.14210227058313302
0.031551988082787884,0.16565230756470226,0.06998397442528546
-0.004748107564749091,0.15725766524755105,0.02637414293205631
-0.01818601525597042,0.17095123162236783,0.1446529395962706
-0.07213452757694316,0.23283498401083083,0.11204398148745874
0.06227844047209288,0.11096308068583062,0.3382883465460875
-0.009988785164602271,0.11070436286982696,0.17761942511688522
-8.530193048520812e-05,0.060675825037917006,0.35082470862541343
-0.0645157623256411,0.13456350439715073,0.3789917186742784
-0.04828860466725393,0.16766400624527278,0.18263487086259106
-0.11373058801879687,0.2541433509737581,0.1887519607122969
-0.1023319433672979,0.1835967684918137,0.2843936873466916
-0.06753490096246864,0.1347508879036982,0.1343024237820457
0.1336097193031333,0.0004862407604420517,0.022127720913032774
0.23588481213328594,0.0665235272701095,0.10178756270259778
0.22870755147510624,-0.06550455193224085,0.09811745056701741
0.09846968296938513,0.00047090792587041556,0.08291285723211093
0.3407313527386378,0.10672852392767723,0.2608665050315086
0.12146326580157803,0.07009255474669987,0.1471365606992615
0.24784027551038945,0.04173603635284147,0.2804861630458883
0.19759455513077895,0.11525755238933275,0.3293851147089599
0.38717186745737325,-0.11299713651137896,0.3054184474838511
0.25368723162226325,-0.0445930158785892,0.290514802029406
0.1101691748866268,-0.04680982548621748,0.1439846630588802
0.2046202205670881,-0.1237339680516959,0.3412702333551292
0.13695227843977514,-0.001220970551903339,0.2148479219953158
0.12095625165660266,0.042901371474530686,0.30488698141899906
0.12384941012766276,-0.041612311457568094,0.3158579136351807
0.040270252314455,-0.0018453706703924037,0.1777049112889302
0.2945482361657394,0.07676691067485873,-0.03360394969734195
0.494110537925138,0.18072887617332686,-0.11973013387540848
0.3281354603627337,0.09307684553269632,0.05376101630710853
0.11908399990283366,0.10429766975835533,-0.020732063227036253
0.4137383484643859,0.2665087424531271,-0.16044370936895153
0.355921239504932,0.3889803432562268,-0.21096123107555595
0.30179544873279696,0.3170186125096547,-0.060138991667073795
0.24308705539095923,0.3825654432435186,-0.14197107277548843
0.13872405013775332,0.09524910420860203,0.05990928599598125
0.1448835927604091,0.18361964540810732,0.025658085060863426
0.1071514912790295,0.1256872843198807,0.07672461704989503
0.1721127583007014,0.2131833037157091,0.08352849145385244
0.22198621717129802,0.27419729063925163,-0.015944027855368793
0.19931721274136627,0.3864358026448783,-0.12516249494034717
0.07416277310294407,0.14215571830840656,0.022729935640480405
0.02673391520265452,0.1334100372176722,-0.008942310115141145
-0.068047348634921,-0.23555932595096524,-0.033890850949149176
-0.1916211261751653,-0.347521197916817,0.08180901666859251
-0.19298800829309623,-0.46903238355188076,-0.10270599037322842
-0.23703681729658835,-0.3597816996926751,-0.02352423269533463
-0.18211754983807887,-0.3117164291048483,0.14004128628513554
-0.07915315092446862,-0.10885232225089386,0.06971010322656894
-0.08288092056602449,-0.12491562896452128,0.0165290302227839
-0.14270064873525024,-0.0953728772202085,0.059601061969486085
-0.27482240321291984,-0.45419484322598697,-0.16518487144168423
-0.29600085124052405,-0.33041313763336566,-0.07246538302795102
-0.29434667233469713,-0.3874959776171405,-0.15928359350587176
-0.40486449629289695,-0.2671728417743753,-0.14653599930363703
-0.12857815158794914,-0.08966737197429102,-0.009276454060699105
-0.18399345741607623,-0.06407966706263835,0.026284583205826734
-0.5299801640428641,-0.15100864139974993,-0.13450475947613658
-0.17254555336624283,-0.0467656890104936,-0.028835756165671574
-0.004441093584728095,-0.15318351343702477,0.024093862115521423
0.028768813743697573,-0.1617432754996238,0.06252032555321915
-0.08979733645578294,-0.22800448529213035,0.12034384306807261
-0.03360435634252851,-0.13673050764518235,0.13239095584494748
0.07823366210644284,-0.14837961381123235,0.09946763338181158
0.0778445341491034,-0.0975475972749986,0.10442555794468054
0.0122509172118569,-0.12247706138482377,0.1362200500791103
0.053716919021378894,-0.04443406668270083,0.14284867918145105
-0.1302520365966456,-0.2808393569526042,0.22714320246451525
-0.0436759883942698,-0.16428518640611733,0.18079049799107277
-0.03841856853957435,-0.12040049003957856,0.11660464322488083
-0.12501210477092053,-0.25116929403337485,0.3419673576670299
-0.014992927944928123,-0.13303262383319706,0.19323879884643666
0.07047345210155614,-0.13076604560019114,0.3713456873793016
-0.06531552082145099,-0.14574229483829865,0.4000787228497261
0.0027359461132069438,-0.06029596798884223,0.36981879166605003
-0.030081810376269228,-0.0034217625778279067,-0.22610934177849482
-0.07363880637699197,-0.06486310593926682,-0.2201043276169123
-0.05953628761712999,0.06624994070518536,-0.20372540802163022
-0.09212304820737813,7.245622330594054e-05,-0.14769737521076276
-0.0939548767849503,-0.05884501334989215,-0.17693350985245396
-0.11784608503027802,-0.09877921927209415,-0.11691818634567346
-0.12465944298786744,-0.02603588553923873,-0.12236220835917878
-0.617543543953743,-0.19521654664677562,-0.2237461950886739
-0.08579159640312796,0.05434335607923824,-0.15438769314649742
-0.12247754137544778,0.02564012032633162,-0.12017825854517769
-0.10426142483958226,0.08974514959345731,-0.10699917891242626
-0.7123245484133706,0.23733513219049382,-0.221700590997939
-0.1384899899921933,-0.0003982140180993729,-0.07803513330983562
-0.6227780223377181,-0.12575574449700627,-0.18903005235585638
-0.6280965596211678,0.12538475693691692,-0.19493148905385826
-0.16337684218875548,-0.0006559784346380253,-0.05603823579405557
-0.032840926096508856,0.04631627587064472,-0.25377276314078995
-0.02882458515542902,0.025318196992896596,-0.1802407393500379
0.017777292336470622,0.07407003887143968,-0.16873350370112739
-0.000995032434602539,0.09753046165021204,-0.14575338290134576
-0.05496970598743295,0.08772427976650199,-0.13469224276469588
-0.06597651015890627,0.1123366964954985,-0.0765928542695755
-0.027601103133855588,0.10879761190331375,-0.08314557481389022
-0.19117965293130348,0.4982905623031356,-0.2679104766720913
0.05904104045633888,0.09030022002476888,-0.1350455364367121
0.026806168267615872,0.1133008599488178,-0.09675543722162981
0.06574261519758552,0.0939245530470427,-0.06413576415623877
0.21610724881845816,0.4493906575122032,-0.20410078456562084
-0.03346836858716306,0.4842777736751956,-0.20435582906071256
-0.08911367689076637,0.4797196077541848,-0.17793360745527528
0.09429220666046115,0.47120147683543157,-0.1801072592734381
-0.027310849477789573,0.3973295525465281,-0.15375152449420537
-0.10994555790010621,-0.2880886671604674,-0.07363655253964772
-0.13547277371040814,-0.3778684332625411,-0.12764224304796631
-0.13981197141240506,-0.16865643812087125,-0.07092883269481245
-0.18282953131229768,-0.2615910218698861,-0.11410972174193265
0.03841240373709619,-0.034738730366148246,-0.059189882308400145
-0.030971952575588893,-0.12588163269207034,-0.030720221767376103
-0.00362423979573454,-0.0012918853754766554,-0.12331023994416611
-0.0688294832520549,-0.07115851651842299,-0.09677544874458925
0.0017157911214294636,-0.10136720080426745,-0.07621638534974848
-0.036290595041975335,-0.10447993174391658,-0.06092455383641911
-0.036671025045808624,-0.2911319261100069,-0.08683972546067807
-0.05359915546341931,-0.185331639505776,-0.07396297426003293
0.2852049337774575,-0.19392534092623065,-0.0951687535581042
0.0809541836597495,-0.14681427079152418,-0.08216059654881089
0.18953402821796803,-0.11104593721358816,-0.03083861318340648
0.06143721545515429,-0.20714266487579402,-0.052305243429808385
-0.06466777744886386,-0.40333562081127206,-0.04281630709024668
-0.04275373889244525,-0.2526821819421306,-0.06368510000548022
-0.10405948335846085,-0.4458484170447337,-0.07373524831208046
-0.13847982866260347,-0.4883815541208833,-0.1624793383575077
-0.06728567901225618,-0.046702426730706056,-0.14465708065692692
-0.07823072359080976,-0.22812110314643355,-0.15664532832887218
-0.10237667423307835,-0.02798930013058115,-0.10833494819219239
-0.0882114541169267,-0.17497945873406937,-0.1363718493679813
0.037725655014667826,-0.010537264279844432,-0.011646737752351291
0.03255491777944031,-0.05073058754136027,-0.09796097499743202
-0.00037814197446435266,-0.09586723925930293,0.01580691058203073
0.00782151359855017,-0.0884452207807611,-0.06870343015728249
0.019055752589419845,-0.03807843734553044,-0.08414566015884223
0.12030531213086332,-0.08402211718954322,-0.06770929480218191
-0.011157778568560274,-0.05178662441992896,-0.1270993479051486
0.023270054418300025,-0.1452052919045301,-0.09867775684394933
-0.06638008445793686,-0.16554416182345424,0.016375229358591075
-0.10652971084079778,-0.08346497557918839,-0.07085633136212008
-0.01639290709560792,-0.09104331932039847,-0.06588592996610163
-0.03345962556859342,-0.046074742385964346,-0.12319391732610126
0.07154122150973309,-0.26322499233850494,-0.07262666222078425
0.011142351447232844,-0.3173212173410798,-0.02248609391474653
0.1528010402837057,-0.40790904956339796,-0.12961226466911224
0.008001990768511153,-0.16265904596363476,-0.025417627240361708
-0.048969503150037674,-0.049959763551641875,-0.12464450577133043
-0.06346511960461139,-0.021062514459658427,-0.09154922476820952
-0.05564719331543491,-0.16577726665662668,-0.10146788741867087
-0.09490204515735251,-0.09902409669216002,-0.08931696633862167
-0.004933550297991266,-0.008049660065050143,-0.08744848683327242
-0.029206525396367276,-0.03831750574694019,-0.1436981379383629
0.018592430572481455,-0.039127585810085797,-0.07636553969798701
-0.0024541825586038356,-0.17327765013769014,-0.1516912435757986
-0.2752221848439979,0.06036353027563482,-0.13456346094288255
-0.09135025655474055,-0.03298990197632805,-0.10098620627564933
-0.2550299325991821,0.1134335555823866,-0.1924187382228173
-0.042649362905858294,0.023478432616863654,-0.05012591876001951
-0.18955430535212614,0.18746442538664448,-0.06263524778161579
-0.2594126210764092,0.1322748070923569,-0.09019116354189681
-0.22650515903801086,0.26787870291692667,-0.11368743767260739
-0.29176292951341964,0.1819861866390794,-0.1708659671842873
-0.18391424286248845,-0.10690673974118761,-0.07703415300123193
-0.23461500242416958,-0.1704157758035406,-0.12125695210572567
-0.24550558227266783,-0.039616262178112774,-0.08268860497157063
-0.2930895243577459,-0.10854932461150929,-0.16474126733089964
-0.02274172701189702,0.013651029037774216,-0.10862410599313692
-0.07750683592627922,-0.02527187730314281,-0.06442552789203751
-0.12333994200508754,0.10433155180269915,-0.07815360937925443
-0.17094897608959586,0.054767199829643655,-0.0420579367059668
-0.30238250199613437,-0.01918659871481219,-0.053911798668349054
-0.1094782056460771,-0.01697636472143274,-0.04476877555643791
-0.3906148534443335,-0.11511054943104419,-0.17411446800014188
-0.5942356136884623,-0.1726561107656853,-0.15939681226835142
-0.05008760912000056,0.04695494771803032,-0.07492809466335609
-0.2051110894920496,0.02730232904516869,-0.12173607785629756
-0.01735190136226427,-0.00015846944404001128,-0.04651417055495412
-0.11862333894372026,-0.044790935071748646,-0.13146700659621055
-0.1557044607631052,0.13113078491655586,-0.06240896099305429
-0.052418120676788506,0.03210911083171543,-0.1435252007490511
-0.2283145428380058,0.11241273696651966,-0.025598482694310098
-0.07649397384038033,0.012798900917942503,-0.0799626289313436
-0.09265426155560533,0.11423320026007615,-0.07942203301408454
-0.1416726326281191,0.14536689095397418,-0.07502582032070886
-0.10004857357798427,0.08489736466937016,-0.08185974145331272
-0.1905333460044078,0.09212827749946889,-0.08969057740042342
-0.34119812754002216,0.11555691521215072,-0.07206324866694523
-0.4093273372445405,0.15997681433274336,-0.18391949799639162
-0.1180760333164798,0.026335514387246805,-0.04255508026723194
-0.5947589831050749,0.18487426141715124,-0.16739364395717818
-0.10903518780646795,-0.08794005283004137,-0.05509517695083115
-0.16940735307136812,-0.019419742545769735,-0.0014306580560805651
-0.054945022952075595,-0.038922512888203496,-0.14991840773262805
-0.0760413211940489,-0.009896625949980361,-0.0803275871087544
-0.08360355310739233,0.0824448957289395,-0.08953578750440327
-0.0728625769927548,0.09195811134014356,-0.07915181402195497
-0.22537936095459313,0.09384873636163768,-0.1275459615049071
-0.22069611298720132,0.12778987409364517,-0.18127007201460976
-0.07164326035512074,0.019208811274746416,-0.07553357366646549
-0.07938537340995319,0.05237282335703089,-0.07742298901044241
-0.13444646962069606,-0.03953699582580875,-0.08116520686329984
-0.18456341242862156,0.025261008560498222,-0.0875193666878301
-0.025647535016395183,0.10866297998574224,0.02639154305019118
-0.046338166794156296,0.051080965289545005,0.0973358861616186
-0.03797099966363811,0.15705553481094298,0.05514648915480268
-0.027028272717522336,0.07215300352202123,0.10086543715400285
-0.08241642976810096,0.2304384553626827,-0.04637496120324231
-0.035900009562018484,0.18156732597187655,-0.008320149455727049
-0.09038891025439386,0.16098665891925346,-0.01839999265026885
-0.08123137452281322,0.2006684584244886,0.0330223752225887
-0.14642832546666232,0.06630852139609032,-0.15545106441947742
-0.054175633331401275,0.04771909876762568,-0.018494312406314616
-0.04024098790929797,0.05250599830320701,-0.011503265156315825
-0.08707101328381713,0.05212396998609643,0.06346135198319185
-0.18813419632099018,0.37484248449891433,-0.16201130125221427
-0.17953372609471352,0.1861873380539626,-0.2194518548497077
-0.09667456869013391,0.3447719950837329,-0.06259595989840198
-0.028234470515619052,0.12277719489088157,-0.048262769303445315
-0.04134947275153945,0.08857467035905299,0.004441032707192596
-0.07982906208674506,0.10306609253102055,0.0022893757935986752
-0.08002353560733409,0.0504815534754091,0.05547158471867206
-0.1310033557837717,0.07061165401942449,0.04199321277840865
-0.033808025150309326,0.02607384189394253,0.11694941598708293
-0.024516178433603254,0.06307480855687089,0.02560381101584987
-0.01341635275077181,0.04398001092913585,0.244604371736633
-0.046493347948342804,0.045511947811328814,0.14944466062395484
-0.1505299104922951,0.38007965620099565,-0.028660136568310863
-0.2093105773366218,0.4417423739852549,-0.09784459927839467
-0.04007034185877425,0.1839684514290609,-0.03655599318949698
-0.1898453307276039,0.30153575113343445,-0.04767210797013624
-0.038453784305751915,0.04779682475987244,-0.012514497777982844
-0.048231988483323794,0.1640561724168269,-0.050954939503180675
-0.03696509816963077,0.039783250601176934,0.022277519763049713
-0.02671231371688796,0.11978537476483267,-0.01572846951497735
-0.03041628679090108,0.17138289490981604,0.005414242800164449
-0.08937336280840309,0.24430194919483333,0.0663351544494644
-0.08058838676030045,0.19200151199950274,0.0038192162008822373
-0.17260807535794903,0.3072989283832291,0.11017211149166897
-0.235469177895348,0.11483851476615545,-0.21183221866727475
-0.03638448766614815,0.08794505837641643,-0.033631321768311684
-0.4070659705269431,0.15683751347410904,-0.1941404493884714
-0.06199361364534473,0.1051062598140084,-0.03986529041417307
-0.03596646701764237,0.03571881292264502,0.057564511552997785
-0.03805621923086134,0.034779000262946155,0.0569614094510482
-0.026927757567802732,0.1184493297508917,0.018617624004224564
-0.04861260771409869,0.14117625874954315,0.04256219799914594
-0.05600369065890799,0.06559525412352493,-0.016918963166725396
-0.04152158011034606,0.032550337313987536,0.04915611184867571
-0.12018642593395243,0.08798191365890634,-0.16251235860746135
-0.026913887816503636,0.06522228010567466,-0.021270357635592006
0.01021415469836417,0.40502360345722765,-0.0672819906519985
-0.06221917651738289,0.32056237572181306,-0.0684388753451758
0.005973002634291531,0.14967791065723088,-0.09811892695539044
-0.04813355645236856,0.13012235945720332,-0.07825568409326102
0.1824688860229351,0.18400126802030628,0.019321022466563004
0.04831176857854455,0.33706860812263895,-0.030128215570862153
0.23133666638640044,0.31139174246562396,-0.07420977466788614
0.06302874423858358,0.20708616583995992,-0.06948492985552421
-0.14452733328020198,0.28051303975554515,-0.033035349548933765
-0.1766789626288142,0.3735196617983012,-0.10167412081070136
-0.09261723210522681,0.4340498736397582,-0.06825896435242612
-0.11733634838479351,0.4490326782708444,-0.0760281961639516
-0.008604339497260662,0.02302757638354294,-0.09034474992680638
-0.09304910531235769,0.13658129064541213,-0.037687523218902626
0.05583595231800834,0.07694198487913138,0.004026988078867003
-0.05206555305533069,0.22794437705864376,0.036538329881635544
-0.03510020183430677,0.4876266417350768,-0.09542022606969516
-0.06480470158814206,0.3609668742730585,-0.10039424562663751
-0.09987896193906018,0.4361341771711387,-0.08320838839150357
-0.12738094924932009,0.47633458414633495,-0.17043158067820158
-0.03728199144854161,0.029382616028673807,-0.0674631755124773
-0.049908317841623626,0.32637076960290773,-0.09090848117473103
-0.03829270199755806,0.04103824682449967,-0.03869162581221103
-0.05321223599751788,0.20308422924906652,-0.06886227878169046
0.0279167276477603,0.02209312406584488,0.005827207418047968
0.03422651393305513,0.05914745361108986,-0.09824069358880425
-0.0007020889867243844,0.10031239889509605,0.016215452564432922
0.008568304056562646,0.09214674883726401,-0.06869002206574294
0.058558745825610534,0.08887121382044012,-0.12635709935664713
0.11511269472814877,0.15922417936582808,-0.03972049457014071
-0.022544580063054494,0.06190949166327559,-0.12357019964761101
-0.006864311538328756,0.27702621082798407,-0.07710617664633179
0.047025774145027684,0.4454730432763709,-0.06887800238071919
0.11530812475596175,0.3210636381021306,-0.0742489834029823
0.0035089998842848732,0.15622118757111045,-0.010498530904882435
0.14432853113516295,0.43438781590045367,-0.15215356524201637
-0.11660567718038949,0.13333817716319765,0.005563216672942394
-0.0423903210637061,0.1934252297030205,0.02421234367845892
-0.03094474661319219,0.051045678547323364,-0.10547516659392905
-0.015764060066716042,0.09257214395270488,-0.06261097949842516
-0.019903627679830352,0.01878147120777173,-0.06139462894303144
-0.0014051499169729137,0.032342587880566646,-0.039121496653672864
-0.00905629410291042,0.2159927296800154,-0.07971386622040079
0.012960107036123929,0.10639135476580967,-0.077291216557849
-0.07770269188787328,0.13942649778721394,-0.10007394286619081
-0.0633574860491663,0.10742795193771659,-0.1337095928238114
-0.10435759471874198,0.21189546692646985,-0.061240404257905307
-0.0725893712953435,0.31719864670987613,-0.08133582274105522
0.353587699368669,0.09207857536560185,-0.07890892895386042
0.29994750641779006,0.14279150349154246,-0.04127467861003111
0.3675156576736859,0.1489187888264874,-0.11189801784158336
0.33764427087854654,0.2327344249568069,-0.0949091804932807
0.24654489318805126,-0.020831980801030672,-0.08630085375813286
0.3474173633344654,0.026772330507875253,-0.08100667477910653
0.10335373968404354,0.031461111293653296,-0.054257385827617965
0.35355106410721554,0.07284629856986391,-0.10104314081511993
0.026130053197429816,-0.006939507023378992,-0.008811987751318829
0.019237137224745442,0.012968130808050666,-0.10662039064985926
0.175456925959721,0.03472311761680941,0.0031001562967349116
0.09330274082194545,0.04413690847884047,-0.001083454219658374
0.344230776770232,-0.1308543010746305,-0.09455488153873746
0.28533932312039384,-0.07579222373430487,-0.04605112185194079
0.3697178393788197,-0.06658741216464746,-0.09931572929436253
0.3309827242138335,-0.017548097981490922,-0.06538879829774032
0.2835841824843445,0.07406512295914472,-0.02523639262239214
0.08238955777019655,0.018829661040099987,-0.05062266354992717
0.12580758100623476,0.04510639083576631,0.013662081907987803
0.06350696407705675,0.03324741989472128,-0.089560413843798
0.08347082567429892,0.06012911497918209,-0.08253891693654342
0.2862295809277561,0.05795796512425127,-0.061897107117677916
0.11701669324417575,0.07921502419908512,-0.10585811295926997
0.2214392431749231,0.11108075577864265,-0.052068480587464695
0.4018012562363426,-0.06937278896610172,-0.11143758774853388
0.4749397788643233,-0.12755929789640755,-0.16354113209220122
0.38405632925927574,-0.007628148245068946,-0.08164401471649635
0.24992768652812572,-0.04761065913294775,-0.0540787830301631
0.06309309476861306,-0.0007220741192062179,-0.04164362437267832
0.1706924687841396,-0.02982318005432615,-0.08102065258931618
0.061854726015307164,0.030981331436962727,-0.06000733294840926
0.23906805986491778,0.014486946007746653,-0.062417456923225645
0.39950456780293114,0.06734149869545795,-0.09218620339989353
0.40253514420123887,0.12491758246963017,-0.11944665877097395
0.31794919609291505,0.0837612087065808,-0.07349647493494119
0.46630714253065236,0.1418514583768692,-0.16657572348614225
0.06058384474114393,-0.023290659436507932,0.008310354545138152
0.17135297882932463,-0.010627330747596704,0.005889438423277499
0.06432780684739725,-0.032374049359626136,-0.0925460482465303
0.08207258978299913,-0.014469029793148685,-0.052878367812163006
0.08076394082267593,0.05675898679577527,-0.07225391369301963
0.11435215060534883,0.05301995915234829,-0.06847403547397805
0.3076562863917676,0.04687368894251866,-0.0753688031270857
0.32493220084193747,0.08196598132699466,-0.09962924833737512
0.034782834144191,-0.002029092475521945,-0.06490281794878267
0.05594564850076295,0.032627633042584224,-0.06666168779746166
0.17957107270086406,-0.03300758773876103,-0.036849546839634435
0.2355380797677069,0.017460987793741445,-0.04755959232149702
0.07261825969661448,0.09927369810376381,-0.0165077342144484
0.04005049038413538,0.10559456427471783,-0.0625888035264999
0.040991092793467736,0.10504357793290764,0.019930273584047087
-0.004861229730256263,0.10332811618430544,-0.018708669345412293
0.13636334853845297,0.008552009577641793,0.07302144183736108
0.08246665302227014,0.06287401945529447,0.01729820334415885
0.072045634305664,0.03166982715184907,0.07015496121747343
0.06253542372868315,0.08733009496549753,0.044420493529689166
0.29699638876714946,0.16336025911578891,-0.141997864180104
0.2150843531971463,0.23259385168478372,-0.1077021654967578
0.07812698157752368,0.06634358394054161,-0.048957712789153285
0.06305937748223539,0.105069101657785,-0.07626255957743334
0.2165646593118633,0.08556765821324042,-0.015216659329584898
0.3295771023029125,0.08673091646608787,-0.0971318604243425
0.30528813448644737,0.05390025971088507,0.08654606609045074
0.11290893472606012,0.019625864784654282,-0.01576200015102798
0.0894053070317616,0.12299085317745025,-0.04837166606631738
0.2167371100049461,0.26103648851790173,-0.021411251053470772
0.1021213911646341,0.17139661434901546,-0.09688809093219976
0.2192448439571884,0.36247988310801865,-0.0962069641550168
0.04399484985166194,0.01679263420565068,0.0026943203532904542
0.06571583413567667,0.058700151516126044,-0.02134600508724999
0.020234408584814092,0.03244606836567883,-0.018061075169542137
0.04181473382328107,0.0818414656906486,-0.052375331173190424
0.23546381931521532,0.03671862308553118,0.09529223246884927
0.20962892009650771,0.07156290756607257,0.07096290687883432
0.08476117026412633,0.06742041273682856,-0.001806437694805771
0.08519075923418445,0.1229459984640907,-0.006532241235664595
0.11716204589844728,0.007892941085417701,0.0698520306622412
0.21637633450124713,0.012290205786420483,0.09374502026744401
0.07283552748793845,-0.005761526314933126,0.027560228397951397
0.08805358835663443,0.016062241636860247,0.009930888625317281
0.09286014394671356,0.12092968402095901,-0.003871488314680491
0.0787292925795015,0.12695260387964796,0.033406372152698996
0.15686373583312818,0.19367264573349516,-0.007245579929004798
0.14661260785740782,0.1642995385244005,0.049910589757800494
0.36753431846822493,0.17542069668947854,-0.1445266670615262
0.08356495372770806,0.07529764003429032,-0.04304706099309609
0.4303789527588032,0.22278098997819504,-0.1474325824439648
0.1306395051841918,0.1818579279925064,-0.04477247771659202
0.042573483805698434,0.01570287157303257,0.024603674538497426
0.01571979941548702,0.02795735939719706,0.045151104056618103
0.06641095740460748,0.058698242041430704,0.008042374885588071
0.03964791302692232,0.07604675742816322,0.03524130827026939
0.12673749204456067,0.010099698559875879,-0.035143769552706663
0.07373779095536111,-0.004972104686868371,0.002774605506587859
0.25133793235577284,0.05310891790740725,-0.10173813338857571
0.08537794950256904,0.01671982923853945,-0.02195583373648944
-0.03688245838132261,0.05159407702723952,0.1167844016384633
-0.045693086876790315,0.1149588657545922,0.08433545902433418
-0.05470421017005198,0.07807991914754055,0.31512168251286105
-0.031670630682445695,0.06035160029855389,0.14773453952411403
0.022662622145288188,0.03179114225477587,0.3031613505171682
-0.026123871322291232,0.008575567243935314,0.17216505649588526
0.0006160362056347175,0.022897007289857274,0.2958420806726856
-0.029308397639732985,0.06471094698285994,0.3591790264896591
-0.005320321139331517,0.10599028333839416,0.05387154105908085
-0.05568397074387175,0.12699524835793688,0.026884221344092143
-0.031738972083288054,0.09200364644624888,0.0846548804023099
-0.06971570172568242,0.1447141411948732,0.05894754871494379
0.04585301064492496,0.024877082189350225,0.09944263814695976
0.026321398974972404,0.07712454050167515,0.07603950314947613
0.027200786008797488,-0.008373649076666111,0.15652450923004976
-0.0035788032586795107,0.041198859545619755,0.1065451189725942
-0.040630343135138754,0.10399093707886839,0.10980603535955957
-0.04599228575044716,0.15301807225324457,0.15811519601751273
-0.07911440575464487,0.17956533417588028,0.09959662069732579
-0.11738909776678168,0.24595308282767606,0.1772711754092683
-0.03494982897025718,-0.013216277286996614,0.0932987021722053
-0.0336857807100483,0.04649871563702143,0.09441058070396527
-0.03776294991979768,0.016823218944411463,0.0714651482160135
-0.04860168551328595,0.09981265164079767,0.0668783730308088
0.037511420742881094,0.01820550426489888,0.23712797640486602
0.06123045129889416,0.07033254310886224,0.2397534317655314
-0.012548034910018194,0.038050730465758145,0.12366254635803124
-0.005182071369875761,0.08581899403239052,0.13489179295827922
-0.02611665097715024,-0.009368248332062245,0.170661158445944
0.009017070423743999,-0.006107721227131854,0.2228940821804431
-0.03457514270192588,-0.033039224634795035,0.1244842643353795
-0.019449626742541228,-0.0018180812987074343,0.12213205019018003
-0.03200544214922037,0.05058062726112808,0.13668387743202787
-0.06028463175006911,0.11733902472836585,0.36898800165213647
-0.0315788319051641,0.1083960054531003,0.15464751962245804
-0.08388409520985639,0.16319852991151318,0.36456282123507067
0.02324105296710763,0.11493197348128342,0.07113406518955784
-0.015213446275684446,0.09219603554739252,0.1037235983505371
0.051977382710563215,0.14749114038950775,0.0946948035795223
-0.007768542801855837,0.13334777687921828,0.13499618767689958
-0.03913016612778519,-0.03627907402682628,0.1401790768740099
-0.024295278848725482,-0.011685769854072353,0.260860968887785
-0.03145938222164637,0.0023844320081069675,0.1344420034094278
-0.03693697961905244,0.048876670683502724,0.34677681807180744
-0.008347396122174089,0.020380151944011406,0.06711370259195902
-0.02696446386465329,-0.00864859345850812,0.09017095750120019
0.005846340983035811,0.07142423939948811,0.06429192681299174
-0.018340154505070146,0.04336333559052019,0.09244299534213629
0.0554903634280149,0.02951427243316526,0.13404302372948543
0.051791504686332646,0.04517589527114631,0.22814330399984623
0.02815482690699437,-0.03161705275540075,0.13474787162030594
0.0026453130202157035,0.024314061370851105,0.1412735611985068
0.1463758215016191,-0.0762229896911199,0.15280691166032095
0.07200706998700367,-0.03359525158287084,0.12049225862538715
0.16132871685632272,-0.02728877948981125,0.25222514416593
0.07534080052744588,-0.06254980010018418,0.19607991726383828
0.2214479032400581,0.03925811398221474,0.24833239788624947
0.09762065235417568,-0.005013806666883861,0.15429306653303285
0.11270761796076156,0.061522147261826844,0.2002522700183587
0.10392400333882332,0.023090306841837046,0.28105649058574633
0.08767719186357954,0.03898077762903027,0.023995178089921868
0.1920204163482992,0.08925414220452492,0.12704118305068546
0.08967706474243627,-0.04042666392549636,0.05408655444837124
0.07813971654194356,0.032649318382394994,0.09024625251796198
0.09218841700031896,0.043748126408354446,0.17954651089825227
0.14613345694405883,0.00457490007269825,0.22718630363133485
0.1096310903994533,0.035364014199091125,0.302794410330359
0.14696197820266957,0.06011289585958925,0.323331212922956
0.02005190982762425,0.042028067007190965,0.10302435121720341
0.062116779334354916,0.053542689590209164,0.13856827830643664
-0.0003983315600023624,0.0350102320035699,0.14140578115991323
0.05302628703637909,0.04289675802496414,0.23190408453978623
0.16353691695941566,-0.08580585771606455,0.14663793340437692
0.3352223799775293,-0.10748075430825507,0.25118818307213575
0.07525818141585118,-0.01525735616965554,0.1117262111173556
0.09091487306242431,-0.03156700590938676,0.13360831839275109
0.050045708552096994,0.00561864867910565,0.06160103270532436
0.09076602665169581,-0.04341804720356813,0.06841641187717036
0.034339927128998415,0.027597061990617885,0.08176240308410022
0.06748909678637043,0.01101035440202577,0.09747918129145947
0.07403618884225743,-0.014763604801419876,0.13901180884275033
0.08378870092153505,-0.04271053596357799,0.22805091308916944
0.12782731725183352,-0.008477243862529816,0.2033224799563399
0.1482684861449914,-0.04540605886792444,0.32483773449499104
0.27526616492557715,0.07774156295873562,0.24448621631727763
0.09676060845229466,0.05400547058501402,0.1467676926464466
0.3498870764025162,0.10125416293397635,0.24914450465131857
0.11130871854553086,0.04282260857571832,0.16459051583078196
0.017171788223785414,0.028109070473135805,0.0931403832163361
-0.0004933642919338101,0.00826004389000149,0.09736881155713577
0.052550076552867586,0.010877398534329013,0.11766186818372201
0.032733540416639506,-0.037510334494930166,0.13684277126655967
0.0822404630914802,0.04232623648345827,0.08631648549833693
0.04012594148996937,0.04221682703753204,0.08920644899213633
0.19062997480468302,0.06500073294488473,0.16289780784154273
0.08118118950432267,0.05594697260920129,0.11598649785500574
0.10815231064262713,-0.0008192329134656386,0.01709582329649647
0.30459778272142224,-0.030004432401393884,0.1730191612649756
0.06689634436525514,-0.03908615622463094,0.04292977072391585
0.11112250811436107,0.014349797005730665,0.0952678552263801
0.038711351789495176,-0.0792065528459917,-0.05732707493449395
0.07240914268111594,-0.05442862217516924,-0.022875707762853265
-0.002004645747088406,-0.08587283050872128,-0.025262120917204853
0.03813392827256762,-0.07196360017459148,0.010119783466349739
0.28876509506584846,-0.06887147981629459,-0.08442986328927742
0.09018496762676806,-0.04106148990148169,-0.013156705981174022
0.2807143200430797,-0.03189711258167997,-0.02738654509828519
0.25189588938457974,-0.0904671348691454,0.07069723596656328
0.335283425030949,-0.18664004891118655,-0.1396197548376933
0.3658472092108579,-0.11420539793848078,-0.126342913637068
0.07553671654226389,-0.05818132111210406,-0.07393421318262634
0.11417919002042817,-0.020082227431090983,-0.0629329791357725
0.10821187129313986,-0.015927564748111293,-0.005741685572472473
0.08285424120779392,-0.10667265488365994,-0.011461017569730256
0.35307126036357467,-0.05721614860043622,0.15154878363334
0.27877919172420446,-0.057051391185181474,0.09937676473399928
0.09123065158574545,-0.0287547100973549,0.024013852210141195
0.22173291888787294,-0.003277574936892819,0.018471323041052184
0.06836562224274621,-0.021494749002543022,0.041583592783467994
0.20584697104984817,-0.0764763631911672,0.08110331864121743
0.07328043358116147,-0.12902972385893716,-0.084219657604137
0.22747825544881417,-0.3466543806471911,-0.0899513019630912
0.08273627614306507,-0.07828236812124997,-0.049032905185587145
0.18482213614133056,-0.23479425891184558,-0.02843768145935493
0.033172372257266415,-0.00745565479697747,-0.041491550450773865
0.04727005703301986,-0.027463065329662344,-0.057224248319634505
0.07989414672480888,-0.014416102797415564,-0.00681439146051722
0.0888430098670566,-0.0023694929634537564,-0.03186423964571663
0.08609086292633818,-0.0734706983635682,-0.010889304831459766
0.06732004105871481,-0.09259911719900525,0.021168354460985896
0.1273904669333623,-0.177701712552399,-0.0102466862131467
0.1508221759581125,-0.1526840832282532,0.033596171518317244
0.3914068636429201,-0.12417535017505431,-0.12616926875204731
0.12622489001685044,-0.042774217056926564,-0.05997236540900784
0.4443379283537373,-0.20324445609473893,-0.14872679023139154
0.12783381680027056,-0.16899880054942606,-0.056458675932287906
0.07912251687889556,-0.011949386998448523,0.026248333542854066
0.026851714124709363,-0.00303337663336748,0.055757735026805255
0.09098317727540298,-0.0017422528926114476,0.003690537556502821
0.044852752130269506,-0.029298124578404677,0.032150145733074634
0.07247592535176849,-0.027734739736656588,-0.023243910098254397
0.09196023283949759,-0.031321649091875146,-0.003550804757423788
0.22718277431286385,-0.05908294601117069,-0.0883160730255138
0.21000109814490286,-0.009021493189998168,-0.05123186188074658
-0.021283543226698377,-0.043248090300705345,0.40321782440736725
0.031261643152724304,-0.04049331719718403,0.29843092031000024
-0.01908845922738,-0.0034180929909384964,0.39570859875900055
-0.010516807542365357,-0.011955799936249395,0.19446046960216568
-0.04095764952565616,-0.04901330639367379,0.0943305522122877
-0.042900614523578455,0.0014005144864502155,0.17085345509394573
-0.0902220983087032,-0.0637046860293801,0.43247461235269774
-0.07219145746820484,-0.08217819500266457,0.4962228471467231
0.029083214563672057,-0.03500081747329373,0.08253994046847525
0.06587293577150237,0.015158457335524298,0.13422184391556644
-0.005176281672701987,0.008843622120031527,0.13391269256981192
0.058473412369257086,-0.006350480811198193,0.28838661769354546
-0.041208576535932545,-0.09628258368848824,0.012722907167623308
-0.003670690281345131,-0.06936306829634918,0.04802074241896293
-0.05319105229473051,-0.09459042129296287,0.04758247781542098
-0.03133507392368161,-0.0447667351518859,0.09017778599922907
-0.016403312331482244,0.015926615178939472,0.14173735999893172
-0.01636043705235223,-0.05239251194463577,0.12509123641585376
0.07921257617796582,-0.045863008557492,0.35128274642208107
0.09984016047309067,-0.1144404001180754,0.3372152246323005
-0.038990623107949075,-0.02004206155093864,0.14702689109937783
-0.032391351577217294,0.010703410402993625,0.25839974104071595
-0.01568379426421194,-0.015114438193586714,0.11170537642250196
0.010057954123907004,-0.05538273059573956,0.22258672976498348
-0.061992104218274294,-0.13877656124795953,0.06243514652845902
-0.15524153982912292,-0.2731631418437707,0.23200042678618077
-0.04229158472992131,-0.05818365421926704,0.10697065881849371
-0.06315195682394131,-0.1290661911638359,0.12583448307318207
-0.11288828507554073,0.01365477137952944,0.22203273972905882
-0.04634681218862484,-0.020925680309176457,0.0778945434915957
-0.07591152265921206,0.0014639973384905469,0.20494587201275183
-0.04580286941935984,0.016961470526162682,0.13266103756881106
-0.044026148239089666,-0.010309669729523232,0.18771216093010032
-0.05887889030656605,-0.09553634196263047,0.44251117156196196
-0.042664856196750776,-0.08051416446583856,0.13882652297136075
-0.0880975082794279,-0.1809884531523632,0.4108505899648272
0.01973632835449358,-0.08208655856094245,0.062435786658569116
-0.01792610127197658,-0.05123820531158498,0.10555397149705777
0.044186079545524094,-0.12922725206014798,0.07190012068485928
-0.022297946988754362,-0.11138682514772873,0.1153525705463767
-0.04945180411727139,-0.02222501845546139,0.1706654102365335
-0.03168501554035557,-0.019251560824186095,0.1268034185603281
-0.053365520299941994,-0.011385401213834703,0.36573021610850515
-0.030724942986952674,0.005801415440534818,0.4027136210115458
-0.017036668315646555,0.003091814317414041,0.09623201158332308
-0.05122346064237434,0.002479526225764624,0.15627021506623082
0.0070767144130433396,-0.02639692432192683,0.06960206541729788
-0.02632137428762685,0.008678745524008174,0.12117389469390044
-0.07338802713896334,0.050842632797597126,0.359848906083323
-0.09315342492020565,0.06768956063959282,0.438322550628106
-0.07473511003762628,0.05706271382552448,0.31829302105172524
-0.06332172158437217,0.05643583934193605,0.32947027855087246
-0.03642794837224297,-0.015675933278631198,0.060482802562050894
-0.019266168468233917,0.026011707635885874,0.10280975038814794
-0.04782833969859535,0.01987808323841785,0.025274050265772518
-0.044637756374863544,0.05404403970858505,0.090057884275093
-0.05045344079352558,0.02906929795192467,0.29162024807819453
-0.022525649246237647,0.004105126112294894,0.23622548284439326
-0.055212205102910424,0.0074936752906836525,0.2534091751608373
-0.05658769960157957,0.013449346626329128,0.3546815324143423
-0.12061882588310806,-0.06308266201323227,0.5347165585037126
-0.1039761396868114,0.006685396886140061,0.45223200408741004
-0.03523993472120567,-0.058815731534178295,0.19820217749994587
-0.019906011451616426,-0.02337837501516766,0.16642041940823443
-0.0823534170081911,0.027871242587641173,0.30060184461740486
-0.12771041210590398,0.027918057354250993,0.2667059354589086
-0.10560801526364162,0.05543368995190838,0.4016675517921743
-0.15772281688170045,0.08498777636349494,0.3978954294690074
-0.0025284129416538017,0.046003877443101054,0.20807985473871415
-0.0407976286461185,0.02852612051359025,0.28493380298711923
-0.002497689535095841,0.014482965284008524,0.279784772594053
-0.047592665491521656,0.025332707991450137,0.3843243681514537
-0.04974088321514432,-0.0347430659789025,0.09041821090821985
-0.1363716351285929,-0.039361738779818745,0.09479599443971218
-0.022549059131871756,-0.007167653840345564,0.1170137672788417
-0.0668280836119306,-0.019008171915231034,0.1114210308122827
-0.0003531485865334177,0.004443686101289417,0.0854605641680167
-0.011304045261424261,-0.031083776097915457,0.08843217132641837
0.0019222419218296292,0.04199423862210082,0.12023897239558946
-0.005841351833994496,0.014907157881804347,0.12439220954875724
-0.026828816511320547,0.04148618856136463,0.1399000936683303
-0.08328768600803343,0.051816805289727305,0.1500165160404821
-0.06714241131445034,0.030323477409775913,0.11598910824985545
-0.1531344211490283,0.04857608927890235,0.10656425323716098
-0.11049917081192316,0.0073939054252404445,0.4051068455368823
-0.04252306290946197,-0.004855810715404655,0.19747031672979923
-0.16651943807452876,-0.0694589977333113,0.416635393599643
-0.0995754088986049,-0.02502338483376676,0.22880249329478308
0.004857446444788638,0.06314048805674696,0.1977122985655692
0.004640169466463645,0.07190833104751981,0.2863637494424043
-0.013851577028364152,0.05654240801101302,0.18838051930676317
-0.037206446902231134,0.07305395693934567,0.24855728926152998
-0.02015658173043479,0.00854518854976416,0.11584172548302711
-0.0062121183039515,0.038114594661170176,0.13143146598887376
-0.0387099944032358,0.011588531161661789,0.25465202995798775
-0.019641609473217213,0.013464582004496229,0.17336661205462003
-0.08326167382664033,-0.04489623394460498,-0.044638949113378026
-0.0510847879242008,-0.05129085492298416,0.03898625472444944
-0.0964189046711574,-0.06475543638578435,-0.11570448003704478
-0.04540781205383306,-0.017222071793004595,-0.013349459485381724
-0.09899459049513414,-0.283715357653718,-0.14222091285297578
-0.0676691186474628,-0.09841899405716785,-0.11100778359344243
-0.21208697028270554,-0.25100208233892013,-0.18019850988796107
-0.24529642626987727,-0.13891260543559225,-0.22626012209769045
-0.03382424116878977,-0.08248989927195494,0.060005541196391204
-0.0639051560373201,-0.03086381487219173,0.2917519630405408
-0.04041749768992207,-0.05575768751352618,0.03989380414178746
-0.07749480019382896,-0.050967899603378795,0.22239578592551498
-0.05945768498441138,-0.11959965615691111,-0.019554835143807996
-0.05010842773377311,-0.13026523361343684,0.01715466806113222
-0.04413248645565308,-0.14189572242287662,-0.0520279520689593
-0.029276586965427922,-0.11300800870884524,-0.014810311422101543
-0.045122377028391766,-0.056695216619296857,-0.0017210264475245238
-0.0824876284426282,-0.09679725001076023,0.00018679756065486977
-0.09984456300237413,-0.04365870932875952,0.07862880561431504
-0.1338556223866251,-0.06529082225719625,0.040255074303261515
-0.057259184939647705,-0.06588948037808147,0.1310779474992535
-0.07119997288128738,-0.045433888949480146,0.07005423039971635
-0.008910454514355027,-0.04575751926005352,0.0838704307821891
-0.03812530641246506,-0.07469440866488906,0.13519394211324132
-0.10870842567993592,-0.3620483722413679,-0.05078954704167475
-0.21716696873823804,-0.4504187826806975,-0.09384154237145362
-0.02835142917787875,-0.1360739591653227,-0.042473837073655464
-0.1418079978952923,-0.27050376126452336,-0.042375578446760834
-0.1182502178326604,-0.024570079253377827,-0.03620778373428597
-0.06021949795063002,-0.10257643327427636,-0.08406752410306888
-0.10297151277059578,-0.04211387080922382,0.060007931810907376
-0.060192849609571546,-0.059776371962464936,-0.046401459058796536
-0.04810800813734204,-0.05857093376021071,-0.053248138056686475
-0.3190010761340856,-0.1130160921354241,-0.24473403004369879
-0.06711949632885453,-0.09976153889998245,-0.04146470266634056
-0.4646642344461376,-0.1558498668068273,-0.2017766436857048
-0.04822308043984984,-0.19942240492400579,0.037569267087318406
-0.025043724067879452,-0.12347052277655532,-0.0014874519087542057
-0.18099134658861157,-0.3260968033316099,0.1343488525283291
-0.04666249118394214,-0.1713569334236098,-0.00046078158176934955
-0.061176436942284695,-0.06673166115872456,0.04814785254130957
-0.02007600926370187,-0.04591795277522944,-0.020454198479860526
-0.08808874054835902,-0.057638701998002015,-0.06694758844357691
-0.11683375918838923,-0.07998895874625814,-0.14685092365552155
-0.12933582841267682,-0.0001699294942494138,0.220989676236202
-0.10241810228133927,-0.036446146987715186,0.1609294656969518
-0.045938930580694544,-0.046721051060611356,0.05398852810460677
-0.05397526688931081,-0.04395598590610547,0.04023410963981027
-0.19899565103830127,-0.3698026313378002,-0.024950956981317086
-0.06391694652980884,-0.08207188910828886,-0.030049966283302556
-0.15982957407875992,-0.48222420115282716,-0.11828811757118164
-0.05199281203088355,-0.20844146853290577,-0.014318493284983944
-0.18752662460934352,-0.4807215706464702,-0.14924001487542288
-0.18070387527085455,-0.3991265869793755,-0.08909507805618198
-0.03282399181588648,-0.09647624695087906,-0.062216221645640626
-0.13998040743506623,-0.24976416573991694,-0.005920347308422032
-0.05076081871766345,-0.10790396819125639,-0.06253253563201304
-0.11326242637569515,-0.40729461686615454,-0.13504095724687967
-0.18491840168337795,-0.26135777913133124,-0.03919081986769778
-0.13258820674562571,-0.4249648546578896,-0.06806309147482607
-0.014618984246042702,0.0019397295129824886,-0.0692038525611399
-0.02851303112424659,-0.025279735134496977,-0.26619822107787006
-0.006425762873919619,-0.04486984860132166,-0.04060686066106185
0.004163752970737172,0.0005897399399965076,-0.03295799819492775
-0.017265827084059576,-0.04611740603333641,-0.11190002682563673
-0.03963378959831548,-0.020723458315112263,-0.03933376892936466
-0.01898105786565518,-0.06148241884271705,-0.4307615733014888
0.0005286085560182427,-0.002516785149097357,-0.1583071603536795
-0.1014859939857412,-0.07755861379170555,-0.4925729593050248
0.005860421978782257,-0.04983271593049069,-0.10573624676230045
-0.028393596642121814,-0.00753440901369233,-0.16992259196990378
0.0014205439480619406,-0.001186577092496445,-0.02109622679956484
-0.08635108473799787,-0.43434282010752906,-0.10053752905138352
0.0004958718996578461,-0.4392213265845164,-0.09289357124672326
-0.0467119999158008,-0.22872731326824383,-0.13229406911687935
0.0929356578736756,-0.33794922484430817,-0.10402428412501659
-0.07333707525235536,-0.44053592083107507,-0.15721046019104465
-0.05767467562803224,-0.2586048554517512,-0.08505499326830314
0.04729242063653081,-0.4382554754721309,-0.13756719956563696
0.0264269812106973,-0.3420272668481686,-0.06988016679577136
-0.058035554068777015,-0.4795434226329539,-0.1579315768766465
0.034021664570522324,-0.38174667368731363,-0.17026737405240341
-0.036198488686360955,-0.4169960632076101,-0.06935217236492716
-0.009682501188840294,-0.1893759880981736,-0.10410964603303774
0.018947158361011268,-0.10648882014149846,-0.0015266573612249916
0.04257132271150267,-0.037534589164162704,-0.02298154142428852
0.1528173135835787,-0.36023639819636233,-0.05716047006610665
0.16944249621183247,-0.1954005412590472,-0.0034019648825599842
0.05220054363182489,-0.15691111168144073,-0.01731263386950499
0.08813140514986102,-0.27295708740811797,-0.021403722519635533
0.05687494278450147,-0.07519186606951728,-0.048855255650992045
0.23124194688304178,-0.15143695410209917,0.003566158325187792
0.034645109915156964,-0.08377699968862497,-0.06308454467411063
0.11910332057354579,-0.2168974421460107,-0.03291817983060568
0.07380244863233236,-0.0933648338017841,0.01732790873529641
0.1915418858226747,-0.2909801946285648,-0.040613026423852464
-0.1356521330753166,-0.1170162421767003,-0.14061901013058214
-0.103453333530059,-0.08379753067411877,-0.11283527422317294
-0.12406226507842508,-0.13069846258733386,-0.17040092282370511
-0.08097149529640119,-0.12975304947235333,-0.1504573728517112
-0.1503924256838497,-0.2356163944006122,-0.1605140881876359
-0.10492079069979103,-0.056411759782463676,-0.1205503109816147
-0.10738546532018602,-0.17393651830389936,-0.10769969729867837
-0.07730741025025503,-0.04746346154077862,-0.1168786957998968
-0.1435362463730685,-0.16642035936383337,-0.11573500838563716
-0.12355012118501207,-0.24793545676480855,-0.1568541640367517
-0.09149881189672783,-0.04318296102369685,-0.10972466739835124
-0.0935236004357676,-0.0543224849616542,-0.13439853263241283
-0.05836698239772403,-0.037976145363367395,-0.08879171234155701
-0.012851713224104897,0.011209782301666416,-0.05572694797055644
-0.009067804161009706,-0.08634931316104126,-0.11646209521293283
0.050801250223144405,-0.04426811685847509,-0.07754556903794366
-0.044124147019717,-0.0963381962281878,-0.08315165084694821
-0.03842608163290868,-0.030248783417371403,-0.0938561226054463
0.012305751549546861,-0.04455951846318939,-0.04911995740944756
-0.008114240655922676,0.0009648706787164905,-0.06794286579007136
-0.042556631028120656,-0.04412948862858195,-0.07177989539178864
0.028594987263085993,-0.09028568256150248,-0.07420059675990269
-0.03226224810163294,0.007838516998275398,-0.07108159883013845
-0.007282874436351356,-0.037654970581575055,-0.09184649600709058
-0.05476232576132892,-0.020722968778375046,-0.07684440536035918
-0.045994376871433616,-0.06056428385468653,-0.1527693567277371
-0.030768402639230447,-0.020638568747944123,-0.030094832411688633
-0.007578763846560435,-0.00907939551978638,-0.06382478686361133
-0.036113913930390505,-0.06776483420919882,-0.05672978818776903
-0.06858578465449645,0.005425471990119882,-0.04246474376702783
-0.01369294624818014,-0.06171476227007239,-0.08119961995683775
-0.040604687994398925,-0.006667170638779178,-0.09723513599851312
-0.04846464888903583,-0.10598006088386039,-0.10039047458332005
-0.01555232145962823,-0.05838449256646266,-0.05653062293251365
-0.07522932275445043,-0.013220187943283957,-0.1071409477703344
-0.03848467064800099,0.0018083323390267708,-0.040522413916916696
0.05144224897755886,-0.09077316470281083,-0.16303357639089577
0.13609822401602764,-0.0674545308088704,-0.1146334625857653
0.05030807680793495,-0.013389691787701127,-0.1290199603386808
0.1795215654332489,-0.057436121996641616,-0.14862268223772446
0.09225140893566483,-0.12554141187918127,-0.1471954829310263
0.010320485644497399,-0.03536239945479333,-0.1308214768428477
0.21799897530347043,-0.11529304372594129,-0.10743095900881999
0.04615787408072785,-0.05046117164877485,-0.10109075436039587
0.1251507613499676,-0.12682061233101952,-0.10202095997179608
0.18535269085192407,-0.10816155265826145,-0.1503106212562245
0.024183123609905023,-0.052859312178167375,-0.11782260168267121
0.04175018759820941,-0.03622285905347513,-0.11284705910494794
-0.09158224664217067,0.013148759252480392,-0.060193237602088834
-0.505741302129206,0.13887613411996277,-0.17865200400458656
-0.4144677356475822,-0.09858299111833013,-0.14974156403000438
-0.33102280063819495,0.04728244828947933,-0.035021598648702114
-0.2518155464630466,-0.03888045831004047,-0.08678661653892125
-0.07369682967960116,-0.009796488541969402,-0.07101423022697871
-0.485879503940033,0.12016173050862672,-0.08752381487755534
-0.378257898438067,0.11181767434809263,-0.15271221111007036
-0.31253754976534837,0.06591290847684898,-0.10076974756022769
-0.4104288460366179,-0.07334930042033003,-0.07274816839427639
-0.1144375176632313,0.05418462456097536,-0.09374108391497726
-0.28878709934600927,-0.01744389283239744,-0.1251417735451985
-0.4533139222902168,0.20499722287708472,-0.1256272956233002
-0.2899435519413267,0.28401713167777864,-0.0036846624521088525
-0.31133142216900506,0.15295217806156042,-0.02439454625010029
-0.17286249910175114,0.11383800936221283,-0.03137529969706743
-0.45725322092292126,0.16420030023353427,-0.05583110325751802
-0.35206795080416575,0.17581595331474922,-0.09955334374331429
-0.10267098030530795,0.07847213003693905,-0.08452504069917355
-0.2448840498499091,0.23423572460463168,-0.04132882161624418
-0.40714678661029907,0.18787740020010943,-0.00791694220741749
-0.10347147553023273,0.03883154021561773,-0.09818906597322563
-0.3186150062283408,0.24132504818346412,-0.11260644183942806
-0.25965185146716707,0.16767122400523307,-0.051021106194595475
-0.45860174639569606,-0.17387011570255972,-0.1278660849666117
-0.20654271181181183,-0.09053752518405472,-0.015647416578822723
-0.30646182307913045,-0.21912001936002465,-0.04229014662283443
-0.15477019716243715,-0.09983545367384583,-0.06798823707099722
-0.4084702224979428,-0.16410439166760907,-0.04853504701074709
-0.3279872902172159,-0.17656746994631528,-0.11983658327037343
-0.09975794036994685,-0.03848000048685709,-0.09867473294345759
-0.24425388604038362,-0.12214587556434792,-0.050131613704229944
-0.3884232001756642,-0.13313935994648543,-0.07009729229434766
-0.12677037222901036,-0.08212888926161584,-0.09927577715632004
-0.34219061172742127,-0.1221126599313849,-0.09425688388494104
-0.24784891309402052,-0.17040420333252113,-0.06826755252215755
-0.03907959799017215,0.005837387331530626,-0.03536758784563881
-0.004003747339644225,0.009947342215659016,-0.06399604227248575
0.0003124651053233396,-0.011582715451201413,-0.05433956840476593
-0.034910360080624966,0.00976802501036473,-0.2829658618884761
-0.04613157307145127,-0.015127118668601574,-0.11001968206152167
-0.0273728684900803,-0.006578456463302275,-0.00751798258592267
-0.04388494279197735,0.07501636959514434,-0.3539895707581005
-0.015985027783697234,0.030628963911210262,-0.15888832116534082
-0.0462471771830785,0.01727906679683039,-0.11059663811195715
-0.03866449263251743,-0.06394428893372864,-0.3309885873428914
-0.058792676192198884,0.054105256773039734,-0.019758873270833734
-0.0064477710011541746,-0.005734388247052552,-0.16432678203319825
-0.010061061269698664,0.04580517332534673,-0.024110251795757653
-0.08223315643263734,0.08996793404208378,-0.1120090837492903
-0.018235807403020474,0.0018531636727733322,-0.056793499110544945
-0.10360752357828786,0.06401173409877883,-0.11204376068484721
-0.02446993214845878,0.011712944087858865,-0.055025375686223996
-0.007743551640579837,0.0420704898351881,-0.018827376861882784
-0.17379400386765922,0.09066884812481575,-0.1521379966136419
-0.04335035047712027,0.07937553285918124,-0.06877132722280307
-0.042802965294033775,0.05725291179758066,-0.07647136351816336
-0.08570965713973157,0.019839257034714987,-0.10390001977594712
-0.0173285016383078,0.07922609493675482,-0.023158118051095335
-0.019821805556378108,0.04256578905559272,-0.050657290335951705
-0.1531424912334186,0.13173490705138316,-0.14544290845660168
-0.14813804867428196,0.19416882161111768,-0.1419620055316187
-0.16201100411803407,0.1120937549768035,-0.11215787437915775
-0.13558249882725187,0.16128956610603254,-0.09947527355855841
-0.2238002350986259,0.14736994412932394,-0.13778183912500108
-0.10102519881613042,0.102565691333678,-0.09611535775522888
-0.18024068078546968,0.21336115281525464,-0.106919760865342
-0.10703610347733267,0.13145183229248153,-0.10175523304859595
-0.2053507421832839,0.19986520037398264,-0.1548341554874737
-0.18931671433190544,0.15245160565628602,-0.0967851160654239
-0.10088828929976071,0.11121946095039996,-0.10341501420618475
-0.10634688082580132,0.11141256211400882,-0.08839536997190492
-0.09586309636500524,-0.03675585929591926,-0.11739896924569157
-0.13761560907757156,0.016866513437794512,-0.10423164026300516
-0.1493307730107067,-0.06995277130429896,-0.13049153885680906
-0.13046919749511574,-0.03039452477189429,-0.10063726924521027
-0.21158275752799097,-0.09526055946507214,-0.14822380384341727
-0.05551496586402654,-0.028521112955493196,-0.08057987166424149
-0.1840012254374957,-0.041391936536481835,-0.09783428911230095
-0.06878487018177236,0.014726096236672412,-0.07983129605324468
-0.21063698797321015,-0.04155803128763725,-0.13357162079972082
-0.18078770230678276,-0.09833090917027679,-0.11210605919541879
-0.04154291973760428,0.004799155943070166,-0.07128767607268845
-0.07858090796976006,-0.01722070206121065,-0.09179320772460056
-0.13529342017948312,0.06510261736908396,-0.08688387913623957
-0.09999362960493485,0.11029447952805733,-0.07864682271471021
-0.095032642927165,0.015872530160307506,-0.07890116093893507
-0.05596692507791327,0.06374991402514461,-0.06972850552256606
-0.13342582619417473,0.02425243694675391,-0.07115826100356447
-0.07886531244861299,0.05381910500287616,-0.06996857133590391
-0.0881345240724388,0.08097079053497264,-0.0749421810981488
-0.06376825671500672,0.08489129156410041,-0.06859112008419739
-0.13908212548670176,0.08768987801110767,-0.07364139010615707
-0.0818391190082352,0.023936569137704443,-0.0668133777012497
-0.08940426874311334,0.08554882536953594,-0.072110651235679
-0.05840469060939954,0.05363706304199109,-0.06609809577858389
-0.041869773132092454,0.10374378636172481,0.07703222978900391
-0.07705833439980192,0.23614972946969787,0.08188808296330954
-0.08051120319630861,0.07186009330486257,0.05606302119544031
-0.040520259116274125,0.13118853839171687,0.01797358221687395
-0.08372774912585282,0.09549851963041711,0.06514096799295262
-0.04175128999153183,0.07245647211970739,0.07395294622837718
-0.07360082844083334,0.19705901954643937,0.0508563982242957
-0.033294266207549675,0.16937373246039117,0.03907589539619647
-0.05981788318123411,0.17394129393521765,0.07418640595470133
-0.08684886608775859,0.10477838939224862,0.03613876461908724
-0.032601624511652015,0.14158153452103747,0.06673580800331146
-0.04403496619604155,0.08636422626112877,0.03761491067620395
-0.15915666617837768,0.266906667229268,0.06985699865785994
-0.12066097439367436,0.1864659857086081,-0.044204736195288245
-0.12074779736521904,0.26438065627283375,-0.014318030840599424
-0.1707036280892111,0.3890383312779403,-0.06286989633800055
-0.18633189516469764,0.31082009156203116,0.023778425001525386
-0.09902680284514924,0.2476253840925973,0.018498969097194656
-0.1721743069064551,0.3805552906816969,-0.10439895841781097
-0.12606703472513808,0.24032071912995862,-0.046656905294739044
-0.14608089079117734,0.2498821913001975,0.010626942270520936
-0.21676622113597752,0.39900163920089443,-0.052585705372431464
-0.13234724096914727,0.21186181117123307,0.016859940851762095
-0.11606910038617964,0.2733955921523871,-0.02256646806033944
-0.13290073441812958,0.04967098492358619,0.025555478175772337
-0.07223093724655295,0.0701074375939944,-0.015593507975838687
-0.11291314028392216,0.040609387204114715,-0.031520756670121344
-0.2883329695646193,0.06842451374301277,-0.16830591611071918
-0.17230479954012867,0.04585950343419495,-0.005439455847035629
-0.10403203261529749,0.04379193018684124,-0.00014998382228223692
-0.1143911365736324,0.047644547719906914,-0.041364599575262444
-0.0774021203495346,0.04005727129414763,-0.055558600007075874
-0.12229816689988397,0.0655214423957177,0.003635634621525857
-0.2626523206862078,0.05627661747110833,-0.09932926485427439
-0.07322548021395071,0.0471076611017346,0.003324978479651371
-0.12706546494382645,0.04871294081301886,-0.08832398290515817
-0.07385506845073157,0.19324140901338033,-0.05892381829404704
-0.22270190191031625,0.445058195498049,-0.08809196693122928
-0.30565613412222487,0.25644756187555345,-0.21043470799921388
-0.2806419290712088,0.43266622268836435,-0.11918802037251242
-0.19324771310110828,0.27033635221175273,-0.09455761658945326
-0.07258764281138265,0.15522722866490096,-0.09808516139961963
-0.2957678580776952,0.4621266622320236,-0.151272222270924
-0.20464438976779709,0.44482834429005597,-0.10542506101967357
-0.29504962240415455,0.43321184262370244,-0.09168826690620527
-0.35358847962748885,0.4017166666270336,-0.1282479671105987
-0.11849692520566027,0.3327299381936466,-0.06535938438793999
-0.24398350721210102,0.35123811795559823,-0.18845017655781882
-0.027026892825506688,0.0236408325175764,0.1754592461610715
-0.032378350110148946,0.06465392330295677,0.06482220076343818
-0.030074066402151725,0.034254570636312175,0.22397790061832237
-0.024847672544347527,0.05687878427728791,0.06300126958651683
-0.026798719256291906,0.04352524235307155,0.14409707331773286
-0.01656998564764185,0.00430013736548975,0.2544002017731529
-0.027742283030904938,0.10641428108371784,0.04879154917075245
-0.03223602498628199,0.021147249022900477,0.09338561600667791
-0.027094000486054183,0.07966801073288104,0.08056575479551802
-0.0250010135669645,0.05713211099735797,0.07449033596791735
-0.028413390920624407,0.00178116167191399,0.1323425086799787
-0.025094824770191718,0.015081107533951095,0.1861488464928665
-0.047403227036503126,0.09696491931361437,0.032017210416159535
-0.04991090264980811,0.09827590534058335,0.006720678206145705
-0.03320500782662429,0.09358583443512151,0.01261863851641029
-0.045318394595094416,0.10147283943700529,-0.01863255575744422
-0.04991025977094153,0.1569869469300291,0.016386380849403488
-0.03980533383876336,0.04902642308093605,0.035302546015804195
-0.06417949055687806,0.14852771866725015,-0.02128942339550728
-0.04239735785169295,0.05911290743171465,0.008055865242996691
-0.06825141474986719,0.15127866625110736,0.014466191922989495
-0.04760380847611343,0.15565645743113712,-0.017651642324232556
-0.043154099610834114,0.05612636171697107,0.02905006233359158
-0.0393635414497528,0.052378848803584864,0.011875866962583343
-0.03570358073236469,0.06795518118487627,0.1573923106455554
-0.036042243229076884,0.0417721708773017,0.04327737370969879
-0.018030821318837764,0.08174282148534141,0.026208610522560294
-0.06513540469477307,0.07350950419250742,-0.05253239532092282
-0.04821035272799735,0.06941747170770511,0.0429092286327034
-0.01584576755976125,0.08636436285426571,0.13805985085898023
-0.05935332861031505,0.04540534552177085,-0.04929045418363581
-0.03944687199184562,0.054107200268137146,0.06736769626025024
-0.046904513976179965,0.04234930291921445,0.04948584231120315
-0.062211616012588684,0.06905640109916698,-0.052496469395848906
-0.026350975026348367,0.048631942130042974,0.15885417584786013
-0.027586456461589744,0.0867913372898405,0.05598510353158586
-0.030299939530016813,0.06706744021491001,-0.02377048513013138
-0.03917264715099718,0.09954260488954533,-0.050960605944212554
-0.09299701571924653,0.0974981568167093,-0.13078836813206404
-0.10896278934053376,0.18260973340744804,-0.16199315532437816
-0.051937523176577405,0.09866056640982956,-0.09750260086936086
-0.054006901943142206,0.04319455012075634,-0.019496824119695912
-0.08325630553737709,0.2562697525204102,-0.12202771926816819
-0.05456022616129585,0.050523917289048745,-0.05920321919137135
-0.03569283960500502,0.14017461167225423,-0.05668548343730559
-0.13810052981581775,0.21798111753932595,-0.19745773830006644
-0.040796733995599896,0.03992312941559254,-0.014946611627943989
-0.07490768730622915,0.0713887676944535,-0.08046747379403943
-0.04133065091787269,0.24056534863109685,-0.15016099481471784
0.09678444374550738,0.3751495181248523,-0.13721538598588093
-0.08438007961949724,0.4377459575411834,-0.12318228542561778
0.010236367056729945,0.4726566283732838,-0.1391073114233912
-0.06624324004155957,0.45391329821540966,-0.16719679136057075
-0.058578348295101806,0.2983765485681848,-0.1043405468128811
0.04867115427620966,0.4673538233313623,-0.15994437070526804
0.058259255132217413,0.38079272649438783,-0.08664616301011116
0.03416867586264545,0.40969639380207384,-0.19332766056878434
-0.04824388729297014,0.48304364454021337,-0.17352606842130544
0.005267019015739988,0.2188915673578812,-0.1349320697629881
-0.02530066547658563,0.42214770297398224,-0.0905178568416236
0.17151747919759547,0.40685063917327885,-0.11115294359085079
0.14795074230745903,0.23048876088271442,-0.0026800678060552494
0.01402334611817418,0.10251537205449693,0.017729465984861123
0.03965047653356781,0.050934958187286425,-0.026519849022569646
0.05140218044126379,0.15201356551343348,-0.00447102192075275
0.10933706439701872,0.3868485750686235,-0.04663966734482953
0.05501764902373327,0.07847234258819766,-0.04797079439305519
0.14626570433195804,0.17654799090945025,0.026405616001527087
0.1522433423253445,0.2799451775795663,-0.05656209516006385
0.034812657335453946,0.0879027989937437,-0.06354327223238317
0.1732880679827876,0.38421128858379217,-0.04871856165209063
0.0346089831102677,0.09569076469821879,0.016029637282453015
-0.15456730191304405,0.47762409202769956,-0.13998469577861736
-0.06598088000816361,0.2908921977704383,-0.029184240350671634
-0.21692086873983646,0.4814726724457821,-0.059444875073524306
-0.03492483196176247,0.07201332220989579,-0.013725712758319783
-0.21354747791300774,0.5469961626216839,-0.20829209926139203
-0.17255280274770485,0.45077513399841784,-0.10077559118091202
-0.030937802485229475,0.0928709914320205,-0.052689141057317285
-0.135520265913025,0.3820021191787748,0.01262973890222655
-0.1419116421141696,0.5344655016344292,-0.22115222778845153
-0.04122781621929156,0.09607721996465084,-0.04930918196159839
-0.11405691687787546,0.4759772171921635,-0.10108980305501931
-0.18533204890611538,0.37854993081595867,-0.019068033776870354
-0.005592061353747769,0.060878126719214616,-0.038511323132761954
0.008672598932103589,0.012680929430516592,-0.057597547297854816
-0.013735014792987131,0.01051465654487885,-0.06500236924434605
-0.03201533360391056,0.013473413974124089,-0.2745724361407107
-0.01551569928354339,0.05479115348854648,-0.10624401047162366
-0.029023519592532895,0.0388284437087561,0.005244951041695268
-0.007927171111117865,0.02089961695566876,-0.15181954571565728
0.0011156065094555694,-0.028258408321966404,-0.13836342220406847
0.008139464949080546,0.059397016511683234,-0.10519254009702336
-0.031368295122424006,0.024262589889781153,-0.19054705451496395
-9.33679547635404e-05,0.02208621547911442,-0.0007274348824216121
-0.037625193423209365,-0.018103763556808903,-0.14002916239111832
-0.03279776868685378,0.08516278258947294,-0.02342763403046807
-0.00814245424040962,0.07107716865822107,-0.04883172842751903
-0.04176762375078886,0.0910361472537617,-0.04945816894611895
-0.02671764215085136,0.07825359293100631,-0.06751168562537788
-0.04785843186102438,0.1314227371930942,-0.06351823775940856
-0.03367676781247546,0.05345471370422118,-0.01789087359510546
-0.015899070804632407,0.1288212786307617,-0.08119529262542027
-0.018627962657938212,0.037251883907974515,-0.04062204808184824
-0.022779400555348463,0.11114138524869786,-0.06325414138706084
-0.03890457584810597,0.15826187939871109,-0.0767076870795742
-0.020124474721871295,0.05006050873154487,-0.019081156781052787
-0.03162628344147332,0.03989840318663117,-0.040330471641990294
0.01740739112075459,0.047661432162919515,-0.06063852445565508
0.08523725969697858,0.042324365354314074,-0.10011304151102951
0.003094619131785983,0.09449090511047346,-0.10000419768619413
0.13188275086003445,0.1424492846407046,-0.1306981512154213
0.0278340037704949,0.1410152069271715,-0.073151940442247
-0.0005278259907382628,0.01213170716949815,-0.05922050444424763
0.19972506924299646,0.21096617501340506,-0.10669709003129894
0.05464752691744519,0.017224674092297634,-0.11145533734843327
0.061341449114490194,0.10342084446832053,-0.07536807167237691
0.0940187078041733,0.22868785479464968,-0.08620537007553612
0.019458491801367685,0.005721506152420501,-0.05898361003107323
0.018047173427363256,0.03063753081980451,-0.11402962829283453
-0.05598915223764677,0.1349909518300999,-0.08412425020902839
-0.090192689370923,0.2457994569230898,-0.14657838867466458
-0.13339299543602895,0.25664016664992245,-0.15979937988069948
-0.1116556039168539,0.22111097948967348,-0.11164517782658509
-0.1265753777172588,0.3785450938475205,-0.1263547988730056
-0.07041399224012337,0.07508152648946004,-0.09716307531276364
-0.11283406418911322,0.31886931452878947,-0.09097132709618784
-0.09210518692282457,0.14065202046064085,-0.13427606291247285
-0.09351882375390295,0.3817754540751287,-0.10495772938382482
-0.14313211002585652,0.30095608279954056,-0.10426681546528417
-0.05405973633583396,0.050149438710098186,-0.08034787530393599
-0.10483224147176011,0.14836755109316596,-0.1280117498695468
-0.03172059128721334,0.2039899462204888,-0.11861893782978908
0.06106026312646071,0.13456065426424155,-0.0825527291003291
-0.06315833389741218,0.15719367281079613,-0.08072819259684852
-0.003526241479134689,0.10439515710811637,-0.06931653774407925
-0.05828692538571848,0.20109446546814136,-0.04448473783005669
-0.04712191208370201,0.13047398586907055,-0.10889765104784152
0.024568776726587672,0.11090208406820813,-0.047403604849709284
0.014004228982638763,0.10289389200714168,-0.08877571376176335
0.014659719435574516,0.17702882332441558,-0.03347574577492218
-0.043897963026704616,0.12092680241360278,-0.05863176904299823
0.0002390314118653626,0.11090669825822771,-0.11914782974817396
-0.032288089022262004,0.11001677560530009,-0.08120814872604179
0.4079545980809309,0.25808268377479754,-0.053168302997905446
0.4332123248854837,0.17816442351148976,-0.13464050239870673
0.11393182627017137,0.03747200546157893,-0.004345565095545868
0.4251593420873977,0.12145641076392642,-0.09499160754285439
0.0958343191711699,0.04665890263334924,-0.04589850494491633
0.3720109595491457,0.19011652943636975,-0.0410686046766251
0.5105804443526009,0.16532213246723063,-0.16850739073415524
0.40264010027167985,0.13583649905699738,-0.10362578814492024
0.484114232519713,0.21716348214063644,-0.13149333415332903
0.12184626961157444,0.04223611261466736,-0.055460383251396246
0.3871502606212887,0.21166878334541978,-0.10292938007870783
0.3806938721458182,0.127202460525564,-0.06453088196899691
0.43611885382724874,0.09658813975643911,-0.13261604700208043
0.185472531440443,0.018660785023338042,-0.08570085494830407
0.4359566396087907,0.025570478851625892,-0.1075330821791479
0.43254230847952596,-0.06196947801101882,-0.1304748760379001
0.478257173841251,0.07131034667264709,-0.14947627973484234
0.3996657049954887,0.058206061610380715,-0.10866462951994064
0.4391303034137776,-0.042622420154843826,-0.1424899875727892
0.2335419690926373,-0.008687699474604405,-0.09026364434544762
0.45351480539964373,0.06462479940254674,-0.14377492297837122
0.475340206355056,-0.047597391498078824,-0.14270671601394708
0.32575847140722297,0.059414015633678575,-0.10782597517411184
0.3856065789914052,-0.0059956072474641,-0.10139477433337875
0.014255519760416328,0.009343147601145267,-0.046816959135481784
0.06132612091549971,0.006115736119133816,-0.018837910381225648
0.001027813160706618,0.004975195809722267,-0.24189345637261633
0.008889037191771925,-0.009385193108898092,-0.04391885419589667
0.03225682521300266,0.033228377872662744,-0.24632382310639223
0.006408902299742355,0.022285970805718598,-0.1279047616904698
0.062335063608201915,-0.012150734443115674,-0.09397364585280972
0.036445237152224724,-0.003766656598820802,0.0014647695508640346
0.06295913824967507,0.014205737128662958,-0.09364125469048265
0.03169716588789318,-0.035147389961091825,-0.2447725603543597
0.04053659074565515,0.01836588917325804,0.010392471012499098
-0.0006217203706010427,-0.0031367702953763277,-0.13540297321122763
0.3377054794962946,-0.0834389964321671,-0.05461793792502391
0.4420971665808939,-0.14154980679535897,-0.13224411820662532
0.12430058393057025,-0.03944476855934774,-0.011192301506149027
0.4175357745749084,-0.19742306705308618,-0.07438533070515053
0.12134282455635707,-0.04204471319942268,-0.06128960815235449
0.34227791717589684,-0.08225249227293298,-0.04799547114758142
0.4814409288681411,-0.18884479903693022,-0.138277985051678
0.3972885073933539,-0.1436542679318914,-0.10401624793589269
0.49476463373825375,-0.15044604409670267,-0.15998812542169588
0.1342595002253592,-0.05484747009934463,-0.06172488833291152
0.4016242860906452,-0.0784080977350314,-0.09688220213450704
0.3681584770916087,-0.12993623407002253,-0.06160281962228987
0.2375099619020766,0.0957917128093014,-0.13395477213244364
0.25402982457829676,0.06977957687962028,-0.11279349679400529
0.22166199860743918,0.11137354274677135,-0.1011831696616996
0.2435239756146842,0.0679681378485311,-0.08759472981073103
0.2877043973554857,0.16315245188618827,-0.09415532286698176
0.13693538178878403,0.04981132410981629,-0.12659490300139967
0.32914291443197463,0.09991332687393126,-0.09422341844246378
0.1238241387055433,0.05716242130020235,-0.0971811824742324
0.32758021645261676,0.15208094565782743,-0.11779428687734354
0.29417087388162994,0.11022622336871335,-0.0767616958654577
0.13166804026478107,0.030474516305854217,-0.10799150904178478
0.13392386367742626,0.0662756072083801,-0.10925303766293133
0.15412344862036673,0.06862167299700943,-0.07630757697211517
0.08851180572290383,0.0470143132341166,-0.025634156622982605
0.11294283633207486,0.04370781274811634,-0.07674528173212027
0.08282612409262982,-0.0017176090580175672,-0.05320093187627187
0.24552756141767954,0.0482245878094855,-0.0850368580787664
0.07947644620864874,0.055118326331818214,-0.051581709875455704
0.0906827424710558,0.011187163682364984,-0.05577141281842921
0.06768967781042415,0.030559030328506567,-0.02100320404649264
0.14171616320997898,0.061099544975347635,-0.06839015541711216
0.14173600516490234,0.012866265490024271,-0.0729179511305609
0.08169779034379517,0.055471244980349624,-0.023715308007263826
0.06541522900922962,0.030102726091244293,-0.04393002190768551
0.14920423274149014,0.09356250754938679,-0.07132422055810256
0.15911898733419522,0.05029784668948022,-0.06219621749268692
0.050613398756109394,0.06659153953901066,-0.05110135172103194
0.08291230327450143,0.00969565522225088,-0.04717358433630574
0.092956039579664,0.07327947337725063,-0.02825604692575123
0.051340017043110656,0.07808281668485169,-0.07864831302229816
0.1431814696352265,0.020460643951862024,-0.01674028519485036
0.043581155693261216,0.036041043061653004,-0.06626852433323169
0.20901303365408178,0.07118219939547465,-0.03894626916294258
0.047915734569763904,0.01682349465593006,-0.010854326246516246
0.07708671192154483,0.06849187570854412,-0.08308539136373701
0.02302145770035865,0.04239810478346337,-0.06442569769989646
0.10813148191208144,0.0032821922031156052,-0.07204402336164757
0.10595169748962095,-0.04131670048219149,-0.07830194359152563
0.13953991226578372,-0.03182149770901862,-0.07586993737490569
0.1757404469558921,-0.04975806992601948,-0.10653032321758216
0.2626906056176249,-0.01964603473438754,-0.061860260920669964
0.04945440290943054,-0.002830498931833219,-0.06458424825807926
0.3179041082105482,-0.052700435224514626,-0.09842206954422841
0.05981420821299575,-0.02838749266984935,-0.06130473437945742
0.2698555433947803,-0.013886453838634964,-0.07545356415327194
0.2866897777048346,-0.06348687464574822,-0.0865443104038155
0.05794284322292866,-0.002023103703816216,-0.05766135258142444
0.05069569576337866,-0.03171544236721777,-0.07175021343953507
0.01781765093746625,0.09490262560500334,-0.03697174623660858
0.08765613055304138,0.1256713565163528,0.01940145080044562
0.13558745477825437,0.16946574269651568,-0.11804319769112925
0.1310091361277249,0.15391544061055976,-0.04328359453652185
0.06641708796313632,0.10895464175144662,-0.06601521066967
0.03907010455202699,0.10719576317650367,-0.06884617580908048
0.15002225637286054,0.1418874637238136,-0.012679232969594532
0.08730521251482692,0.12491467274676533,-0.0048249435279554345
0.05109045413781683,0.11800341020626502,-0.0029906822827861783
0.20417634618561276,0.2289714175687377,-0.07438320044744814
0.036606688767170006,0.11137865523892428,-0.0032504545691468185
0.087067853472804,0.12667071488259884,-0.0617647067612113
0.10769886913885984,0.1492313201783132,0.04673688421460644
0.08442315809237108,0.07768043446836956,0.06771097733431744
0.09762908519321623,0.13366431474450888,0.013218809973434574
0.12317159293765231,0.05162461003635573,0.06282489206349812
0.14375249374512,0.18957237978315783,0.03744840984448694
0.09035471175704751,0.11295716848482466,0.028399556635104167
0.10032163556112064,0.09087100061783146,0.06109980174306719
0.09139241073275704,0.03743766550940247,0.06062552416269337
0.10876205655700939,0.1510255600662931,0.05791527100973641
0.09775220532701762,0.11708957244314998,0.03160893026264885
0.0776338300597366,0.08962723760033256,0.0539537955511721
0.09140049229366663,0.05764224161385293,0.0306507205113637
0.20644539051314512,0.32976954602817543,-0.0494617280537815
0.130370945886747,0.19882812518660326,-0.053300172703259464
0.30794763348284476,0.3715761236618246,-0.09774427093649284
0.37593121607024843,0.2776660442153451,-0.13473961742387897
0.27561083154724575,0.3807855369519487,-0.1263230634768083
0.1750738969974391,0.3014045582132124,-0.06193883043787087
0.3246003219085178,0.32668478193580425,-0.09184428442975512
0.1585946744543505,0.16571540362193551,-0.09153309437899569
0.2605120866536194,0.3427016736852323,-0.05745190435689858
0.37095215918676094,0.32220651406381706,-0.13606866566938636
0.10521122266230457,0.15903400896403505,-0.07316678573373722
0.32375959483455463,0.3169425441699057,-0.11878902873462217
0.09567514533521003,0.07131496104551305,-0.031355203908377184
0.33134060705419716,0.06526056951734815,0.07294104177298032
0.41754362090621394,0.142673052232322,-0.13678898198349118
0.2564918700490987,0.09360165674160437,-0.04499926725720835
0.29127094915230006,0.1327563866738557,-0.11960505797116229
0.24504129889464618,0.07676663787954525,-0.08769627457728724
0.3737055614440663,0.09835549611007968,0.002617176599086676
0.31995065711995263,0.08566644193048115,0.02491542733042994
0.1616475630503003,0.06454830461169116,-0.004837410487821578
0.46389790198680264,0.12844324538910873,-0.11235214512434916
0.2018545762013053,0.037517745481744295,0.007691138360310836
0.34748645873425704,0.09230239458545961,-0.07935469972029634
-0.009843927108086868,0.0760164052912866,0.0046949160927796645
0.016656993370889644,0.062395411028982016,0.028651115025663355
0.018386140154746572,0.06379423230480821,-0.022225913294338265
0.04451966954864949,0.04854614138383394,0.0032442645099883317
0.011626702949436645,0.09091755078410539,-0.023549906515048635
-0.0009235367356374444,0.04763610867038813,0.003910449184574815
0.045108080968229096,0.08091906270357017,0.00870470368789142
0.0205512295060398,0.034289979588009764,0.024919549186497563
0.01124465921531674,0.09145156175192141,0.01009168284580999
0.04516652739695099,0.08087965579887148,-0.022604896013094143
-0.0021710522839344304,0.04585040698682458,0.025639937967354202
0.02205368420127466,0.035806605094103564,0.003148138070532784
0.03571022319406777,0.037895906390206166,0.049693671507043055
0.05415037206309307,0.004082357747658622,0.07576240395793302
0.06592859817246226,0.01776681498330163,0.02805833193837845
0.1204862362433859,-0.004413674343821964,0.07519213700777115
0.06272544738870407,0.05222520727538651,0.03388303449070324
0.037429345767453805,0.010914770252050903,0.045273073486987614
0.08806472875332796,0.0041479949041399585,0.06782890145170825
0.058792099592212745,-0.007005014474785436,0.07564853160039527
0.055104744844808526,0.03997382561598579,0.05755065767145009
0.09009754568628697,0.0112452820215729,0.03811217174235485
0.02949763546217226,0.003423529038874526,0.06481322187654558
0.06789857232684025,-0.006522353063600818,0.05123686618531867
0.040604744185452304,0.041474802149671,-0.04395279705545501
0.06618095729121999,0.017933026534988183,-0.023416920068126998
0.0787153725063587,0.008309040461530201,-0.07614642274598163
0.14446638366252604,0.004897793735961344,-0.0818052282951884
0.06652603079714052,0.05489433735310034,-0.0676773931114125
0.040087405719264245,0.006959033427699871,-0.04017608797044027
0.09377032518283397,0.018024208729148113,-0.057191896061722626
0.07370668337351134,-0.005600242199960294,-0.024941285465431947
0.06387593526622842,0.055422584685375885,-0.049206235261387975
0.15803417283292773,0.05767642528451495,-0.10511603211276613
0.04247258535144454,0.01369288962820697,-0.019462603471269047
0.07698524488520991,-0.006873487529550737,-0.0551311670721246
0.1215984946614261,-0.006826977185136515,0.004751663212710087
0.21662239600114547,0.03813171975869302,0.0725054157080839
0.2114657583456239,0.039568656960908916,-0.0476098388146255
0.1504031978907682,0.07769843617523163,0.009069511922768666
0.20464084316578035,0.01642180525023834,-0.03997544939794628
0.12982322777746938,0.00493752643863598,0.004459072175493561
0.2564170315782146,0.07126546916470301,0.04173485696991564
0.12574274207443584,0.05131825680211304,0.03695307283639047
0.20891329389683913,0.010196774777164979,0.028609058249916677
0.25065908295947437,0.06749143049865153,-0.03618368203713921
0.12847168438403822,0.0037450922240990334,0.039691725920327506
0.1273324788615982,0.05157464921023828,0.005137862401606834
-0.03777985970570114,0.10561293392811352,0.13266495659766744
-0.07380491326123667,0.14610624450571563,0.30097530022366653
-0.07247541694928962,0.18967008073213076,0.13327869790791486
-0.0432412084634523,0.11035087769812285,0.13695868176888243
-0.0645585380121393,0.17533485400344948,0.14290326385451546
-0.040386645850617055,0.12054112789870221,0.11010508897272941
-0.04996677598105165,0.13526500917611572,0.18056275199848923
-0.04068865078714771,0.07118122928493056,0.16593937868055247
-0.059791116868269704,0.13088426250019186,0.18885579237035835
-0.06609890214736049,0.17644144952291818,0.16994528181874574
-0.044683708958970315,0.08431919592135034,0.20366071474689468
-0.048004957973527745,0.11717579641823857,0.1142082807173107
-0.04786462785828078,0.10710918072044731,0.37237023239968814
0.005002891922186338,0.0404590563381688,0.32739600387579315
-0.021265368410119063,0.05636849087367404,0.16732498587876085
0.05028932410618058,0.07437845845961735,0.32685934859276555
-0.033487064763375936,0.13732572989128056,0.31416644970096497
-0.03175472072177947,0.085368717972977,0.3133539453004775
0.031054143908799615,0.07648829882682724,0.3480019973845777
0.024551392393686738,0.04810627014805016,0.3279028759625315
-0.025471122414704797,0.08318875716186203,0.3643576038844846
0.010911856508666573,0.09026718726249357,0.25067489150700256
-0.01458063347019856,0.05524309941566287,0.3478040780577942
-0.002418833443539791,0.03982260054833547,0.2544149582464527
-0.11275932695377117,0.20058829625212418,0.1235568708927853
-0.037560546384464676,0.1348024347126884,0.1164584363462997
-0.04729777372859988,0.12493386942907722,0.031930078077655084
0.01298820331169031,0.13368785948290696,0.07259356650088929
-0.058967619607940225,0.17100344358028705,0.07165165007309655
-0.09095285198446161,0.16082258783310277,0.06482371809948666
-0.004758812206978718,0.1491612565126831,0.1092249630340965
-0.021109336327814962,0.12258727752375367,0.08098494266103257
-0.06481577926940901,0.18070441413070712,0.14305435875614034
0.00044571601881836324,0.14462209424562542,0.05216008328104647
-0.06180013634317285,0.14501273844689758,0.09162889229046
-0.02863839528450948,0.12972344526561788,0.05063471201164603
0.00558385063559079,0.08559858106746064,0.11724654105639414
0.041152949875447375,0.019511238791153334,0.1508497938879476
0.050452887889617534,0.12099983880465301,0.08647703516731273
0.06164430501141701,0.06186539748219056,0.10119628935067601
0.03600517265712785,0.12553918713958623,0.11731945882228864
0.017545380986471928,0.08379911192020253,0.09692163713053412
0.056450535483862405,0.05654733440279275,0.12294031595905111
0.042690340341525544,0.01862988189277335,0.12049449085648306
0.02830509272908797,0.07138184303853536,0.1266591460778551
0.06928458312671971,0.11971558669575434,0.09905877010153814
0.015143505317081198,0.02914777523398742,0.12017039883350153
0.04596656692881552,0.07516603405473768,0.08788077986093402
-0.03101990945529396,0.00791823116307905,0.1911871715288499
-0.03566079002894438,0.00898584099535932,0.2960271961208797
-0.03635995601911436,0.03813547199626968,0.08339716833219528
-0.03450137386587804,-0.0027074463753943893,0.11530705438206705
-0.03284423247603297,0.0526285592199026,0.1065907839406923
-0.03068426326846877,-0.0166320377471118,0.12935383379541998
-0.03763517309287353,0.013808258186689494,0.170703226083628
-0.03673727476010699,-0.03425948025326684,0.17999979680137562
-0.04058499606992505,0.031124243089841845,0.23489128843843515
-0.03768995309616432,0.04982855714704889,0.09832814586844925
-0.02544041306795047,-0.025246242625319323,0.24212699739745466
-0.03517162618925538,-0.01655447492935799,0.1030953531079345
-0.02200240857268845,0.015009144038986158,0.30270162578396537
-0.024041833335311902,0.03525191567402915,0.20747861342238308
-0.034668092097207524,-0.022324663232294546,0.1764464191570295
-0.018783621362096575,0.010283722089766417,0.23393152126255842
-0.03272774741527404,0.02219185852577338,0.2895804660461815
-0.040534783066746134,-0.0184090588309199,0.21878856001436114
-0.0028777402815622108,0.027802479512029358,0.28193923404871246
-0.03415568359410144,0.02721012450550922,0.17595412709327274
-0.012717717104241572,0.025327612470360163,0.3117037112512101
-0.01953165246504292,-0.0006001696949861353,0.24176227944883877
-0.030900480888303602,0.020081784846730153,0.20133436292206122
-0.04019796328772166,-0.016484678921607977,0.1879398921009331
-0.0428133295420676,0.07203536936605995,0.05420677268281724
-0.028135679714677564,0.03664407796043243,0.07956610820838866
-0.03461619744634352,0.08246998411972312,0.030968837744978744
-0.011192948440623548,0.06020095102441019,0.05438494498349745
-0.05226727554986833,0.11720042758484214,0.041474201266884884
-0.035860451937743586,0.0438518501528065,0.048562914257240464
-0.02051879700957681,0.07865332525147045,0.0676093305103507
-0.023677530038866555,0.020960860704357882,0.0693223285679711
-0.041046833340282175,0.0885446160345181,0.06786531838917487
-0.025146278856171107,0.0993518004001071,0.04089775550425005
-0.034222371135380035,0.019475969657704054,0.07001333699046867
-0.023087980087708744,0.042163765768760866,0.048208337477784205
-0.015105394660433986,-0.00025642954478371225,0.10298744488583685
0.002131435008082604,-0.017879482076874852,0.15689755337105926
0.008163979165523241,0.031589129473298845,0.07471125589567561
0.024865167025622734,-0.0009107260141031976,0.10039199595581447
0.0038129577706550706,0.03947680263881708,0.08967278014790397
-0.01321380861538551,-0.005373371668669399,0.08818345330641979
0.0256955392339333,-0.0044554595240881845,0.12315620688699193
-0.002854198610506568,-0.01884181576060345,0.12063792855152765
0.0008834625588346469,-0.00281262448630079,0.12043121704636743
0.026543229965254524,0.03348078108416105,0.08507160487553764
-0.021863485705287056,-0.025926255888155388,0.12053473947262758
0.0029416665939081404,-0.004222268289626932,0.08559975252495614
0.02803279471846009,0.006432772587166696,0.1612028064488104
0.08686688423479906,-0.017204595680661922,0.23314905696456936
0.10059213550393498,0.02562572389040843,0.2818678104511703
0.08357511843095765,0.005454725835952781,0.16201684668022706
0.07269474942055988,0.018958391361223167,0.22605862870864993
0.04103865899698103,0.03001994379675626,0.19274337984253667
0.10794442961753442,-0.002111473251981322,0.21720754000503595
0.05808034054296985,-0.013666432319201265,0.14343146083665806
0.06833969823462066,-0.015555164971699677,0.20209536428082286
0.1176904116156325,0.0036510367299984366,0.23648393710354573
0.028842006875531002,-0.011630183088566387,0.13941003734846463
0.07295295364157933,0.03501483944215014,0.18720930224414933
0.1629771890303567,-0.048806441742043696,0.3434413116967899
0.16320651628808727,-0.008316494793513122,0.25783393583114467
0.11427168518099574,-0.04433273528149372,0.1996181814497078
0.30205293187357163,-0.07332733327673743,0.33575986496192245
0.21442496245839102,-0.04528145453848442,0.33192529213577215
0.11066298705014012,-0.05589026417032446,0.21934125482647218
0.2732605620449234,-0.07249848874623131,0.33455071351519194
0.23396153967468347,-0.04500008561386665,0.3332050279998896
0.21365283567036647,-0.11521467568971283,0.3481236987287867
0.2825385962540025,-0.06920524330075542,0.34288879973421954
0.16189530789530682,-0.037511690821392364,0.3366442201679419
0.1302395585214295,-0.06990193889664942,0.1918406310663013
0.1561298707237123,0.06282987919789518,0.3266961600748867
0.1736095437530044,0.03726656618078263,0.2815981643366765
0.10637915675308221,0.018508073292251324,0.15589809393202794
0.28099175820978384,0.06310055950140203,0.29422821980054137
0.1673371094945686,0.07767624889873534,0.27453716013270346
0.1263609076723713,0.014920833768200085,0.24916212679167724
0.2810554519645895,0.07327846641620012,0.32909270184986367
0.20589321766287874,0.05448116008501053,0.3056682250616955
0.21435136636457677,0.06077225872286067,0.32957529902088045
0.2005009487750651,0.06287424223715105,0.23450810398309033
0.15501086237101483,0.03873902085351574,0.3120927883810304
0.17343438104007977,0.019842963544221652,0.23066568080493763
0.07463315949263932,0.015903770003518183,0.09493940087650758
0.12769716027146646,-0.07102016022915249,0.0802405502960451
0.2284246474691798,0.09703254776373128,0.14114129497139533
0.08252190435552793,0.015493864930571317,0.018004309404165666
0.11325805472438821,0.04536145587103496,0.08927349020490515
0.10681338728013465,0.06322900224392777,0.10011869983475466
0.10688025448130886,-0.026683451759801025,0.03657917495483109
0.08181623792823532,-0.015992222090815432,0.03603704630109204
0.09641626509230765,-0.031222209150888816,0.07362339297131809
0.12040213667852238,0.04085390016373131,0.04323216234138399
0.07815951338783443,-0.015743761828638875,0.0709573794869184
0.11919232227875647,0.07039425628453096,0.05520283343585211
-0.015862284983485096,0.04113819927806692,0.11797576563922008
0.004392831456799848,0.0039728173095343045,0.11270411228186558
0.006279389843483719,0.05183211161468651,0.1559573033384832
0.02788432754153918,0.037673666681245194,0.1151331847877937
0.007865779424298289,0.05030851751036253,0.15519445666000262
-0.018068526359638893,0.04740017524625952,0.1103938431224381
0.030062025654497726,0.011284328569015583,0.12366427152250165
-0.0006977747312301933,0.029829029041167215,0.09615445741160099
0.0035070322962671148,0.011807509407948351,0.12349392623475344
0.036430221068290344,0.05284078589769401,0.14811316613477454
-0.016096389112845062,0.032011340402550915,0.0951485526604888
-0.0006316907358952751,0.044439130052944364,0.10863014943713942
0.029204244056245866,-0.025604413875847495,0.12058004418541517
0.06411523296308297,-0.0340371683364238,0.11807886205465445
0.047124164225773146,0.0034011983533691766,0.09990164204294384
0.07238328434405476,-0.029085003849888297,0.07881738088201191
0.058584029666926954,-0.036254144647077456,0.12654851623298688
0.017842455741263738,0.008013975075314143,0.09358964461665677
0.11143424378703094,-0.05838561807869114,0.132361158827689
0.04042823892894834,-0.008765981277508795,0.08351391654280053
0.07767976141622929,-0.05529939372379122,0.1636516213011757
0.07695015817709615,-0.03739550440742702,0.10214055928959463
0.02004108224477896,-0.007354735855136421,0.09937899315673993
0.03548997244268227,0.007167475849919609,0.08134581218899421
0.04235338255905296,0.022445817636508898,0.19075282601650775
0.06388569318868466,0.05254388863549002,0.13109758853356238
0.06731377981731095,-0.004275562688784604,0.1393578127916287
0.12970740268138795,0.03219957843196907,0.14521310183530628
0.08727456391588213,0.0032011912395575525,0.20451674133747805
0.025955835592932356,0.005734811809403546,0.14228332082600006
0.13516598449811087,0.05334772838844305,0.19361585913525173
0.053655678916960534,0.03609347515100932,0.11052777697186487
0.09392610001165975,0.047362483290093224,0.21589661757561227
0.1350762566634118,0.007875917624457742,0.1816607410051531
0.02616174100580334,0.034192405226122685,0.12880137613940176
0.059372774818865555,0.009636114357013508,0.12112932310138476
0.06568915871986683,0.038933025225503216,0.08176169618184533
0.07413558006620452,0.00115734343526404,0.050533420414360555
0.12295304195236524,0.06949674341786143,0.0775202657635191
0.0887138067160301,0.049539452976040094,0.029644122298262365
0.099218876843618,0.06346472406964532,0.08419698379788053
0.05833509078949761,0.04649846194310794,0.06795696947989001
0.08399064177390375,0.013001788967870699,0.036839823322958064
0.05981013331905483,0.031142331001393412,0.04143342811625657
0.07742775199993078,0.0117508346180686,0.06653560744737581
0.11650136873201349,0.07401771089813355,0.05217792301024349
0.04881121605327386,0.028749488516579613,0.06266976508410319
0.07279083337420725,0.05368192746310961,0.0452150908534762
0.08493524812589855,-0.03354410038640179,0.06563401143649387
0.09481949662510343,-0.12071491382746931,0.03310177583789957
0.20041823121498145,-0.020554875104036325,0.10884785438978048
0.0905094529018121,-0.09308999140579456,0.005673972484699396
0.09540880594862597,-0.06184450506714926,0.05601532331500802
0.1401389958847409,0.011968743472971572,0.092907878020626
0.11881129226847599,-0.17327271031056557,0.02345620440680845
0.08603551256546062,-0.061005228707821976,0.02187682232283887
0.0977865012612088,-0.13246739053113857,0.040234825672591505
0.09291424983438051,-0.09332987971310988,0.025276263019000433
0.07969393696642021,-0.039877880826395366,0.052752836424676715
0.12529805187715162,-0.0016575790501413376,0.03874435742351478
0.07975546104974239,-0.1230163717811362,0.002629315080520617
0.012311261902248892,-0.10231106919562848,-0.05816679403311853
0.11078394869590913,-0.14783174683084174,-0.0426303786204701
0.11131328120949292,-0.1643791620116863,-0.1114771223082263
0.15901114935733715,-0.14042607207303548,-0.021135216571389365
0.07326186358688554,-0.10087430978208499,-0.014769371457988744
0.0814267544796136,-0.1218160979444232,-0.08721029158542917
0.030008631655033643,-0.10914945381655705,-0.06546518623357084
0.05504827982744333,-0.11105399308130146,-0.016203162286933432
0.20517023302443624,-0.21501285950254004,-0.0756670498715802
0.02908678694658301,-0.10229202565876357,-0.016613175989437772
0.07115859089088739,-0.10643104903266568,-0.05767821084171719
0.36974042724302475,-0.08173737342721481,0.08629664102541533
0.15035239268814574,-0.05583966172702485,-0.04757162066111413
0.14350396593651196,-0.06366885721870909,-0.03354861488011812
0.4262435740295494,-0.12003310157287884,-0.1269086478833647
0.35225558077671876,-0.10085642047408108,0.0025506711427463447
0.21038379191886344,-0.08935147181057604,0.01525859234131684
0.35166634851403694,-0.13401413887671468,-0.12934319005915784
0.347081854005493,-0.08196682594790611,-0.08871027593013013
0.21215776007147533,-0.056478491597399635,-0.0077406329547267845
0.454691449426961,-0.12118776728591879,-0.11139647732630316
0.33087533996921986,-0.05477445928128512,0.021825855807741806
0.25486552631468545,-0.07816511271893857,-0.0707817015516932
0.13041937048802055,-0.17191898398354602,-0.06909284917367935
0.18629082884763074,-0.3058062512552701,-0.05238012990404541
0.4029177851789117,-0.2316517657974312,-0.1401584705101255
0.33958849836466726,-0.33641201268528087,-0.09306721533835646
0.32599721749026644,-0.3163354470258614,-0.1045659211253024
0.287908960515289,-0.17183011729204736,-0.13830266165104155
0.2804811127914489,-0.3814381104142783,-0.11446981190285856
0.21755332010998032,-0.2616565936664128,-0.09439247676156032
0.26002701651111776,-0.33981677855069164,-0.05498095138579132
0.3829900590112424,-0.3110023656765951,-0.1307292879393413
0.10041215045922677,-0.11054206610249032,-0.07573335593614144
0.3733920343082948,-0.2361590859749645,-0.13157462815401866
0.09873485491755812,-0.017759228553351967,0.10790863362302139
0.05940409953245097,-0.0026970712303575873,0.060416406304206687
0.12893574590890924,-0.0510938374701552,0.06760023440697666
0.14970535405074678,-0.010357372551876628,0.04108792846329013
0.1946873458884435,-0.016981078706121942,0.12962051070834205
0.060750787585255726,-0.01882379741447443,0.06795694992462548
0.09117076041304853,0.0013960598237561651,0.0361631542453728
0.06729030544600051,-0.009868569402829928,0.055178736796703466
0.08599412155295962,0.0039967595583669776,0.0713426352212871
0.22688352212043017,-0.00696198310311874,0.08082788989432582
0.049123524050345195,-0.00817240910983356,0.07971018502487047
0.07840935625405666,-0.02413307829507944,0.04730168349217671
0.02069786734297527,-0.01643762944835739,0.025231541377090983
-0.008896332149431606,-0.02472076575742555,-0.0024971899847883853
0.0680302309470915,-0.00477598203824354,-0.004820593236880877
0.023283680759349577,-0.01527691523114956,-0.033757021746415206
0.04898948788581976,-0.034453558832880905,0.001338163881439478
0.03402493962636791,-0.004933734143963477,0.0250196226525857
0.014154887081127956,-0.05199675007216477,-0.028904520404982224
-0.005886037088631038,-0.0039631750004169575,-0.005029416173700416
0.013124283598371176,-0.05102213392624513,0.0017637121390620093
0.049123312822619856,-0.034033231838029025,-0.029929882994350464
-0.007844155761646281,-0.0031076174187696357,0.0250196835342412
0.0354336675588024,-0.006200693402784982,-0.007039382630157019
0.09985101419951217,-0.049667467254616904,0.027871684466343614
0.16711276419792137,-0.056913182142447935,0.0026383613093983664
0.08185642551528216,-0.003479514924376957,0.0024702571126652318
0.09823845334072777,-0.04910408216311477,-0.0288426547327565
0.1052274296939828,-0.057824490237148383,0.0115232863232255
0.06605480818051068,-0.0014926344963350575,0.021173629421948694
0.21776852245643527,-0.06540694074544656,-0.03919155017851506
0.07674766684148417,-0.029267970922879992,-0.0005009690789176245
0.22826027788879463,-0.07157071294635196,0.030312185855382787
0.10190603953969195,-0.05341538366637425,-0.024721507188052844
0.07585370970275716,-0.027643180935230414,0.02140253038908276
0.06750044665294695,-0.002507256758641277,0.0012601028669684273
0.14431696970519456,-0.014084125683167931,-0.054512182504924
0.07312666117500398,-0.0012840856233931799,-0.08177943663688458
0.14436182925071855,-0.05928549080318564,-0.08116511285438086
0.17327017189018357,-0.04121446983818495,-0.13493489586517157
0.24129354024622865,-0.032594247493843674,-0.1146472933282866
0.08398767538798228,-0.033644501635240326,-0.032766960958411584
0.16162551892400823,-0.03104610604177479,-0.12362374652017977
0.06752415281967569,-0.026507613467567758,-0.07356841078879378
0.09715075573210503,-0.0022138797209774355,-0.07022532662179333
0.30350627447802736,-0.0726525550880797,-0.13271144565625972
0.07420828315580108,-0.018579022269649813,-0.04208879652687128
0.07413727559783756,-0.037184354319019355,-0.056164419992842815
0.010128520501700334,-0.015630058709754337,0.32126429199043866
-0.042932478253803814,-0.08770281854728111,0.4053134189090046
0.06999087572703906,-0.07163490781955406,0.36365262844767055
-0.03227575890744072,-0.07364701109814435,0.27969753301068595
0.038834948405175054,-0.06963841266752328,0.3650352561549547
0.032860408715198096,-0.016098639977836764,0.3124205869636231
-0.024877092328315233,-0.18195739909535966,0.3890358734395811
-0.008584800001920781,-0.09681680302586318,0.4199837851881306
-0.02149898030820759,-0.07377691563990924,0.38362861456204816
0.03409316260674757,-0.14829926425459122,0.36051733980012146
-0.004646796634161837,-0.009033747851567443,0.35437212656765615
0.0373430625747467,-0.07401794135097826,0.3879313213807954
-0.10265746157737855,-0.21401097108787817,0.4494294713246821
-0.027846336626391955,-0.0703883121507498,0.14569494518305356
-0.04673294040732354,-0.07631786595959278,0.1321487735647536
-0.055600948450488054,-0.17061011296125528,0.09495100115446112
-0.05010376699865803,-0.16472812053298908,0.19243439881826377
-0.07188149502087218,-0.10165478911409045,0.3444750935035176
-0.03213944275754539,-0.15404999020028018,0.1116182372643418
-0.031632632319085495,-0.06431341478587373,0.1142250982025629
-0.05708845363863386,-0.16472169669280945,0.23344311162013812
-0.060714310695297806,-0.16634267354439944,0.15047782980366617
-0.09732928915656693,-0.1501389624143914,0.4695653551371061
-0.043749370951847236,-0.0641098204919186,0.10883533939281466
0.06095374347579433,0.011252184614828548,0.20653951023456144
0.0018926587375377344,-0.05025807486361818,0.11804784019971575
0.06442954073874155,-0.02140660725203847,0.10542656763266464
0.04634992389532934,-0.09324710188261004,0.07765333798530141
0.05391604753345761,-0.02259612169566096,0.12265947405148878
0.0506973634294006,0.02445011808387795,0.15279237425150408
0.030757071282568348,-0.10606920024783262,0.10614537266054877
0.01729380826260032,-0.04393202863070808,0.10124006725086336
0.024409463376289596,-0.039418727543572,0.12387607989377411
0.06687803777089892,-0.10025666190290267,0.0910487307189738
0.014957568805558352,0.021355132385359486,0.14173758367745282
0.04930485955837211,-0.03303314971432059,0.0936943551044906
-0.04613883317668339,-0.11426526995945777,0.0933196219752506
-0.13638749299196357,-0.19628051118069398,0.09522322312302513
0.0035105107407543933,-0.11633965952887491,0.04805879366093508
-0.07806494092185956,-0.12090958429050576,0.015729969467150027
-0.019960204758617938,-0.12675771194436422,0.08507298412929008
-0.02259874384302375,-0.09096637336873896,0.06686248634429251
-0.09680953483172687,-0.15028296170353136,0.07138607942609973
-0.07987020064691581,-0.14681910446595356,0.03268833051584107
-0.1107493616206402,-0.16366240347157365,0.14530489946098782
-0.010078229204032,-0.13154603906050055,0.04043818544538486
-0.057098217362575115,-0.11129669106830525,0.06538070729573534
-0.030070694076595413,-0.11018276489593673,0.02734719467144092
-0.02762900453400863,0.002034247209195596,0.11589350468824908
-0.03399513777049143,-0.026967808558498212,0.1687038906229626
-0.016097923755536328,-0.03646535593406465,0.13287065092850284
-0.040374750570743856,-0.039498700615053506,0.24683447579231751
-0.01579784683099099,-0.0381852716506751,0.15841612322086934
-0.025189689946035074,0.004259131568808264,0.09770913770466545
-0.014362900650122815,-0.01230309476178743,0.356607623330101
-0.0338345155715471,-0.02324001369647332,0.12132668946052393
-0.02561093558462869,-0.017625418459535854,0.19051094642707084
-0.011666244670695925,-0.03852783263049626,0.28167511712966686
-0.029239180212294585,0.003881319339171753,0.10056011922904907
-0.02811311747153779,-0.02119330906439011,0.11644813659329306
-0.04621666537128296,-0.013293285408716271,0.35497590340147683
-0.08289523309986688,-0.026557283456818338,0.46772025462911754
-0.07683815667379396,-0.004387504904193591,0.34480213529977666
-0.09751570913658117,0.011186718924358297,0.2793403346001718
-0.06234974045622622,-0.04222534706693483,0.4746609571210912
-0.04674132295260636,-0.02028769246502719,0.20100644468862833
-0.0791125012078344,-0.012579662014842154,0.33716480921007796
-0.08142939460823301,-0.014273603676805056,0.3267616084941856
-0.08022824894328623,-0.044972501839036144,0.5154282756777399
-0.05742339649139821,0.012593271453292957,0.19294339718785702
-0.03839597126620693,-0.020044478601177976,0.2154826515854681
-0.08541648069934162,-0.004633178550498475,0.27785349399943826
0.00731353835295193,-0.03718062811882183,0.1637694293586335
-0.028084231055233767,0.002967378134955312,0.1880678716120956
0.04580829259599294,-0.013124778128440148,0.14634055536343896
0.012527239903989846,0.0006962086263530071,0.10018243991720005
0.05015530262453341,-0.00729402952635875,0.2059895312808327
0.003010743125582606,-0.013846802516235178,0.11790657710529921
0.00429170613340158,0.0032015132398611067,0.11631845520441852
-0.020316166147666757,0.00015385670153404856,0.13053136233392396
0.005118462352385973,0.006774288983121336,0.21911762644978808
0.039051616537101194,0.003478315933318252,0.11222905879778579
-0.018531031939336497,-0.01606779294360795,0.13103480389998487
0.008551937030875317,-0.0034697114898272602,0.11324410337433512
-0.048494905718704406,0.015345511080592938,0.12012150290171197
-0.0557255968122955,0.007790414194018171,0.0711317768605102
-0.014820972589396915,-0.010023625263125547,0.059627669811694095
-0.0352285902776714,-0.017319860344265997,0.028633646594704024
-0.020919261933080528,-0.027779454336391014,0.07350840525045185
-0.05096699354334879,0.008947117537477388,0.11268926735617554
-0.04100134845776535,-0.05385057511530873,0.03692529973795854
-0.07989155806801881,0.014971348997100207,0.08341655136236349
-0.040121248642825735,-0.025277132669040213,0.07445308270588251
-0.020262566439679025,-0.05008427268396776,0.03636656437698506
-0.08549698324805503,0.015385840796599775,0.14922965075695316
-0.04618582651255443,0.006065285421087656,0.06433493149376328
-0.06737684599495214,0.0583023954218382,0.20559830343100666
-0.11343914904309242,0.04847171287652266,0.19025662063383003
-0.16355078272564993,0.10804908777920495,0.4372238580792664
-0.11144799603604301,0.05986359424323528,0.3110016951003348
-0.17539264349910744,0.12006895743580087,0.3784937016667208
-0.1219065095377587,0.09535420587782625,0.4343773280883943
-0.13876220021824476,0.05927843590860006,0.24035498441362796
-0.09790765165941578,0.06259844632342426,0.3427942328841554
-0.10181690816702703,0.053517989835926955,0.15724850844705457
-0.24173657011108085,0.07917826759162369,0.42873889213851896
-0.08170455212660045,0.047637750562147536,0.28776445836588316
-0.15095847902761128,0.05546137759214352,0.45335977132578215
-0.10579297713359269,0.037473124327846025,0.06655414835177705
-0.11060117412963268,0.00840982746755099,0.02174319572542504
-0.06470146267351853,0.010272226097665704,0.09583975877360086
-0.09776645262109115,-0.0218485831436213,0.05978644282587553
-0.12004509726351972,0.02198219415713341,0.08166888398133092
-0.05142280575359357,0.0320479881320524,0.08238683728046421
-0.14329126400836714,-0.01251146873591696,0.04365486296764921
-0.07365369444207419,-0.0025023297843797974,0.040498023094115224
-0.14271744343590162,0.022106861324684812,0.043815817787597924
-0.12125675524645556,-0.012487328181774521,0.08192371492212201
-0.07243266031724263,0.028066055710394333,0.0418180065014015
-0.05337068941171055,-0.0035445259950250673,0.07805586138417847
-0.09901636216516943,0.03889943004055021,0.3675839787755179
-0.12153083993172432,0.00156342240697746,0.2845560131723719
-0.03673185183954189,0.008668524670310233,0.3021079871856755
-0.10108319078313285,-0.004818563792295653,0.3715936794642141
-0.0813470328571706,0.02495811755201633,0.34900294773082813
-0.05012085033689515,0.008163275920033849,0.31986319427046106
-0.15586168225100988,-0.0033077717893165402,0.356554913667797
-0.08703731820477846,0.017420849650893497,0.2928661104838605
-0.15392749261035862,0.018240694603413914,0.35396543324302715
-0.08206843049671823,-0.008587831267992794,0.3548705850619074
-0.0997729182545213,0.0004094767681278195,0.3415684190659033
-0.04395969907915165,0.015782168897260404,0.28822609899490237
-0.054994307734559024,-0.04335707482748496,0.1976682964667455
-0.09658803066871872,-0.04177319234117593,0.19343209440299583
-0.18098323740617692,-0.07715135480960816,0.46683049840413
-0.12177613819456466,-0.06428819185476031,0.39828059071960553
-0.258150230151355,-0.07457747599881946,0.4529577257474141
-0.12672389644882834,-0.01683298437599737,0.4139861706768616
-0.10567380090668299,-0.04061863580843787,0.1901791496341929
-0.1138568100586857,-0.05829914675013164,0.44110990215782675
-0.11121894602907174,-0.047439382750301275,0.21702294876196465
-0.24264292906834606,-0.1626459182002866,0.4990181177748772
-0.04220648973274638,-0.049518703487083864,0.19483479280725685
-0.16502160054263987,-0.07312852498977471,0.5296137930217432
-0.03315987398209298,0.02772581349986161,0.37248814008357506
-0.0291064013082346,0.05709072055753345,0.3641352858511843
-0.027152071295125278,0.02727124690268651,0.39023688288194963
-0.025170700017153085,0.04689586419098092,0.3282930972750227
-0.06301411889746743,0.0563174619079426,0.4302403011216323
0.000743837914495453,0.007744604427054817,0.35166371809829816
-0.054705669501663036,0.06057983278845342,0.38781457653492424
0.006394088692525503,0.049481688276465055,0.3323963427284003
-0.05595485762471969,0.04696154272822762,0.38952839091174785
-0.06789056275812666,0.036099784853660465,0.4293845208535332
0.0012767132842192851,0.022528061529277835,0.36216514395252647
0.004183012343754821,0.026116353241777402,0.32453182556032373
-0.009999816895703204,0.08286995380603984,0.16439385271410692
-0.004036153275521975,0.0486066314215384,0.04319301842510941
-0.001173472546497421,0.05043183157752196,0.12387019633504531
-0.004611542417384334,0.004795872121813887,0.06699619087864812
-0.009917426754685665,0.05571110262909366,0.10832095811178886
0.007058288718449283,0.07555890645241428,0.15952569570881403
-0.019957826502461563,0.01258878047524732,0.04569457202372109
0.0015125385711140453,0.04538871118772788,0.06604583800774706
-0.016403522029468296,0.0518215638806465,0.05692113476275192
-0.011514849576061303,0.013424088295642954,0.08140799091027223
0.0034331606548491057,0.08260347940892926,0.1125572289243736
0.003791467249225434,0.0440391423632978,0.09491214463294935
-0.020929507966638422,0.01274529695085893,0.2900956708065808
-0.021528473700239657,0.030532687966843372,0.19414319821000273
-0.028680980094877767,0.03130687037222426,0.15000538269972827
-0.028563057427659196,0.007613606653787889,0.14535870262257544
-0.027430767824919357,0.005023655188750626,0.26538622004388923
-0.022886471189044216,0.03796525103278105,0.15450582246142097
-0.03361912456148564,0.010887560424091605,0.19885020720771654
-0.016820339745351184,0.03397194096853136,0.12437938691067221
-0.04297722049700232,0.0021255804237861877,0.3002487190156616
-0.029140220117326313,0.011112956593498485,0.18109865065269842
-0.01231569930340257,0.03596937581293563,0.18723589337318275
-0.025237333158381954,0.032916382142325194,0.11002474606447878
-0.0096285071876997,0.006426102155419937,0.13799175285973303
-0.01106667773381022,-0.037607641072727384,0.12758592770321767
-0.03056796785487349,-0.018198360417472612,0.20183840781298748
-0.04888108056628621,-0.04204245659937122,0.3348812323697408
-0.031876629940517126,-0.020463161707178348,0.22438716059969804
-0.01037733499711766,0.0082501399126629,0.12028979392009932
-0.050257325612530414,-0.06033042932888103,0.3389146182323525
-0.009608827726996002,-0.023483279080276996,0.12757015829374102
-0.013665325953726553,-0.033820060996793695,0.14782706194616532
-0.07053862188370699,-0.01700159982939685,0.4311337463960395
-0.0027330698375301154,0.006772539329382033,0.10919390091304057
-0.016311991181119246,-0.016731170129921025,0.13846397146929865
-0.10195251561544344,-0.029707081631077416,-0.02789091693823497
-0.33242498094943024,-0.07739549185590618,-0.18821551090589575
-0.1364177663879569,-0.0425250004631244,0.02245091780480653
-0.07750882610328566,-0.05470915156806815,-0.024334581937166443
-0.16350296940186296,-0.043451415700332896,-0.007747047002834966
-0.07460068449927414,-0.03282673836176125,-0.0027458064818961
-0.13502505547169263,-0.045730833847574204,-0.052390203136107504
-0.13417346501364516,-0.04479128867392938,-0.11536732966839684
-0.24421394980031103,-0.05883180656106067,-0.09404285726294884
-0.1255850181144241,-0.05941767063295343,-0.0007187887274731022
-0.07863075219730385,-0.041971241730670544,-0.05848011685208812
-0.09653939982080335,-0.03883518738449203,-0.0070698234463006816
-0.3667637869299605,-0.21366899122283578,-0.22238315761999314
-0.27125093902660397,-0.37797337634854916,-0.11553668697063292
-0.06088260609788354,-0.16148324980195308,-0.06722999631932955
-0.21418230343060735,-0.4567303342778193,-0.08666690578984856
-0.18727090209467476,-0.2440574953528959,-0.1062227513780532
-0.15697568584734087,-0.16386392389565982,-0.19011221911521514
-0.29360596591683785,-0.47518552141040316,-0.1394787814915714
-0.19648432263937277,-0.3989291638972131,-0.15062650494487675
-0.33259598435330096,-0.34395006037177706,-0.12497168309139597
-0.2850839600484862,-0.43920110403569484,-0.08936503031818652
-0.2775648576130779,-0.2575698923106097,-0.2025002524820064
-0.08977719143210226,-0.27489137650610945,-0.10595906830105638
-0.08409853632381968,-0.057668029626757676,0.06032444920875218
-0.04294454177816915,-0.10881510286017795,0.013507428407330343
-0.03999217023640819,-0.07286652753382296,0.07891673211936552
-0.034585340890590004,-0.20639476188823505,0.05318453327192744
-0.08515949117316521,-0.0859603792118255,0.06561949203227806
-0.04495699879879014,-0.036495714688616045,0.11733007293802367
-0.03470435812733301,-0.17222419004160638,0.033134109593293014
-0.027149756038176633,-0.11470390462857878,0.031245687216671432
-0.08942350104986616,-0.09688884875587504,0.03496655166925846
-0.026733337929342245,-0.14918640399627578,0.045380679282300405
-0.04545395841159121,-0.05188434111418206,0.04296054710890919
-0.02721599199239774,-0.08684943057225601,0.06610227960487676
-0.05901359269566543,-0.22844202724300527,-0.014524376564038103
-0.1593852648443469,-0.3735435041841571,-0.03339716014920588
-0.14449156340688507,-0.26466068625101086,0.07571280305454857
-0.13952999306702576,-0.1942021721425781,-0.03931046049565938
-0.1860399304195801,-0.31257962264083905,0.04126124434801921
-0.04971834524208798,-0.20944636104051081,0.007024939303437942
-0.17762997684980533,-0.36980712423877893,-0.08746679225924653
-0.09100005120750917,-0.22126388434498986,-0.04052941681983681
-0.21568983791876262,-0.39278721857096355,-0.037023504763461286
-0.17824772849259327,-0.24930345160379408,0.018563872202600404
-0.06018588646828539,-0.22793726316549284,-0.03445647443987792
-0.09681013732781583,-0.20792752763553787,0.00782322619065029
-0.008883395215008555,0.0010962491766568292,0.008432887712590459
-0.016118717618379876,-0.04740979480671183,-0.030179171428110337
-0.00858922746649395,-0.04929210448278541,0.05002519733948855
-0.05757416517833676,-0.07654651604660129,0.047325378348904254
-0.019298081373349367,-0.032233297442187586,0.014220745746715066
-0.003453806724907098,-0.0045733896690334,0.035253715961264934
-0.06297418742613776,-0.07133280038652051,-0.05790219989547104
-0.016102827073185624,-0.05239022900823208,0.017387846503433196
-0.021435344354852746,-0.03346698691209041,-0.023846783513530073
-0.04620341027911287,-0.0716790347216392,0.045221129875474275
-0.005492652839527627,-0.005183619808938363,0.009900697487329685
-0.012756907827417762,-0.05317169346819214,0.0557559004793176
-0.10096463882787578,-0.07374619468418935,-0.11715095408553354
-0.14177376848832343,-0.10080490522519177,-0.14623657024349845
-0.10254128566522774,-0.06290355865757846,-0.05479847236470606
-0.11997148966293608,-0.08494485844670915,-0.13207231994368654
-0.14022944911952795,-0.09880996570706953,-0.16790405486013557
-0.06522945095124671,-0.06455664100467699,-0.024707393694699452
-0.156667162377281,-0.19600676667771727,-0.1939402906017106
-0.10413341579220621,-0.055480890627326175,-0.08250205088364916
-0.18482275167587314,-0.1343113813718641,-0.18494972765727224
-0.10453617491148912,-0.12011933459091398,-0.1506854726249855
-0.07174584973190457,-0.05824332144338346,-0.07110218041937763
-0.10325219153164031,-0.049316681176038754,-0.026702469692234426
-0.04434907171646278,-0.07642733967468247,0.23113348535148845
-0.09014145113310464,-0.04544648707685054,0.19194559436519756
-0.08723216429581433,-0.045089994747472786,0.4109239854236654
-0.10842683173250081,-0.007398820069224742,0.25897947359701134
-0.07711040991619521,-0.050316497072356844,0.3628663694914495
-0.03834508012210908,-0.052787621056155386,0.2180776307399149
-0.06235726881893476,-0.030375703681749428,0.1400328792189517
-0.0986230929309838,-0.03265444975232663,0.25555710836041895
-0.07177831677739069,-0.04552590640700995,0.21674486954137992
-0.07668262950937736,-0.01764441971889316,0.2769930070022583
-0.04991431921747914,-0.06213821661512461,0.19656165012060067
-0.08809069134959664,-0.030348585331404613,0.3172680251477627
-0.09319198916445229,-0.023794157399740404,0.04124106959303357
-0.0632443942909068,-0.017808269350550486,-0.03517362150247966
-0.067523800922272,0.0005113620713473594,0.056775292003797
-0.04738485694036187,-0.015617777036526177,0.002963869411952552
-0.043090468204203355,-0.06451694208278369,0.014939268890169204
-0.12871308522398037,-0.005608885302163655,0.13371179594594612
-0.04554587703614016,-0.07493711417874861,-0.02373771903343209
-0.10347733568414455,0.0085450520352128,0.01713413477070557
-0.04315484208556573,-0.07280695308505923,-0.026255176779849992
-0.047752286899280814,-0.07110757470474466,0.007843741918929397
-0.1235074583436949,-0.013087487165225509,0.04413958757043704
-0.11063673539123592,0.013920943826981837,0.0731859676635421
-0.08804158971947282,0.013269850014647873,0.029900826280825885
-0.1276933894024781,0.00933605159465402,0.14070398758297883
-0.11523326292908995,-0.004747735149840133,-0.005647403403561673
-0.11854555637109998,-0.023531892105151036,0.10365409217106555
-0.04601078990832767,-0.07287126364326135,-0.009050938159622034
-0.04593662474267517,-0.062348114818677275,0.025979963478266213
-0.04492806677601522,-0.07792445976221521,-0.04284795786327828
-0.04514647644808062,-0.0610118199329196,-0.0036663344145690326
-0.11413901953109722,-0.014165289060095648,0.28788038154081785
-0.05652450926798771,-0.041215519777232944,0.28509576125895225
-0.07906574341743391,-0.05156181888229334,0.20065215479058607
-0.020607922996002757,-0.05498382950359729,0.14131739155814882
-0.05589812804641417,-0.02733453481636973,0.12417730554534077
-0.08864927592668026,-0.03512006169870816,0.41755762474160024
-0.06684461972634849,-0.03410322573592283,0.12356239086187595
-0.060784578750772304,-0.06957825882817674,0.2639259233079385
-0.11295142949794121,-0.043894031781747646,-0.06386037962807127
-0.08547852742858195,-0.0578566505769071,0.013560530866330252
-0.09322842708389296,-0.05650431721857309,-0.09202962133306533
-0.04296279987294379,-0.056339620435364696,-0.04444613468363205
-0.11345655554597837,-0.17120730881967786,-0.16666827684771726
-0.09647769268488797,-0.0772081978366403,-0.11812214631226671
-0.17923062741501178,-0.17289887864647877,-0.1781472623982542
-0.17463149291359212,-0.10112597259043188,-0.1828146417885411
-0.03384417471691086,-0.06750799979915062,0.06187120801985936
-0.00437745999997177,-0.027480806024762938,0.052697948479945966
-0.00945575246248367,-0.02781942914190949,-0.0033318909267469037
-0.003331433959436111,0.01959700197910019,0.02273300278338782
-0.073809153546572,-0.06296162212452049,-0.002444628097110558
-0.020132957887912802,-0.055758481618817475,0.04588893517440443
-0.039432350979375065,-0.05802110011184761,-0.0667505468940199
-0.02318174312570797,-0.010497758193520543,-0.003314023646743704
-0.09398398754768825,-0.1806829192593718,-0.02811296430664418
-0.07803211308634361,-0.22236955466926145,0.030288526260158034
-0.09021230821036634,-0.2813482193348829,-0.03896389282669744
-0.029944766889195444,-0.17235634048106135,-0.019285773179847896
-0.12943745887015012,-0.21669825184056807,-0.058082111777340975
-0.19966372704257573,-0.3018456233325572,0.09709579533061674
-0.19123342946479793,-0.4316997809624097,-0.08192846620053276
-0.16860372517108504,-0.30306186062848983,-0.008423660394180783
-0.029544445213454187,-0.14348909309318744,0.044894107520709464
-0.03079616758998831,-0.04238278702829196,0.11643686753445842
-0.03454598341762759,-0.08276006821427176,0.016877238993302148
-0.07255423309132185,-0.0382712188227873,0.11204338349207012
-0.09096604250618032,-0.2710643683187378,0.10751513772488233
-0.0550180256268687,-0.09595252721415612,0.07019866278424873
-0.05411390316794897,-0.12238980669609353,0.012520511629249128
-0.10963284785941581,-0.07748086815213563,0.05507489825894786
-0.14845587638040234,-0.42012869875546655,-0.10122065850004032
-0.04661821078586126,-0.11832051742351096,-0.07666500217907452
-0.24568897038302617,-0.32243690429570576,-0.1545946889189932
-0.3125138441736289,-0.1780532669331279,-0.24001562182157385
-0.2563577418855274,-0.4630003089440654,-0.12128795185349212
-0.13104059158604783,-0.23868180968180192,-0.06440621348216795
-0.2896838279183695,-0.4294830218930004,-0.1017141356511707
-0.3948980383198844,-0.24188255232866568,-0.17656724023880627
-0.0673703058216693,-0.039019560626440096,-0.03667717419661454
-0.09202997142459073,-0.04148483407190254,0.028447443621856895
-0.19588011213499262,-0.06935362985475847,-0.16509218586444557
-0.07135347186118571,-0.022352527218076103,-0.021495195849672143
-0.09898212129809451,-0.07214458748235628,-0.01697721305483217
-0.16441544811082578,-0.050924292640871824,0.021875688106749554
-0.45570051029398984,-0.09632721553760552,-0.17186752584029175
-0.13408742025272286,-0.03960716016839793,-0.032645261422180515
-0.017793872135042056,-0.027471493558213125,0.16245217836298698
-0.017755343727364578,-0.00472256808068959,0.12454866199623545
-0.003866926572125008,-0.011938876877395725,0.102367190046801
-0.003461825147050096,0.02437101226753346,0.11818189013387854
-0.08400690294317387,-0.04443929240678238,0.48042701249224123
-0.05194780268977634,0.00546229146413633,0.34257044297113654
-0.018328409834642338,-0.05324575544275543,0.16168294935490682
-0.013109236736562864,-0.00986074638316677,0.15270824577341072
-0.022833364750904115,0.021614405505106554,0.11067232905638578
-0.027216431964989365,0.040824629185035856,0.11576448506960693
-0.009953128507499404,0.042540140955532164,0.15405235087380093
-0.012940431796780344,0.025322316425721057,0.21631065889761875
-0.03245971037718649,0.010235683425841144,0.19977696972567083
-0.026281879638019808,0.015699592096554724,0.1905026715624741
-0.035127332501974085,0.01627146908099535,0.22705544075146
-0.03540445911707052,0.007201805563201694,0.33320815178965363
0.0009820487727746244,0.023925803428399738,0.07368375472463505
0.005459182252638638,0.059691816279023015,0.1315255428061363
0.0013847103165177078,0.0669261276720336,0.06373279422845662
0.00451025291584704,0.08544793169548871,0.19622378623107128
-0.015700297675379622,-0.008394093368207154,0.06226770495047724
-0.0062700457908156145,0.037953875415343064,0.11069368748520575
-0.02079086604837056,0.03166996184662902,0.03126165871485781
-0.02112178594834795,0.06955020530127567,0.12121093155128883
0.003939566929172736,0.047650475426025934,0.27870952779980473
0.0018930719850204557,0.010468200016823222,0.32713649331550826
0.0037800087895361718,0.04737613215218773,0.3441645788354363
-0.0038679859457027904,0.003038551836933472,0.34681460986623225
-0.050184165295214606,0.046339967837157624,0.3529674816782827
-0.05918166355936126,0.04690124835075379,0.4228623681925731
-0.05115671998091832,0.05854944769675087,0.3552317579802655
-0.05188368561731518,0.045079917535716545,0.3659742792705976
-0.14007242189980215,-0.07527306361693431,0.5264638507020823
-0.14380851750316537,-0.030095776639832893,0.46840126107905256
-0.060952298229716484,-0.05110766919541641,0.21309270160484167
-0.0332744206018799,-0.03339479182385489,0.18077485896453221
-0.0785572518828088,-0.04499880934809198,0.19699075411852113
-0.214950385181095,-0.12025676671739118,0.45633441722140045
-0.13315472819871874,-0.04502927240298966,0.15319943869449565
-0.08987369914118684,-0.05394704265783953,0.21489207741613287
-0.07467896253351716,0.02289954681995542,0.3420253405444093
-0.02543842315685686,0.005790328859038266,0.2687500586581347
-0.08486354511365225,0.004077262144850739,0.2706738731757717
-0.07812832498267215,0.025841125229378335,0.36187895555241406
-0.12202657938997964,-0.03269434242252192,0.38428764866147935
-0.049359046266205464,0.007204354304433721,0.32605900451873515
-0.15634035625245787,0.000562518880490602,0.2949797962970718
-0.11768028568147096,0.04991840345850199,0.3714477514596624
-0.06273100279617047,-0.018458479972716334,0.05887610891782399
-0.03736633673256994,0.017098156450994613,0.09744121387227611
-0.07754678866631715,0.012908397305952286,0.022096803006996624
-0.07013469533676064,0.04185281880843632,0.07198899913015643
-0.13733269820241248,-0.027745166386054884,0.06280408674702795
-0.09896975658051661,0.004854754279733089,0.0966647397753928
-0.14433499654384022,0.004655627334930236,0.023818449660355224
-0.14216998554450724,0.037501445399372564,0.06608590219275536
-0.09299742883729736,0.056260668716873734,0.34287941940374056
-0.12822641559453324,0.08847451285149625,0.44086338270226705
-0.09065481904660977,0.04936820796456893,0.25199406437688293
-0.06561554101561762,0.0579671799979392,0.2683686473266727
-0.1298109484122004,0.06222597539218536,0.2717650371961642
-0.1981070606244983,0.12643990084818024,0.42831181897980625
-0.13905126015071448,0.05323074845561094,0.1485127472604997
-0.07456092516207155,0.062397578224298575,0.15844689462412062
-0.059683866270617225,0.009045367656933805,0.05046042665841734
-0.0318502485499118,0.004151084681163423,0.08015202135437097
-0.10075430667348274,0.0181924848884058,0.13928281600878695
-0.06892536074706065,0.01020576837895669,0.15695478333666701
-0.03244242164814754,-0.059662785326317865,0.02016891551504178
-0.006748946357934866,-0.03918916418158954,0.05287263530805791
-0.0449733858242241,-0.04097106552563055,0.054303744389739596
-0.03386184705670556,-0.008583319034133447,0.09611212952071205
-0.002845619288405845,0.001205909641485389,0.108635540616347
0.016070776546629625,-0.010072285945009772,0.11086501447303107
-0.03368345871349947,-0.007697234372263557,0.14541952958558294
-0.00768338018955473,-0.016593796335045336,0.11758555581273715
0.021556912990754257,-0.011400138446316275,0.08771988494405505
0.06510551304822416,0.004775408295046782,0.15601027819312657
-0.015568575047308316,0.02057204387881333,0.15874247170355557
0.030599933155514195,-0.034706700146942694,0.23658121659837253
-0.10553121499910542,2.4117203626654363e-05,0.30031520072534035
-0.06530121581036494,-0.012297647999603988,0.22589023841372394
-0.05225092229831581,-0.021975260969184656,0.2827448921743317
-0.032769282124289145,-0.021276949047599615,0.15808883021954115
-0.05196170284552627,-0.0008335888255642423,0.13839841067816253
-0.06319077085095097,0.008496420798758965,0.2810328414591134
-0.09623007968930113,-0.0457610242300783,0.5053556770571405
-0.05359558709479366,-0.02016283347104476,0.47456674305358715
-0.03739000199677053,-0.02697681768641111,0.13542199228406934
-0.021314428824139225,-0.007895685376762685,0.10393701574752826
-0.03067286976153287,-0.01014436471859115,0.11074293638750965
-0.027682683116871692,0.019220569601034368,0.09532427966079562
-0.026177629977746707,-0.02334702723045141,0.36480955727607134
-0.004817691981253859,-0.05454240230135282,0.18715401666804482
-0.021978190110889126,0.004704652669909113,0.2966822528730904
-0.023614799573392697,-0.013014638823840912,0.14368718978006154
-0.06108475724085431,-0.12777676173349728,0.011423590554982254
-0.002043556327239583,-0.0962875699910814,0.045068989278708546
-0.07809187387924045,-0.15383005155607302,0.04807278994138791
-0.036294570988822085,-0.08055455156508334,0.08752342750773172
-0.0340473856929097,-0.12090105573597429,0.019514143605044408
0.017816053478508842,-0.134789128260602,0.059134821070230575
-0.17217033035434828,-0.22880882738577,0.17458547794974552
-0.05762914779090015,-0.1270598487379331,0.11422360452168051
0.03602098661868607,-0.062303941359283965,0.07812647704729055
0.06188794783767635,0.005120880664938275,0.11433027910291364
-0.0012307783774450879,-0.016378102035936034,0.12112775943534485
0.06771412114533894,0.013843495120134027,0.2633458468572779
0.06081787360048612,-0.12103880819038224,0.0809135190162028
0.06996023020619385,-0.057610903871218054,0.10238806509036887
0.004235697947728229,-0.0847782877882837,0.11954468237010188
0.05394533392329146,-0.008350660684011194,0.1640759932906582
-0.0439553360219584,-0.10532202010885812,0.08262261500130982
-0.040261253553379915,-0.026253321101833062,0.13147536269138466
-0.04650848798792148,-0.057147161904121405,0.23993843808524945
-0.0875223148850637,-0.15064165979977923,0.4818101490936044
-0.0945542125149032,-0.23801547281989016,0.1892577703719744
-0.04786948454508074,-0.11403602115073723,0.130704536387753
-0.021221019681761683,-0.09540110309667396,0.11766224035958806
-0.11227408453898108,-0.2531113741643003,0.39168558452884594
-0.0249873754543902,-0.0624823656254564,0.35841622559205144
0.06087849262139393,-0.03745013883900583,0.3434959087436954
-0.02964165583260021,-0.04574757850310868,0.4032386313951634
0.00567091993695696,-0.0007185627308298245,0.26188956276500747
-0.030538951712711225,-0.09388792488176577,0.21239384810764977
0.0704064491589974,-0.1041213892396147,0.36859755398856453
-0.05476136025543254,-0.12095984093481009,0.4029090747674329
0.006507535488441625,-0.039650984662845355,0.349714971970152
0.07065345754100003,-0.03775589128943524,-0.07500651425414945
0.0741276378048756,-0.03428321630865939,-0.03854847780802037
0.053205924836440315,-0.014299013355097841,-0.06070875442334192
0.0886703043474635,-0.02492849760875953,-0.022109501152236588
0.29026557982932066,-0.09003260750038995,-0.145569419306333
0.2873983226907852,-0.05790826976467758,-0.11435598497049795
0.07159796007806746,-0.012019768737132055,-0.0744699475389007
0.14006223846932642,0.0026471355825003645,-0.06584074584264449
0.06998020796560454,-0.017045754066563452,-0.010217226703706275
0.06601640100736846,0.014716743031833662,0.011745373799430773
0.08529110177453839,-0.03344252918137894,0.01062746944445243
0.06740295322146955,-0.014237087904163483,0.030983806066072154
0.14563534262911307,-0.06661199917927954,-0.053643802801594434
0.08592356627550919,-0.023806006598644867,-0.005515660236928567
0.25884084248527406,-0.039611357329813565,-0.009902312766853483
0.1476686958192738,-0.07980148030269366,0.037542675545118545
0.012951399705629122,-0.005172972106627363,-0.022375234789580756
0.0591205929776886,-0.007654662185597289,0.009548975033511204
-0.02390303263680898,-0.0014376818360873332,0.011313919236129113
0.009341186262894026,-0.0032850171141369125,0.03994428753427108
0.03085752560673799,-0.04259186120877887,-0.04345569573693622
0.06733944539054017,-0.020626106451472663,-0.014379922700789576
-0.003173461815929381,-0.05746361919691311,-0.013288362750583588
0.02922544009760666,-0.042050879915212974,0.016977682923885507
0.08604460685405171,-0.01897111333273336,0.03943305406708306
0.0668387480994781,-0.022539658133843322,0.053770063665366664
0.0415575506527299,-0.004226119189130372,0.07027809673682152
0.04880530078697091,-0.013204043085234046,0.0832980679604304
0.14128936030954012,0.012173206192279415,0.029321968353620616
0.23185241917269797,-0.05015619971226043,0.12134952070223573
0.06172233659424807,-0.012553808061772939,0.04818784161400086
0.12780471471393,0.0028704402348137753,0.11774345118791146
0.3468487514177524,-0.283682028595421,-0.11150370505578251
0.3873337275051029,-0.17837807679874668,-0.13675128273355888
0.10445478416031272,-0.15818665586515848,-0.07808995253143029
0.10101306452692492,-0.07153266505898018,-0.06753784014939487
0.3289303997060761,-0.3592096079093337,-0.11536666958009338
0.41379012566303724,-0.2599709708904238,-0.14348034468741955
0.244679829345814,-0.3698540123055192,-0.09252804946609518
0.2234498106535713,-0.2903137374425919,-0.04069789557849822
0.37056539786741705,-0.08875966838352724,-0.1050929986576143
0.10680912661453898,-0.05302559470237508,-0.02222332402803007
0.22681006250098296,-0.036250060320382645,-0.04403516753542999
0.32646513087828216,-0.0858673740056026,0.0869326548326447
0.47255601120506496,-0.14915982066402897,-0.1378514930542964
0.20682462550708322,-0.07275241432688956,-0.04210743210811352
0.11345379700918833,-0.08543311785484459,-0.03976746898332538
0.38943805722741187,-0.07596112642077968,0.07819881669676124
0.05389768773156557,-0.1184463141504024,-0.08157765877910532
0.08169648313891857,-0.09497909060628747,-0.032915481325032546
0.000842814941225189,-0.106205685851094,-0.04136477811882815
0.052336850574561215,-0.10020022618338868,0.00391811914925249
0.19515553288692922,-0.26620804960787564,-0.11663848370392824
0.18167813264472005,-0.19129209046883522,-0.0380083833559735
0.025214115541054676,-0.10199830499314495,-0.038731302031602466
0.10164654036912218,-0.1219588921998736,0.007648999310093368
0.09018766061559615,-0.037513329074648244,0.00861563845412345
0.2818751217986962,-0.01587465828293181,0.16084469004556456
0.07470352241002312,-0.07293646695134856,0.036903747367281844
0.08991587806767823,0.001162690509211745,0.07299451582332671
0.09374966828627176,-0.14709885324390287,0.007424470478209449
0.13735597537403715,-0.05413146576399496,0.06603432985476276
0.13135314798891726,-0.16488076172551072,0.03626348383649124
0.08852777822571493,-0.07710832726085501,0.06158132012254008
0.06862289724457732,0.045962265564703474,0.032583574593834756
0.07917386708757027,0.05266139910585868,0.06305101272771238
0.0540941772840016,0.017192847916985162,0.05122740979810786
0.04442011043805299,0.03742747972329673,0.0748538385924337
0.09219829680562233,0.04743694020401612,0.026931933970986026
0.15884689011315734,0.08165268888272975,0.10005831447936947
0.08432814708045248,-0.018896236611207453,0.050155039582390364
0.07635438638954838,0.0376404726224216,0.08680477233080929
0.07592163272458628,0.026170157768763913,0.10838319465606251
0.038253195287105156,-0.003410519131651411,0.12388220587692556
0.03473753035781283,0.04165979015884747,0.10726003839261544
0.012354837921317766,0.020117077139741587,0.14882755508019682
0.1802921898609086,0.035243307655868694,0.19630369753618085
0.08742559272714263,-0.0060217767993651404,0.15003481717762812
0.0913471418300744,0.06083977384297021,0.1623602388284976
0.07580343126863028,0.02343897363640723,0.24036945505763763
0.04602383422688675,-0.003075017232170413,0.0723687645243845
0.02595224047634517,0.017634868959544588,0.08785820607684275
0.032233832998041265,-0.011735504045214609,0.09473940363781073
0.009027738000212577,-0.0008459992992885994,0.09955699489965965
0.10164589139156142,-0.05756752223736092,0.09548982790877635
0.06269412881796758,-0.014245249031162257,0.11032236586488627
0.1100145186353413,-0.04552631744242805,0.17019761495735694
0.052500079822599126,-0.05254511660010859,0.15050253601939817
0.008541436689612302,0.03766341167904026,0.0991125628803646
-0.010822406749583834,0.04479513136221192,0.12594812101582722
-0.00874519238272648,0.019587251997879317,0.0951696484847685
-0.02274673032867945,0.04303820094078348,0.10000274629457942
0.043937366719726034,0.035330187406369624,0.1272823646224734
0.02831911744755074,0.05345218511448777,0.1935275111975878
0.016943302202920906,-0.01458248544919349,0.1268729355130322
-0.007125000452613559,0.034510998543473705,0.13357597288097642
0.08125606765638632,0.027563110843667925,0.020464608957238128
0.2143375202215987,0.09445434695322925,0.1425030996197352
0.10251507958806244,-0.058830767601096234,0.06549442067631124
0.0769399801611747,0.02475057362889223,0.09444076720842731
0.10208820644056799,0.005781762500785891,0.018690345425005275
0.24054776816878365,0.09144329279373568,0.12772421166307102
0.17460151854518577,-0.07496121132727727,0.09441312896435305
0.0817697966747028,0.007157566051034063,0.09245926053300686
0.2525208495236756,0.04881802875027086,0.2823260459041948
0.10297162140983782,0.0030710738415272933,0.15625276647661338
0.13996653494563815,0.051940530012781976,0.24788965299548435
0.13061088519458494,0.036430294425722355,0.31046556844758777
0.3142129319213144,0.08239480147285756,0.28999226606438383
0.11166991921105147,0.04161192619333074,0.153939905883658
0.21278399479242835,0.03226976862447178,0.29132861702391066
0.17809590777623324,0.09135584117124951,0.3308366319123323
0.23115545961972445,-0.07374189796936992,0.27104170818852336
0.08850569668814286,-0.04853353252902788,0.14718457045319627
0.17890759938126993,-0.008654530047404232,0.28899637138062334
0.12278791186003837,-0.04016360122649383,0.29610623717722306
0.357505230860016,-0.0891199578019923,0.34258056693982536
0.19020385237567566,-0.029381206568734275,0.2759115541151884
0.13499672240998548,-0.020996087247901134,0.20082565506421374
0.18587833659965686,-0.08848302814571668,0.3465158867746103
0.06966703972612599,0.018866630930377517,0.14785349538727638
0.07815579126424557,0.031082540298426206,0.2581029540795463
0.051889559609802245,-0.036376184730151515,0.16902185932217267
0.014846466039129752,0.014005658930842619,0.15105196215318675
0.1097598136148834,-0.002598613473078518,0.1886354940685556
0.11292226148425953,0.03167994113136541,0.29430179469062795
0.11195418910178188,-0.01837482106341167,0.28790261768682995
0.03674768949870078,0.002395330701281836,0.1692594503661687
0.009085078153863087,-0.012461452564299652,0.10015382425916042
-0.0022577451238384523,0.007748037205884914,0.07580551743711111
-0.01524385872559443,-0.01960674938309815,0.1454436141079162
-0.02433491815189505,-0.02055925377088186,0.10224968903521062
0.03632925708855862,0.010831281995894419,0.09954075693702981
0.017068506301045703,0.054232663591682294,0.07457999899528886
0.016539961889665198,-0.01448885432178128,0.159621837542348
-0.008730941188803383,0.019810497305706203,0.10370235429450787
-0.015385211339750618,0.03206568320857305,0.05802291792361769
-0.03062207427276885,0.05040203148952599,0.03780513784241285
-0.030309874605257744,0.005411089489285101,0.08013716624626752
-0.03817608907518923,0.03254931482940341,0.05923238780115726
-0.00822180841842961,0.0859284162237583,0.05310187320718555
-0.04304336629724669,0.11257289528587064,0.027620702338966265
-0.029011868034016657,0.06578308057484965,0.08096441408609933
-0.053572437845511515,0.11353268829607281,0.054006327192969175
-0.03325660483877924,0.00942564215569629,0.1841966207051714
-0.041546675570765426,-0.03282398860460538,0.16708463396735293
-0.03131344856710576,0.0395180387718548,0.15312824144579426
-0.025896791933190947,0.0008050056474996447,0.24009439382977588
0.0011502316006546823,0.017202342554237027,0.276718410507999
-0.029235724905032952,-0.00809090807835363,0.17613665452993413
-0.01135933090011859,0.026098271169694928,0.2584285987238269
-0.023016799518624727,0.0384597868466698,0.3394673776232288
-0.036535306317205904,-0.02940969932220301,0.11886696984374352
-0.03495268817412575,-0.0011839631288441087,0.08995857269240005
-0.024958939654813665,-0.020662339701314664,0.2615162252101359
-0.025289993397507867,-0.02262158224428168,0.20989406596497306
-0.03459132634280061,0.023895512555775874,0.11382571052384244
-0.04067433101397781,0.07783193317736184,0.0822947845869174
-0.04600328675959506,0.04316309735021219,0.3116507855248555
-0.030830645904206724,0.034834463330605706,0.16602355488203296
0.05376034371470615,0.04184920537005534,0.0994807953257224
0.037035604977649135,0.09950876953474154,0.07921872523634577
0.034428550597171294,0.0029416432763010856,0.15332606577408237
0.0008108512896924458,0.06314869376728287,0.11051089901164125
0.06958418071329658,0.0833650830505392,0.10418536539935001
0.06684120579801969,0.14058572734330976,0.09972557967919923
0.04870781374935294,0.042461421231120754,0.15021641770459218
0.012195378778679584,0.10794909881160922,0.1279961566686276
0.0015934111846663767,0.1242161506195784,0.062330380101156116
-0.06321509919749169,0.13306507474764473,0.03223445716257186
-0.03516529774328604,0.11732407238434725,0.09668991883717418
-0.09571797437471807,0.1804534800835898,0.08943812381040342
0.02586208945559253,0.14857504579434627,0.07656313641274409
-0.0198118322042332,0.13637074789020454,0.02806681001628019
-0.032782243833506274,0.15246476722678193,0.1413486487374913
-0.10562544077824447,0.22352558672642386,0.13502513128069354
0.03868846209887351,0.05223038230149484,0.31651864430806836
-0.023930415508742,0.03070813904476393,0.16860298287131684
0.005240922388442938,0.029173982866329322,0.3128755595787543
-0.038448268467167715,0.0877220616863745,0.36737308342269875
0.05737978636394264,0.09343557977001292,0.33274573920211853
-0.016799601557132206,0.08495202178956023,0.17023663810139966
0.0023845941882690972,0.051765979116647404,0.3385594275037046
-0.056636569479243996,0.12220980557411666,0.3755949466891793
-0.040132386153495465,0.08203695106861465,0.12492692721569267
-0.05710979039373578,0.1569989293960108,0.10187692616700308
-0.06391919448131354,0.11409121880830829,0.3107336829859313
-0.033425358203000834,0.08454930827678983,0.13708256437727467
-0.046614656286829925,0.1404608614228704,0.1600788164976054
-0.09614238003705818,0.22337212100204257,0.17392243389314035
-0.08678810526940658,0.17063338024231084,0.29135881886649545
-0.04765471671226401,0.1227504983326192,0.1321939624487838
0.10324623999075984,0.06223718197264878,0.01771871999792847
0.13813997529581135,0.030827508743468814,-0.014848277344768545
0.1332245862032481,0.02888634218401138,0.05720023739687564
0.10021151186282595,-0.008085423533018186,0.0185247659374775
0.1838669369030929,0.08335467495404739,-0.0018328503922426102
0.2708502881916813,0.05469739185033271,-0.07372658821767357
0.27091015970068594,0.04375158176125177,0.08404617009326903
0.12143734503593914,0.0005556632269473078,-0.0066471573298267144
0.10202968847299501,-0.0028600878183472653,-0.048616193644944156
0.05640953458370771,-0.005112477543698224,-0.05809434049202057
0.05599558784126012,0.004428933694074112,-0.009236222080517534
0.02967262202012057,0.020790591135692153,-0.028411417464215768
0.20661979849838955,0.05445296607401552,-0.11186649591284868
0.12131423861308958,0.0670142370776872,-0.09347328300104717
0.0727747468067723,0.03749280134653129,-0.03601107973902689
0.052877241984431514,0.07086565238264203,-0.060891584853936066
0.08678490830152885,-0.003995185139568981,0.0737562237642366
0.05319065465108681,0.002894019785544459,0.036118088360744226
0.03746119752231027,-0.006145135807027512,0.07899218289283988
0.022795326541472895,0.015915124857207773,0.05448461666303518
0.13521413673952584,-0.002182170875383426,0.07500679093562551
0.0745348669077928,0.036902114856138854,0.02183563538141481
0.06442617735006435,0.015751600198167976,0.07237676041176562
0.048129263835284715,0.060871038117458566,0.04615637245990159
0.03278229625321058,0.027228093044060323,0.013861414265184693
0.010085143201029094,0.04135471710929973,-0.007369862597866053
0.007381488886273778,0.038096310327148185,0.0356415317407376
-0.0122699055709717,0.05132617718106654,0.01529551706183778
0.05764282053685634,0.07274672809099157,-0.00653410266844807
0.02836352236723653,0.08716419978337334,-0.03975275557273207
0.027502491616197677,0.08565715320209787,0.023569678046154396
-0.007695043709960514,0.09623000784146449,-0.005826800905870557
0.23800016707557792,0.08961495564713266,-0.030787545511935435
0.3726168920323147,0.11701217015450026,-0.11957666070765371
0.32151713433780477,0.061167797158399276,0.08125037333392422
0.101906259488424,0.044750146104914984,-0.025032655237389057
0.2753483993212873,0.09129787344083862,-0.04954067850979514
0.46392814870625054,0.1636635298560867,-0.14020845519891603
0.34228159023976534,0.07439553175223562,0.06455586564880855
0.09842600376945704,0.09374706461717532,-0.031152703010231094
0.35111235799301144,0.2512905788776061,-0.14205485416662236
0.28416446107738264,0.3597527654660904,-0.0913142668340147
0.08895275321316759,0.11324545173275344,-0.06133962385907974
0.1257907383334218,0.21767858858639363,-0.07466863222873257
0.3981139239195536,0.2753046334290697,-0.14074751886654494
0.3329730511529096,0.38185791015935044,-0.13946499126465225
0.24971690572456137,0.30707052281840586,-0.029163359112023363
0.2351448999558361,0.37188994797037245,-0.09892459011864564
0.12986999092636636,0.027358153259660647,0.0680757778294185
0.08890457818622556,0.0956141933588743,0.014005766084233564
0.07780929583866615,0.052490729015668515,0.06823533392520748
0.08053474307629474,0.11655692281485427,0.04329131714063207
0.12672449687296547,0.0789343225366966,0.06118154068436139
0.10706386259073625,0.16455449292558172,0.015052537894780492
0.09145439782111257,0.10330541185840213,0.0682884665160032
0.1463902518907556,0.18036226747833364,0.06056161756338105
0.09411323691800282,0.1283055834737865,-0.029001782525184556
0.07316786850976985,0.13292685865620418,-0.09630315834449733
0.06356253639304056,0.1218111111018573,0.01902709238542114
0.005671672320182287,0.10361327486218495,-0.03378756584365389
0.19675115330885432,0.2061643257817182,-0.034866537841237104
0.1923884994519988,0.28427655450410844,-0.12419046895230047
0.09449409379379624,0.13225925696315513,0.021360134943205936
0.024786579954573493,0.10769111106468905,-0.02290437147931567
0.058232193410357784,-0.03878774488337843,-0.07262878477120507
0.042774055464774044,-0.01919791043439538,-0.06849694613017894
0.06158117127180449,-0.015290236367989707,-0.05124772589854154
0.0556887232345427,0.014461504828218794,-0.06227443095958543
0.3100468837520535,-0.07931095669530296,-0.10514338154040526
0.2489664315501329,-0.04796761856690989,-0.06455911270775228
0.27648350168901864,-0.03281682522017039,-0.09024072839184409
0.2524883928819025,0.0014517574786738368,-0.059915509047119696
0.027691323132585148,0.01868810568409452,-0.06294569861929734
0.020072423600086375,0.06635709530603676,-0.06926812397435722
0.061969448587175444,0.05053581603318656,-0.07324449728107042
0.08626542347292583,0.08219837775429319,-0.09124098734820531
0.09438140534922614,-0.008992443863840602,-0.012922497522595635
0.031325624989835966,0.04182799789268231,-0.02517494126387235
0.22536744334259323,0.04205670817795982,-0.040019453758085355
0.17033328880598955,0.09316212422928892,-0.0422425086142305
0.06478214970961808,0.014774442554575657,-0.031692743394322084
0.0691496895804455,0.045126840370101916,-0.05669543570678814
0.07332545646791146,0.045584702163705845,-0.009314173800731223
0.09526565186940786,0.05870540560534277,-0.043427602747419136
0.10710514693343975,-0.016219659452757777,-0.06892547214757856
0.23690310438456127,0.029280590376328148,-0.07244282619339819
0.09243288155795165,0.041680684997800505,-0.040468505090189
0.2579280704325423,0.0643213054150958,-0.09167006774256843
0.10618053765412219,0.06299122252624126,-0.09190658611242693
0.13663125805254053,0.06920618901214859,-0.12023741289985831
0.13066263048282917,0.041723046595023856,-0.09234543919795511
0.11472269337989169,0.021393425103935552,-0.11393328461632568
0.31423337573932597,0.07838979937242732,-0.07856953802411927
0.2584419942291962,0.1358835366426063,-0.06950796041529037
0.33570157760993335,0.11598919021292159,-0.10937359354272329
0.30757924623645,0.18335638152849804,-0.12238387168540552
0.38204920749599236,-0.17405962666824779,-0.08314640007117541
0.27918647004792685,-0.08692840601245548,-0.02275850550156448
0.40404935260413655,-0.10714674729021623,-0.11184069741347355
0.36833283023110513,-0.04853134440824588,-0.06574048011400305
0.29099751683909325,-0.14514191652656216,-0.06223650504909802
0.08462182885939122,-0.03778030138823411,-0.07440712531683788
0.48401975462412855,-0.1689904980132236,-0.17026222849601622
0.16202019240551616,-0.05262341866273825,-0.05121411264062286
0.00728711931375303,-0.0036683521276410992,-0.004301618002876983
0.0010915701293943347,0.007454007464280273,-0.15723210026357154
0.06638314209723783,0.013139676773034748,0.020891561624488297
0.012588103284520523,0.006675884572124188,-0.004738951967706404
0.045412177504489906,-0.020089826809881913,-0.09533485622057826
0.03272103543715199,0.00366268083003949,-0.2583400659676817
0.07577723463029663,0.0018600731081706919,-0.078241844312157
0.04683837732335511,0.022432514671637448,-0.0922461598468253
0.3689271065267898,-0.03616548890070039,-0.10687762542513427
0.39635549602709913,0.0275759147137343,-0.09706374155235935
0.13240660763895512,0.024614468343158846,-0.06821813375044365
0.39773077437777377,0.08697242621787302,-0.11532766738049434
0.4712171238680956,-0.08264945216335244,-0.15020269715204645
0.42914354394729354,0.021885858846103768,-0.09337245676224899
0.25504959166191943,0.010604094625131236,-0.10110602399730921
0.46736631380777915,0.0993028399695664,-0.1511500289217757
0.39608717346308087,0.10404112198345988,-0.08458859562265526
0.3292773628965232,0.12477222754991217,-0.02138308968962497
0.3973603122928362,0.16775354127118372,-0.11751252815566819
0.3713469640021453,0.2551218702555401,-0.07090740092342829
0.2214703269905302,0.07566827422142551,-0.06678997891842063
0.07491435914010663,0.037669169525159835,-0.06717181568093536
0.4767027216967476,0.18420265795766458,-0.1736300099457329
0.2640828622627792,0.15758164777673905,-0.037187037243803345
-0.008559675820785614,0.09632619314631913,-0.07715954891078015
-0.05607373151602531,0.12498802129808247,-0.0886256581705786
0.037267987035359613,0.10185948422259397,-0.10603640880483896
-0.03722351698486268,0.11634158869695718,-0.13224975173539108
-0.011584986737444599,0.09552063040860624,-0.06391607942166194
-0.0761474202341784,0.1618352353476175,-0.05461816508468739
0.06730812068558528,0.13176740850695212,-0.03531118441301882
-0.036096717064327495,0.2445744719015306,-0.049798859787606696
-0.09515801110690593,0.1494886433285122,-0.11451254852670711
-0.10019442678927308,0.12639515326326892,-0.12944094725766844
-0.06569966040307672,0.07764945847587904,-0.11153874645100316
-0.04506253166083886,0.04105856347904257,-0.056369816629594095
-0.1266941471656934,0.26052424147068326,-0.07919318811299628
-0.15203274287323362,0.3337666968372026,-0.13228602762613242
-0.09084439502178067,0.3694284611393452,-0.1054359036836493
-0.08040913022593962,0.32471607920511086,-0.08640876598979738
0.06831413325924766,0.05771507428859211,-0.13472126860803352
-0.010062907038845314,0.014764217078553151,-0.08057498554723831
0.04009172543495515,-0.0013259156249013433,-0.08060746034457382
0.008171491593755681,0.019597178970079916,-0.04762921485628576
0.16432837247993934,0.19022397938525681,-0.06711632522823505
0.023951080032455444,0.2423252055987787,-0.08871312786074627
0.16981731367385985,0.1710082348382763,-0.11387329293588909
0.030967274137223333,0.0991241719741013,-0.07388279003590403
-0.02608175309153081,0.02953368593852373,-0.050480614277060756
-0.036402799292933156,0.048171985080805,-0.028115187510786153
-0.010809075801500638,0.04245618898408112,-0.029927528067426983
-0.028781633040919963,0.05552334513068904,-0.00681393862905358
-0.026101718098420178,0.18114491034524136,-0.07732715249754367
-0.04982801903693514,0.14987157147965455,-0.07064070134016197
-0.004770915988738482,0.10990991349065624,-0.07425419023057989
-0.03998648191855708,0.11465916399601327,-0.04550255958808719
-0.016980972485369252,0.003337585618086842,-0.16914195362575093
-0.05329096855668136,0.026089527400254636,-0.030504511401564138
0.009161592567825585,-0.0005829888621724863,-0.011118384125393036
-0.012884673448647428,0.0548449918935491,0.01023254034263355
-0.06937241055377497,0.09237827442861735,-0.36509617001965894
-0.03008663373214878,0.032358545772074775,-0.1264064879172194
0.018455067644997485,0.04409915878902198,-0.10341777984027932
-0.003045321876430263,0.07737541856519314,-0.09147175371489276
-0.1574788045715011,0.27438079516295255,0.02586151447461688
-0.2033713000533075,0.41394497373068095,-0.07734273329766124
-0.09823156002245194,0.4784901823404322,-0.05572720310350635
-0.13616242048564145,0.4551971317638724,-0.09776385895659374
-0.03776624029546607,0.07337213186139858,-0.08067865441402185
-0.1237928851547557,0.30032778582740716,-0.05969347541732789
-0.028221917239762695,0.11334415048899077,-0.016992500401824068
-0.1732700141100616,0.4970017680178594,-0.19672880907237134
0.06398868874180216,0.05586412435435531,0.018667957758139925
0.03242931858015696,0.22966426141188684,0.007399538689860226
0.23965287159947354,0.35365033257035094,-0.024735384564647512
0.13993974024578903,0.3609925218784066,-0.05706866075761249
0.047347591746887754,0.0703427677454867,-0.07904907079036119
0.019329830144963773,0.09919313374963654,-0.032242246113988966
0.06280520163332864,0.10052469035522413,-0.006746569626773706
0.18994878179154856,0.42450302563932185,-0.15978340171818164
0.020267731187099198,0.44861246408017347,-0.0924163091687774
-0.0712989183432285,0.3887894720523704,-0.07928927802384951
0.06993144472499152,0.27544198189504254,-0.11012672385486369
-0.048681005936402594,0.1712515849017813,-0.11960722917423712
-0.010967002297040588,0.4849249074375253,-0.1615559323439343
-0.08953510025335323,0.4664314315165867,-0.15280246280909965
0.09664276465215449,0.43226261413418515,-0.16522199845009977
-0.03860222207813422,0.3205687475331168,-0.17360975671790538
-0.07985183000931037,0.08130665411171802,-0.09860043928299092
-0.06672295940042487,0.0645145953367067,-0.05234933794804476
-0.040194228192642165,0.04230215222432773,-0.02824165519565141
-0.04236139346809585,0.03554387161887424,0.008626730654007514
-0.1451441006938525,0.2968277597783419,-0.18309525849302655
-0.13011683223642334,0.13955167479637465,-0.18952083861663588
-0.04984688012437631,0.1882907091687985,-0.06947511136172381
-0.02726840592889307,0.09742122154120525,-0.03910842033460755
-0.04294966022653518,0.0748891642545037,0.021823441642515668
-0.011804145501050824,0.09228451301969838,0.07140400833790467
-0.035692841745398676,0.03608194653610971,0.10353345736853219
-0.015379464575053082,0.06790630549668078,0.20036026710366975
-0.09860461794747154,0.06896569576391642,-0.1163209957927027
-0.030121453141198278,0.06309667969170256,-0.0034472034445385603
-0.0331572780974426,0.04480649249471694,0.0029160054453699355
-0.05510374278288312,0.05908478478820857,0.10687529958537767
-0.040773756694030695,0.05477232664354124,-0.0017262448254772667
-0.03747228686784157,0.04622324819633781,0.029408272652967023
-0.041235061126648154,0.0594585085781358,0.017601455017716244
-0.041766713196319895,0.04790032296717351,0.041313345031006136
-0.05626545114396119,0.15595846669473556,-0.03732443965150891
-0.035682515612799184,0.14311358350214157,0.0012254455373439232
-0.06580097377880943,0.1379855347781965,-0.003751781570791961
-0.06144991279596368,0.15454914178619927,0.029479623832346938
-0.03279430756793576,0.02284445497737808,0.10855575368444392
-0.013734721807274513,0.021415085787659105,0.2643414943077877
-0.033475940759636474,0.01822618757239295,0.08248926323339707
-0.02089636732263704,-0.0068873656107168325,0.21891018615238297
-0.023640933355678666,0.08700820749536853,0.03851837664626275
-0.0343322978397287,0.04019821767503975,0.15708639749973682
-0.035614428641866404,0.11332447766022269,0.05752368624321615
-0.025098440368191484,0.04920129822131395,0.1296576830352397
-0.23640182312469246,0.405301044074794,-0.13765222638401892
-0.2399464977653738,0.2274538648768681,-0.22411858857423678
-0.17678934183904357,0.43003039788589975,-0.054665995106534436
-0.03888456749103242,0.1510251860478551,-0.05533261902686241
-0.3258471429623869,0.4863381043051817,-0.12148990600738536
-0.37092284197263004,0.2734271938477928,-0.18106283965612074
-0.24852719853049887,0.4477239588552816,-0.12452786163910867
-0.17242192303254553,0.27395889356882064,-0.06408573692343403
-0.2029727736361484,0.06269218288557778,-0.16742223788826874
-0.08076828042635498,0.04032299986685051,-0.02667152954807756
-0.05259230074212391,0.06075326700453304,-0.01530289637251144
-0.10636138237377916,0.0459437673041606,0.03557730811363623
-0.40591712050595674,0.09228116012593512,-0.1601569385993225
-0.14332891685179824,0.04464534065715709,-0.0334448845480074
-0.09672018977440835,0.07913102754516235,-0.013440758887385842
-0.1581458895073366,0.055421429944418114,0.023740196347961342
-0.1335032836353927,0.31450112863201685,-0.03392169104321742
-0.06301429011962988,0.2252835261470068,-0.013405417887657577
-0.11658224383911373,0.17577283833380442,-0.03225629979627825
-0.12315794519213476,0.24180770074773023,0.053075742736295985
-0.18533440251113328,0.4357482587215687,-0.0909931563931908
-0.19137052108389038,0.3139876232288435,-0.019805130143024968
-0.10063180672119758,0.207305202442479,-0.04916838677415242
-0.17620274764515004,0.29511582428222655,0.0744722154433237
-0.03112336849839043,0.12362821802234826,0.020413593172173176
-0.05722624024986394,0.05932077807320487,0.065017528499642
-0.051154132490920726,0.2034810128598576,0.06436671799917563
-0.03191700384435059,0.08981835777899976,0.08481762706322031
-0.05798223597713028,0.13315663523694252,0.01816302574623515
-0.10868247994554762,0.08356831157359537,0.05561355887486338
-0.12588138340267996,0.26435576655699394,0.1056308563786371
-0.05797555968121197,0.11305932642585569,0.07395055270127232
-0.04646993134023587,0.06988472437115874,-0.06653293418669844
-0.06607548768043922,0.03669037017958344,-0.0691551000825767
-0.07956491099481271,0.09992553838305038,-0.07246930905180271
-0.09107904521787832,0.06998584275224908,-0.07449663801801934
-0.06198396603130964,0.05393722621536716,-0.06793073688227158
-0.10721703466778243,-0.008382129038731192,-0.07317615980594033
-0.11516912679953081,0.11101576909007972,-0.07268536078428958
-0.16291323777053102,0.05842583642802744,-0.07656432354170921
-0.07591661088306267,0.0010253662745026346,-0.08388965708052744
-0.07915454590992496,-0.0341924788878471,-0.09583435807299935
-0.05877486301617734,0.029728027402913977,-0.07673939706823803
-0.0314312455894533,-0.017783642775415758,-0.06219154598042803
-0.1599941930921639,-0.06979267574380449,-0.09382094186332805
-0.1941184698260256,-0.12265078311059965,-0.13559243722918124
-0.20140695650487347,-0.008845192657913063,-0.10757451993999816
-0.20780121158808373,-0.0689627666370644,-0.15929818270396703
-0.10216506201641443,0.1257960805922416,-0.0895929183583809
-0.10377288286682657,0.0967613833508133,-0.09019230472086073
-0.10551333665601856,0.12647847274327909,-0.11205721664389706
-0.09145139334415284,0.09886043882032085,-0.09364303502615967
-0.1642108596533246,0.18072802093291424,-0.08603871371827819
-0.21217311094914681,0.1229292898012694,-0.11030747272657057
-0.18705880127599442,0.23979098399961105,-0.13752169819325574
-0.22042628853574822,0.16051339054745078,-0.17023710561740243
-0.044933585215506104,0.06459362206714592,-0.07332690310142338
-0.010972785498231996,0.02071401887097531,-0.03278596014725334
-0.04328314747367792,0.08826454088992215,-0.0536172368665053
-0.00625015029967339,0.06315837513747039,-0.0019972418125855738
-0.1932940560402176,0.06404725077453008,-0.1370374432817085
-0.0387656708003864,-0.0144477769025305,-0.07728160355187409
-0.15062181589064444,0.09880345316845815,-0.1603814877361677
-0.023053813571505134,0.03220206974709556,-0.039407350676936945
-0.019629692295442,0.00950467348842647,-0.18215768402715615
-0.004549354024715463,-0.015286518403318237,-0.035569953775465964
-0.038324556851544095,0.05128539795033968,-0.06484263435222345
-0.08846425460025335,0.03425399986479763,0.0005383681516413595
-0.08706088707707661,0.014550699197349021,-0.32312010684393616
-0.04058934257645387,-0.03174905383080625,-0.13154306856357056
-0.04090599757213857,0.03381689460204992,-0.1331143783975422
-0.06346732854219565,0.0017866103129202796,-0.09621168721404816
-0.20177199593934153,-0.13622144137890535,-0.06379269657836487
-0.2768328530609667,-0.20891039922089835,-0.09197549304246605
-0.2775889836559161,-0.0848675611939016,-0.04098974544758578
-0.37348808089132535,-0.1449232346377,-0.14867016543456502
-0.08524885126789153,-0.05113443423847411,-0.14153276819361543
-0.19662602780364924,-0.1443876303208385,-0.04637250902528407
-0.10047679161639962,-0.02603858744197266,-0.06267848514499653
-0.5540953386517059,-0.1848926255239028,-0.1174267268881922
-0.2114319305861394,0.1785650577420821,-0.04004968664167488
-0.3081527076679229,0.14943346795705093,-0.05906828084862153
-0.26703666566769607,0.2879325512199033,-0.07479086326308666
-0.3689963100047788,0.1976347438507525,-0.1519979574192077
-0.07503917656391278,0.04904677201171001,-0.11960816783586274
-0.10977779470942156,0.03023742622836564,-0.06291792489781142
-0.16821977373060654,0.15087300321670313,-0.0353128680484631
-0.5614704223441559,0.2024657762392186,-0.10992052071511596
-0.33910553856421516,0.057058524420863156,-0.09871820639569535
-0.2187168278734139,-0.0634980743326422,-0.13316640674109284
-0.3842244598218602,0.129068428769303,-0.19665386492971476
-0.06549057900365235,0.018072786173395236,-0.05652840680107409
-0.17265633775480424,0.010884847479527351,-0.03283174588007541
-0.5623698189080626,-0.11816671066830679,-0.14948905396429113
-0.5897631235134969,0.13715164305590513,-0.1645601552087917
-0.11979137719315931,0.006619569230155688,-0.06155324476177319
0.054806779668117936,-0.04650754862027348,-0.10200774619032633
0.018247934787224685,-0.02057878982477915,-0.10729446324035537
0.03372656356829475,-0.047662065368785464,-0.09399778583577216
0.0014498224723727149,-0.048287359427573825,-0.13755271845140263
0.25447260400471455,-0.12286672774464112,-0.13463152192797181
0.0664095303670824,-0.05195799945899696,-0.10774317305506573
0.17207169319818058,-0.09971624313627157,-0.08319210827972376
0.06451222719827955,-0.15496631654040918,-0.1295422095949753
-0.023399720964182406,-0.0015770482760082078,-0.06332188100245587
-0.05256579278974697,0.005137054174299219,-0.01912914456108334
-0.05684439276227105,-0.02547190905007066,-0.13220769775371
-0.08737926279611051,-0.004656269594106913,-0.07544032487229048
-0.0004160875510659765,-0.04873742999562435,-0.06640562083558386
-0.028615847317893274,-0.06523320708053311,-0.04278530431027295
-0.043729644404317876,-0.15116295065147997,-0.1364033237294061
-0.04609994402026001,-0.08398339420664673,-0.076124388898963
0.00447028750184635,-0.021625281378792265,-0.07470117619246161
-0.025585550071650864,-0.045471768076412115,-0.10996163659185906
-0.018895611008770605,0.027448389938324817,-0.0648826737037452
-0.04711410548082349,-0.00804067937287825,-0.0808784674832748
0.06336890991332267,-0.06888369816394826,-0.05940568184603505
-0.013413090214660061,-0.12240012896589911,-0.08414880757203858
-0.015472953048719398,-0.013393381164533672,-0.043647318799734644
-0.0685304895708031,-0.06911380173140784,-0.08487398410471778
-0.07319219384960121,-0.05380991947465792,-0.13370743596308587
-0.10697541723075311,-0.04932519352844097,-0.1224384562252032
-0.07888356393490234,-0.03266531885396121,-0.10161864069845719
-0.09994223567406711,-0.05135873261261726,-0.11307888069940894
-0.09385572138019493,-0.21150788295283468,-0.12733040178379762
-0.13705479683384142,-0.2579640930563033,-0.1800012212172012
-0.12094348744920225,-0.1333837730587222,-0.09867613886377027
-0.16016211724353238,-0.192746973360123,-0.1397621161212094
0.2871545032650091,-0.25002387617510297,-0.03397958006218384
0.11857949410910977,-0.2946550106456361,-0.05415371544401483
0.13372731376087885,-0.06581736262769136,0.010142018693230542
0.035597908206522,-0.17269558031669707,0.010064614473339634
0.07935028954293917,-0.11361451338045361,-0.020559839126085822
0.17164537041998018,-0.3653091742293419,-0.1061532228836561
0.047036618235269015,-0.06367424570013332,-0.07815236426214466
0.020519281902782446,-0.10300750693840229,-0.03657946928054774
0.031153799013522745,-0.2235787114904478,-0.09455578823119437
-0.04509212431710462,-0.166961191389299,-0.0929818165306361
-0.009578868521229293,-0.4147748847531262,-0.0619252175539637
-0.06884316883122076,-0.37807632737617075,-0.057651334043466056
0.10243054370212168,-0.40840062349623946,-0.14692667499617879
-0.04069003658583507,-0.31454284378386094,-0.1631606938750383
-0.013112448559168795,-0.4122988589218903,-0.12509068656714975
-0.1008636932676998,-0.4719166043621695,-0.14792505142952658
0.029406134182300255,0.004757582438161337,-0.11842608795805393
-0.025834306837684198,-0.05593871757269875,0.0015936619475032142
-0.014469514321687879,-0.005844632728023105,-0.1778547997802447
-0.051507883975590425,-0.015370136209835204,-0.12773503507795952
0.014433542373511462,-0.03358410323634326,-0.10037364634258614
-0.004476708253714343,-0.06975019201386505,-0.09197312952762363
-0.05553771041008014,-0.09770626705209978,-0.3413652219472581
-0.03127286989611723,-0.034469485289256016,-0.14510317483956878
-0.10961228482289108,-0.33444781822853714,-0.011524972857619088
-0.14586509063154343,-0.44482272350902974,-0.09362217489899884
-0.1559593613765367,-0.1761875944546112,-0.03773551951782448
-0.20619015708786662,-0.32386738479014465,-0.07275802628999051
-0.031921643746214534,-0.1324216342198958,-0.0393446234703724
-0.1783641457093647,-0.5063379064223399,-0.1802594161123346
-0.039845349253308966,-0.0714583622503135,-0.09220998229715788
-0.11192415066459638,-0.24637297439822328,-0.05616797303875978
